#t    E^kin_scal0    E^grad_scal0    E^kin_scal1    E^grad_scal1    Vpot_term_0    Vpot_term_1    E_tot
0    0.162981978252589    1.3631377889473e-08    2.81364984637908e-07    1.02924041259026e-09    0.325963827740343    2.89525459472252e-07    0.488946391543994
0.5    0.16277104064741    7.75647309010629e-09    2.27321249509314e-08    4.84660679364674e-09    0.147369442318058    8.38802274634472e-07    0.310141357102948
1    0.141880894289196    4.6201802630333e-09    1.3826371196191e-07    1.02099196773608e-09    0.0373445161153304    7.41316743898062e-08    0.179225628441085
1.5    0.10027972036294    3.03293691858917e-09    6.25670812682664e-09    8.9127506225237e-09    0.000371129057715762    6.95708356158185e-09    0.100650874580134
2    0.0499820890720058    2.18942534701906e-09    3.58757186915786e-08    1.09339360765672e-09    0.0136566284559974    4.08163163404045e-08    0.0636387975028571
2.49999999999999    0.0117314709391534    1.65227339650951e-09    6.97719463670096e-08    3.37734206613424e-10    0.03986339287315    3.65050852188885e-08    0.0515949720793426
2.99999999999998    6.2290311620003e-05    1.27643538348688e-09    6.81628761306055e-08    1.6924400892307e-10    0.0501415988769032    2.90946941376379e-08    0.0502039878917729
3.49999999999997    0.0103978868459598    9.92329362976058e-10    2.63363744491604e-08    2.60974386639368e-10    0.0382435059512466    4.68237709609164e-08    0.0486414672106556
3.99999999999996    0.0252403152336971    7.7416220184688e-10    1.30902895829349e-08    3.12877262435735e-10    0.0167006147947631    2.66289372159035e-08    0.0419409708347265
4.49999999999995    0.0303354119272596    6.17641540164176e-10    5.62148223208642e-09    7.1574864843459e-10    0.00197925540584878    6.08783756574303e-09    0.0323146803758183
4.99999999999994    0.0228627558491766    5.07562902659191e-10    1.09312170519167e-08    3.84176257334077e-10    0.00146601589965961    3.69032823582977e-09    0.0243287872621207
5.49999999999993    0.00977459827284996    4.26914991950386e-10    1.64892121484618e-08    1.90006789655793e-10    0.0103364202306579    1.4097360566185e-08    0.0201110497070024
5.99999999999992    0.000951835916604565    3.62239000721993e-10    1.58706724941215e-08    2.15467711333209e-10    0.018026614791156    1.94363684318864e-08    0.0189784865925082
6.49999999999991    0.00132499181565187    3.07526741558195e-10    8.78373843722573e-09    1.69425992314225e-10    0.0175599920083444    2.25113512777667e-08    0.0188850155960387
6.9999999999999    0.00773736833254361    2.62269793508143e-10    1.53353896099509e-08    8.32331051335301e-11    0.0101336348390214    5.49204203070979e-09    0.0178710243444995
7.49999999999988    0.013060932551681    2.25203545455568e-10    6.42238151108421e-09    2.01630703078285e-10    0.00240508258324368    2.84252593058667e-09    0.0154660248266664
7.99999999999987    0.0126410886262188    1.97687142145573e-10    1.03617650355873e-09    1.36554801655537e-09    7.7046074065591e-05    9.2958310457944e-10    0.0127181382292791
8.49999999999986    0.0073029203932161    1.72515807901671e-10    8.81719277875328e-09    3.15970886323697e-10    0.00349774695531911    9.79929731162609e-09    0.010800686453512
8.99999999999985    0.00170811063026145    1.53421162975923e-10    5.96742347935967e-09    2.36798755929483e-10    0.00833083814499087    2.1181963013295e-08    0.0100389763148587
9.49999999999984    7.46690788181478e-05    1.36416452458056e-10    6.46593553280609e-09    1.56454227391339e-10    0.00988187608038691    2.08701692769156e-08    0.00995657278818055
9.99999999999983    0.00275409315409698    1.21895316808444e-10    5.19060018043539e-09    1.56735525089283e-10    0.0070036868962017    1.57749409748198e-08    0.00975780129447068
10.4999999999998    0.00650170875553428    1.08102602417926e-10    6.07367850815616e-09    2.09634469519413e-10    0.00246644418100612    5.63745894935324e-09    0.00896816496541493
10.9999999999998    0.00774786223096881    9.70128870438117e-11    1.62398895425962e-09    3.22155154277373e-10    4.366604517283e-05    2.19158986069593e-10    0.00779153053845762
11.4999999999998    0.00555981910812254    8.81431621567448e-11    6.329802827339e-09    1.2547500010551e-10    0.0012139431954504    1.67026345808244e-09    0.00677377051725739
11.9999999999998    0.00200015891089977    7.97650890208775e-11    1.03982233219392e-08    5.77428999291386e-11    0.00424795251673618    3.88445404171117e-09    0.0062481258478213
12.4999999999998    4.10622225690614e-05    7.29748129375062e-11    9.32112315183616e-09    6.36239389138523e-11    0.00609894858526874    6.5335305637759e-09    0.00614002679909027
12.9999999999998    0.000954480956770764    6.63787592802146e-11    9.92857420519416e-09    4.10008211938555e-11    0.00514774219133604    3.61511711878203e-09    0.00610223679917771
13.4999999999998    0.00342470399258926    6.0574047278352e-11    5.42440653649977e-09    1.18410352902554e-10    0.00238830095371166    3.36355835131918e-09    0.0058130139132502
13.9999999999997    0.00499802469744903    5.54143612537442e-11    2.39348991042481e-09    1.59285712218362e-10    0.000251673956500358    5.45064003281162e-10    0.00524970180720338
14.4999999999997    0.0043021910390686    5.10186595498907e-11    1.78817671544026e-09    8.10127929386416e-10    0.000357622683495985    5.80142611016818e-09    0.004659822173314
14.9999999999997    0.00205946143381532    4.71025903626526e-11    2.23325752947379e-09    3.55351440988486e-10    0.00222589848785735    1.46804701969381e-08    0.00428537723785443
15.4999999999997    0.000242925502081242    4.36777311147312e-11    3.08752604791941e-09    2.43279255073133e-10    0.00392593205345765    1.84826640331978e-08    0.00416887941268596
15.9999999999997    0.000264830277432147    4.03964005656769e-11    1.48463400358735e-08    4.59032452718324e-11    0.00389446851133913    5.53640265943138e-09    0.00415931925781362
16.4999999999998    0.00181084319152475    3.74074407024461e-11    1.03782453156925e-08    5.70337805936242e-11    0.00224099500690223    4.14423036527608e-09    0.00405185281534388
16.9999999999999    0.0032916890019401    3.47271333390436e-11    3.26182098755192e-09    1.76292082181599e-10    0.0004754377441841    2.72548942962921e-09    0.00376713294445383
17.4999999999999    0.00334988400764172    3.23147738872119e-11    1.06512819277927e-09    1.73658860373784e-09    5.80303701413011e-05    2.26737763675093e-09    0.00340791947919223
18    0.00199533783879386    3.02145273386657e-11    1.92034420058553e-09    7.63953651923608e-10    0.0011401160808904    2.27496510717559e-08    0.00313547938384772
18.5000000000001    0.000461804525758081    2.83698696236588e-11    2.56917617617607e-08    1.05995341434165e-10    0.00256026000593118    1.04667566425149e-08    0.00302210082457288
19.0000000000002    3.27418584868825e-05    2.65646251156124e-11    1.44371323588454e-08    2.24433248633907e-10    0.00297741498212625    2.22371077557965e-08    0.00301019376585112
19.5000000000002    0.000918652686489585    2.48042185380034e-11    4.20395392012949e-09    4.50448294560847e-10    0.00205425173528348    2.48286986079322e-08    0.0029729339296781
20.0000000000003    0.00216742138331677    2.32643417586392e-11    4.11355284907072e-09    6.83192522686059e-10    0.00065922386314739    1.19498860554272e-08    0.00282666201635993
20.5000000000004    0.00260181325303445    2.17899494332442e-11    4.78215103349085e-09    1.61739572991067e-09    5.78002113402804e-07    2.28597276941469e-11    0.00260239769934429
21.0000000000005    0.00186091936053178    2.06365912774149e-11    3.71032335765495e-08    1.6358329581681e-10    0.000541026317985556    3.76140023684598e-09    0.00240198672737103
21.5000000000006    0.000640993521463036    1.98514235507631e-11    2.20191350301935e-08    7.76607347938588e-10    0.00165648585437808    4.17498566033138e-08    0.00229754394129152
22.0000000000006    4.74203683322149e-06    1.89321895618778e-11    5.96740773476521e-08    1.82924938862903e-10    0.00227287326671596    1.06788191188911e-08    0.00227768585830277
22.5000000000007    0.000422137560618889    1.75195878962661e-11    7.24415555962719e-09    8.78986788282523e-10    0.00184450251425134    5.28465008994031e-08    0.00226670106203306
23.0000000000008    0.00140201752019493    1.6452475554853e-11    2.86909042896778e-09    1.31748749047081e-09    0.000790641850354084    3.41200020947031e-08    0.0021926976935815
23.5000000000009    0.00200084516027027    1.55634203942903e-11    1.6601767661233e-09    3.05700312760713e-09    5.08084369728053e-05    5.3503090145706e-09    0.00205166368029541
24.000000000001    0.0016857137195683    1.46999478397941e-11    9.68911831604465e-09    1.04154233334456e-09    0.000218110046099886    1.35200820381309e-08    0.00190384803111082
24.500000000001    0.000767571636032196    1.41394198778015e-11    3.65598010376012e-08    1.43066524085846e-10    0.00104331351039385    7.51332565246589e-09    0.00181092937675868
25.0000000000011    6.7270004831714e-05    1.38097168900856e-11    4.4202225355144e-08    1.16289854649723e-10    0.00171674501171041    9.67809360995601e-09    0.00178406902696066
25.5000000000012    0.000157923026460136    1.30716081793617e-11    2.94152701381997e-08    3.44926804515289e-10    0.0016230560605244    2.11173991592978e-08    0.00178102997765225
26.0000000000013    0.000874842547950856    1.22238797123467e-11    2.64675978946657e-08    3.07314444252029e-10    0.000870504232559542    9.86365763137524e-09    0.00174538343130425
26.5000000000013    0.00151310246842969    1.14621130562414e-11    9.48866525856165e-09    1.11368113993983e-09    0.000144218630858074    6.7752684985179e-09    0.00165733848836477
27.0000000000014    0.0014883675792228    1.09233907127053e-11    2.34971452146365e-09    2.27139705165028e-09    6.04027941466689e-05    1.21183965371379e-08    0.00154878712380097
27.5000000000015    0.000842323730713268    1.07441653478985e-11    2.66387179692729e-08    7.96548213830726e-10    0.000625845268388341    3.92662318363829e-08    0.00146823571134379
28.0000000000016    0.000164160834578916    1.15037145383356e-11    8.72496336076639e-08    9.21582933276874e-11    0.00127252902434696    1.05418047505882e-08    0.00143678775402624
28.5000000000017    3.54303192304293e-05    1.20028729554781e-11    8.59134182337304e-08    8.94626756534492e-11    0.0013985361378017    1.24922441854957e-08    0.0014340649641601
29.0000000000017    0.000514443645380266    1.12468287948887e-11    3.93410789308922e-08    2.2211566179611e-10    0.000903915294303074    3.52970312415612e-08    0.001418433811156
29.5000000000018    0.00111724358125186    9.97824744605999e-12    3.72985355315264e-08    3.61096270280584e-10    0.000247347008116991    3.97992311402889e-09    0.00136463223890201
30.0000000000019    0.00128193673494819    8.78882078000832e-12    9.24692712425089e-09    3.01608095903142e-09    3.80844244715633e-06    1.75934862547497e-09    0.00128575920854087
30.500000000002    0.000870645062713387    8.92683945824307e-12    1.4281685175377e-07    4.35998121305124e-10    0.000346638472197296    3.64296006705098e-08    0.00121746322628807
31.000000000002    0.000265772547972643    1.67960921442174e-11    1.67397124416475e-07    6.11821305540841e-10    0.000917816193110489    7.98910447518639e-08    0.0011838366578697
31.5000000000021    1.92130515805941e-07    3.01152181307352e-11    2.646421238815e-07    9.82117684626291e-11    0.0011780957956843    1.47494377259869e-08    0.0011785674460887
32.0000000000022    0.000274994758186732    3.61869906506288e-11    7.63145614681525e-08    6.69171548832396e-10    0.000897496302684191    1.54583151474318e-07    0.0011727226639424
32.5000000000021    0.000798833186979468    3.08710097105131e-11    1.41884538865521e-07    2.62042701919867e-10    0.000342063010012116    5.16163397947369e-09    0.00114104353607814
33.000000000002    0.00107628388822708    1.96018451311201e-11    3.33548083929181e-09    2.8567860224235e-09    8.39272564072299e-06    6.71014087949648e-09    0.00108468953587739
33.5000000000019    0.000859837392276408    9.6867903409289e-12    4.25248024976194e-08    1.73152782570945e-09    0.000168021762931792    8.78685967083246e-08    0.00102799128982202
34.0000000000018    0.000356177500683816    1.45178100422948e-11    7.96260110538974e-08    7.58697096406871e-10    0.000637788835546907    1.45191097528299e-07    0.000994191926554211
34.5000000000017    1.72664195285438e-05    4.07122799600766e-11    1.47139490326113e-07    4.14204663792611e-10    0.000968182133161878    1.10216834739674e-07    0.000985706363932431
35.0000000000016    0.000124767403151527    6.43969253228943e-11    1.91834537248076e-07    2.0150992715292e-10    0.00085891034818795    4.37462707828853e-08    0.00098391359805436
35.5000000000015    0.000547104102289993    6.33933276422315e-11    1.05159759819035e-07    5.99260001724718e-10    0.000419034741104524    6.83443298222161e-08    0.000966313010137487
36.0000000000014    0.000879006471655682    4.25304203748099e-11    6.81164497386383e-08    3.13388604134275e-10    4.79076318201515e-05    1.49037780087088e-09    0.000926984066222398
36.5000000000013    0.000817593367455949    1.85323706620968e-11    2.76389028594034e-08    5.59868841442485e-09    6.31770259327512e-05    1.07630969034843e-07    0.00088091128048138
37.0000000000012    0.000427048697550737    3.86234137883453e-11    4.51579672561524e-07    6.40401843232453e-10    0.000420896876435555    5.64066854275141e-08    0.000848454239369538
37.5000000000011    6.31736780856873e-05    1.57449807252052e-10    3.81424749534355e-08    2.53667179884628e-09    0.000773205738430975    6.4757112254206e-07    0.000837067824235764
38.000000000001    4.06194104579541e-05    3.06436760180597e-10    6.60870581317056e-07    9.65411522682848e-11    0.000794851865609913    2.49051918375833e-08    0.000836157454818935
38.5000000000009    0.000353443862659341    3.51863568133155e-10    1.96807524254432e-07    2.34933449481728e-09    0.000473207241742772    3.42836552688372e-07    0.000827193449677118
39.0000000000008    0.000696046909740878    2.68849420500747e-10    2.367508536957e-07    2.72793108749206e-09    0.000104224359921379    7.37468343911491e-08    0.000800584764130852
39.5000000000007    0.000751373278608359    1.19545972619769e-10    7.59594696180578e-08    1.6139993649837e-08    1.24472552019564e-05    8.6173994584192e-08    0.00076399892681414
40.0000000000006    0.000473701482780311    1.00934531541416e-10    1.37094677950865e-06    2.93127289127027e-09    0.000258517686206501    3.97431002172912e-07    0.000733990578975916
40.5000000000005    0.000121036713733144    1.04841560602449e-09    2.28697585574326e-06    3.32586694510121e-10    0.000597027868421253    8.70770259370961e-08    0.000720440016038377
41.0000000000004    4.72646773775841e-06    2.89926890883924e-09    6.66843097172075e-07    5.64759891112784e-09    0.000711545436808005    1.82107013912835e-06    0.000718768364649884
41.5000000000003    0.000211015775209665    4.34370940359075e-09    4.14159220107749e-07    5.96594499300334e-09    0.000501743792001681    1.54895433648269e-06    0.000714732990422333
42.0000000000002    0.000532784672825871    4.18664428540892e-09    7.55623800530728e-08    1.07111279985891e-08    0.00016361584164824    9.06271972423653e-07    0.000697397246598872
42.5000000000001    0.00066841557261617    2.74077891380435e-09    5.25688029840504e-07    5.52652325191119e-09    9.72898363692661e-08    1.18735604714812e-10    0.00066904693652015
43    0.000496169318489578    7.28306952696353e-10    6.17605491736906e-08    3.03914386157526e-08    0.000143946486211583    1.98195095611481e-06    0.000642190635952018
43.4999999999999    0.00017905321552216    1.8115148550232e-09    2.41054884809871e-07    1.67253062053809e-08    0.000444807079640027    3.27527006850895e-06    0.000627395156936567
43.9999999999998    2.08118237875165e-06    7.83785715016399e-09    9.6685765201848e-07    1.04938730345695e-08    0.000618060668280053    3.21426082899506e-06    0.000624341300870003
44.4999999999997    0.000112336076599462    1.40487669214356e-08    3.47651320559271e-06    9.48171805437301e-10    0.000506741871059714    1.89506991887361e-07    0.000622758964795383
44.9999999999996    0.000392338601660332    1.47095014842342e-08    2.21937695804394e-06    1.81566569309918e-09    0.000217294351144382    1.10514041872382e-07    0.000611979368971808
45.4999999999995    0.000577228407183758    9.22604040134375e-09    3.79730153906102e-07    5.0068845684047e-08    1.26171199860994e-05    2.84527718292467e-07    0.000590569079928141
45.9999999999994    0.000494851380837911    2.55653759736414e-09    4.04634715270026e-08    9.03886390645417e-08    6.85445493619265e-05    3.70635525655276e-06    0.000567235694104579
46.4999999999993    0.000227065189052165    1.07603129673041e-08    6.38699373373335e-06    1.38435126432855e-08    0.000316276499856381    2.30287438689446e-06    0.000552056160854785
46.9999999999992    1.94228546873519e-05    5.48889028259111e-08    5.22335087760681e-06    2.07481412375528e-08    0.000516809910786464    5.93718173764045e-06    0.000547468935133126
47.4999999999991    5.12357072586577e-05    1.1169229084461e-07    7.90425694270315e-07    3.5644925272173e-08    0.000484732507161845    9.81535260144304e-06    0.000546721329932333
47.999999999999    0.000278967495379283    1.36004856035633e-07    1.24640382215548e-06    4.50578591760162e-08    0.000253567745192729    6.23516363242248e-06    0.000540197870741801
48.4999999999989    0.000484183437960707    1.12137523846869e-07    3.03169590670276e-06    6.62177071194149e-08    3.66108812206008e-05    3.36599493170495e-07    0.000524340969812147
48.9999999999988    0.000472480283049786    4.94130986344433e-08    1.8116255039139e-06    2.42661160467895e-07    2.69487551048396e-05    3.05564053281831e-06    0.00050458837845046
49.4999999999987    0.000249761243748083    2.90683857093392e-08    1.85990845438234e-05    3.4529067350734e-08    0.000217065270459337    4.63778869766574e-06    0.000490126984901969
49.9999999999986    4.03101254132082e-05    2.01305901409257e-07    1.84202994978081e-05    4.66765163027516e-08    0.000415187162835475    1.02769990877723e-05    0.000484442569251975
50.4999999999985    2.24034506980708e-05    5.02348642178108e-07    2.20976729152069e-05    4.48097961269039e-08    0.000433225428990142    5.13617972103939e-06    0.000483409890762764
50.9999999999984    0.00020168833009767    6.75846073221984e-07    1.24665860171023e-05    1.23968177934398e-07    0.000257648512550846    6.52284884689463e-06    0.000479126091763669
51.4999999999983    0.000402013191736568    5.69060422875556e-07    5.07816870332296e-06    3.12305339692322e-07    5.46941712303306e-05    4.44731336602147e-06    0.000467114210798811
51.9999999999982    0.000428377485673916    2.52696881390541e-07    2.62287747500739e-06    1.0209774486622e-06    1.13498828040846e-05    7.11551522544085e-06    0.000450739435508502
52.4999999999981    0.000241710562153273    3.91821261079308e-07    2.9767003386975e-05    4.23658182063893e-07    0.000151925537049423    1.37140619091977e-05    0.000437932643942012
52.999999999998    5.63037676632879e-05    2.7321439195396e-06    6.3298895371472e-06    7.71677376187254e-07    0.000324893004661885    4.07041556348987e-05    0.000431734638792946
53.4999999999979    2.13154064501932e-05    6.82706379512806e-06    2.02991054019282e-05    8.25380168581562e-07    0.000361184445668651    1.953269212486e-05    0.000429984093609342
53.9999999999978    0.000160949125837636    8.4925578522117e-06    1.36211258651561e-05    2.46257436385851e-06    0.000232232156746535    8.58629981492754e-06    0.000426343840480325
54.4999999999977    0.000325951510563646    6.04249310827334e-06    6.86384739593257e-06    5.97827207965059e-06    6.47895133864847e-05    7.30420285213918e-06    0.000416929839386127
54.9999999999976    0.000362778731457405    3.39831102994315e-06    7.02954012582868e-06    6.75462033369086e-06    1.32394710581796e-05    1.077633138482e-05    0.000403977005389867
55.4999999999975    0.000234109089773639    8.47221934955192e-06    2.44427836404787e-05    2.91122996226271e-06    0.000114113470382718    8.68799207459373e-06    0.000392736785183244
55.9999999999974    7.72238121562551e-05    1.47126639647522e-05    1.57198012890805e-05    3.35307548585687e-06    0.000259995075908457    1.5633553342127e-05    0.000386637982146529
56.4999999999973    2.82847732657708e-05    1.85896096853165e-05    1.44755308224399e-05    4.61238740073665e-06    0.000308463682816594    1.00061785020638e-05    0.000384432162492921
56.9999999999972    0.000125479193010968    1.65358666993664e-05    9.02915689309096e-06    6.10722336264394e-06    0.000215999704747391    8.36669473877121e-06    0.000381517839452231
57.4999999999971    0.000272088081187356    9.73211127307788e-06    9.73292565001437e-06    5.71498700630983e-06    7.29573187199685e-05    3.9724791518648e-06    0.000374197902988591
57.999999999997    0.000318525266246841    6.92158312958477e-06    1.04436721428075e-05    5.58556977995404e-06    1.57738521812325e-05    6.22405552711852e-06    0.000363473999007538
58.4999999999969    0.000223674507064917    1.15232759154024e-05    1.47694537539502e-05    4.98166600158029e-06    9.08762916875982e-05    7.89970024566443e-06    0.000353724894669112
58.9999999999968    8.39039524194537e-05    1.88581687114471e-05    1.5752377739919e-05    4.96645043728909e-06    0.000216659936674956    7.92557797960515e-06    0.00034806646396267
59.4999999999967    2.88570246078909e-05    2.18478612599058e-05    1.31009411353882e-05    5.81025857225637e-06    0.000268273778055803    7.96998035405035e-06    0.000345859843985294
59.9999999999966    0.000105145317560037    1.78800085290713e-05    1.10582887852625e-05    6.03469509562173e-06    0.000196902374786455    6.32607494240519e-06    0.000343346759698853
60.4999999999965    0.000233323880587372    1.04652613032002e-05    1.00821673853897e-05    5.82372294029804e-06    7.39713428502465e-05    3.67266867039631e-06    0.000337339043736902
60.9999999999964    0.00028273668137883    7.73432204654734e-06    9.32101302018019e-06    6.21469939492689e-06    1.84062911255187e-05    3.97349890595163e-06    0.000328386505871955
61.4999999999963    0.00020527040884997    1.21091103340212e-05    1.13924585900513e-05    5.93459096237317e-06    7.79743671797986e-05    7.34842182906813e-06    0.000320029357745282
61.9999999999962    8.24958695875441e-05    1.88505242510191e-05    1.56443890681228e-05    4.86006831787671e-06    0.000186042561212975    7.10530512368772e-06    0.000314998717561225
62.4999999999961    3.13602739665186e-05    2.07350334553825e-05    1.37691739475092e-05    4.9760841482936e-06    0.000233828486740218    8.16990036998233e-06    0.000312838952627905
62.999999999996    9.44966996349632e-05    1.6242667477679e-05    1.16652466208363e-05    5.42994253383613e-06    0.00017613145971229    6.55303628186578e-06    0.000310519052261471
63.4999999999959    0.000203449645625376    1.04453624855103e-05    9.76342118791579e-06    5.96760740293596e-06    7.18116729719244e-05    3.99964327840005e-06    0.000305437352952062
63.9999999999958    0.00024860397398776    8.49636467231737e-06    8.73557293286453e-06    6.42301341785432e-06    2.19083823345095e-05    3.77493865964115e-06    0.000297942246004947
64.4999999999961    0.000185378188412703    1.17341078939177e-05    1.06663113131421e-05    6.11466579263441e-06    6.97320057012767e-05    7.1982559898062e-06    0.00029082353510348
64.9999999999963    8.02625756718006e-05    1.69832693134182e-05    1.54767155707893e-05    4.94370269176771e-06    0.000161134739065993    7.56705544398525e-06    0.000286368057757755
65.4999999999966    3.45041636586742e-05    1.85763181299646e-05    1.42818105282423e-05    4.79643808027783e-06    0.000203540156719437    8.55793490570668e-06    0.000284256822022303
65.9999999999969    8.61466388730037e-05    1.50281240278049e-05    1.24382170346532e-05    5.22943900444874e-06    0.000156569716999752    6.67941350875529e-06    0.000282091549448418
66.4999999999971    0.000178672242464706    1.03445122601651e-05    1.01340409772102e-05    5.88793899850753e-06    6.83251328375334e-05    4.36555360852577e-06    0.000277729421146648
66.9999999999974    0.000218603065193319    8.52960956541738e-06    9.24599637935836e-06    6.35888246137189e-06    2.44468556729133e-05    4.21104920993064e-06    0.00027139545848231
67.4999999999976    0.00016657424779422    1.08431274856329e-05    1.1166534623753e-05    6.10191930254134e-06    6.32725158891053e-05    7.35076337639296e-06    0.000265309108471645
67.9999999999979    7.67718890892512e-05    1.52010261165234e-05    1.52892749331572e-05    5.14366713732559e-06    0.00014044543023245    8.51266547792051e-06    0.000261363952986628
68.4999999999981    3.66433238954504e-05    1.69518344573826e-05    1.48870034458127e-05    4.94047838985926e-06    0.000177159547428937    8.75517083585896e-06    0.000259337358453301
68.9999999999984    7.97208464626449e-05    1.4240595723289e-05    1.28374486860542e-05    5.41880205461966e-06    0.000138139239333447    6.94232396359016e-06    0.000257299256223645
69.4999999999986    0.000158553048943054    1.01163493843151e-05    1.05653645270371e-05    6.01500952754695e-06    6.34212307327404e-05    4.82656990967399e-06    0.000253497573024367
69.9999999999989    0.000192776658216654    8.35776619280377e-06    9.97876137162719e-06    6.38604969140908e-06    2.58543099214487e-05    4.73393906275431e-06    0.000248087484456697
70.4999999999992    0.000148213105958622    1.03289308953082e-05    1.20633588290726e-05    6.12173892584066e-06    5.8345328425687e-05    7.80146912849054e-06    0.000242873932163022
70.9999999999994    7.1856462252524e-05    1.41938948365799e-05    1.58969550930358e-05    5.2834567330898e-06    0.000123207872775206    8.95503553100025e-06    0.000239393677221436
71.4999999999997    3.8263004372703e-05    1.59880686017629e-05    1.54806992706682e-05    5.1759278437774e-06    0.000153648803444515    8.90844833794128e-06    0.000237464951871368
71.9999999999999    7.54109933544346e-05    1.38020315629634e-05    1.32611809848867e-05    5.73535245821649e-06    0.000120187748757387    7.12030925314226e-06    0.00023551761637103
72.5000000000002    0.000142252238828547    1.00414511183173e-05    1.09787979778817e-05    6.39278618497919e-06    5.72608356925009e-05    5.21630381537073e-06    0.000232142413617597
73.0000000000004    0.000169930826266863    8.32138410234937e-06    1.06132707773062e-05    6.67756886275321e-06    2.65475746645869e-05    5.3930643637495e-06    0.000227483689037608
73.5000000000007    0.000130394003480684    1.01967923242567e-05    1.30688415686626e-05    6.2939218939796e-06    5.48134079597641e-05    8.25306496697348e-06    0.00022302003219432
74.000000000001    6.57617203414391e-05    1.39613910687168e-05    1.66405037581733e-05    5.53160325645714e-06    0.000108853782178329    9.22223918243885e-06    0.000219971239785554
74.5000000000012    3.95342263551917e-05    1.57376662634712e-05    1.6025806980415e-05    5.53843021202314e-06    0.000132377828486441    8.93405731869889e-06    0.000218148015616241
75.0000000000015    7.30928601677336e-05    1.36585040859199e-05    1.370764299998e-05    6.15045122647685e-06    0.000102434870441607    7.21428721596702e-06    0.000216258616137684
75.5000000000017    0.000129182380596929    1.00841683553417e-05    1.15688594503343e-05    6.80564624710274e-06    5.00120426336329e-05    5.54490391268154e-06    0.000213198001196022
76.000000000002    0.000149375874755377    8.54635485205495e-06    1.1353539685115e-05    7.0473135123008e-06    2.68261194114799e-05    6.00352808145175e-06    0.000209152730297779
76.5000000000022    0.000112905032033233    1.05241524986373e-05    1.40416664417485e-05    6.59435854228556e-06    5.26726005116072e-05    8.60445471809531e-06    0.000205342264745607
77.0000000000025    5.90063558543042e-05    1.41945244678528e-05    1.72023209921591e-05    5.9111987706909e-06    9.70517580107334e-05    9.32984748952052e-06    0.000202696005585261
77.5000000000027    4.07921033944949e-05    1.56522523967025e-05    1.63534751006101e-05    6.01947516159519e-06    0.000113195708478246    8.97011411309393e-06    0.000200983128644743
78.000000000003    7.23385122864625e-05    1.34244458285399e-05    1.41028170369377e-05    6.65907472175952e-06    8.52862506748112e-05    7.31926059459649e-06    0.000199130361143107
78.5000000000033    0.000118544888473487    1.0038978225881e-05    1.22371148115011e-05    7.23752741855798e-06    4.23605089913685e-05    5.89079339345535e-06    0.000196309811314251
79.0000000000035    0.000130479519183483    8.88493704839049e-06    1.23708143752146e-05    7.36179124696774e-06    2.70243157096008e-05    6.65154667006496e-06    0.000192772924233722
79.5000000000038    9.5744840320024e-05    1.11399271284829e-05    1.53101552525027e-05    6.86976604573936e-06    5.15294421382276e-05    8.93915352118905e-06    0.000189533284406166
80.000000000004    5.19587860757211e-05    1.46109201332034e-05    1.78478329876676e-05    6.37096199455027e-06    8.68813677874478e-05    9.58514705799132e-06    0.000187255016036582
80.5000000000043    4.24554144453183e-05    1.554138025435e-05    1.676918879912e-05    6.60563374484485e-06    9.52609285031846e-05    9.01038229495023e-06    0.000185642928041768
81.0000000000045    7.30046918592007e-05    1.30373219529791e-05    1.45230927311213e-05    7.24398467234046e-06    6.86063598779517e-05    7.38499715382207e-06    0.000183800448247415
81.5000000000048    0.000109351694628788    9.91936667917028e-06    1.29203287979148e-05    7.75893901464158e-06    3.49094998870636e-05    6.30633677700225e-06    0.00018116616578458
82.000000000005    0.000112233596312687    9.37431766991795e-06    1.35882687320861e-05    7.75194102447673e-06    2.77113058154468e-05    7.41411792533264e-06    0.000178073547479948
82.5000000000053    7.89862312046145e-05    1.20396805067913e-05    1.6620916467878e-05    7.2154836429265e-06    5.11263354167651e-05    9.35777846270254e-06    0.000175346425701678
83.0000000000056    4.58107061416747e-05    1.51402860641722e-05    1.84270594478658e-05    6.85726134009585e-06    7.74166325938251e-05    9.74132873817893e-06    0.000173393274325813
83.5000000000058    4.53062703453856e-05    1.52445032773996e-05    1.71045758291225e-05    7.20486058271586e-06    7.80792640914674e-05    8.9106109497624e-06    0.000171850085075853
84.0000000000061    7.43197774842601e-05    1.24186699700936e-05    1.49935199868938e-05    7.87842098869014e-06    5.30469516626582e-05    7.34151356719511e-06    0.000169998853659791
84.5000000000063    9.99169612811377e-05    9.83830358818262e-06    1.37498732218759e-05    8.34617115546093e-06    2.88233741337859e-05    6.8583929769738e-06    0.000167533076357417
85.0000000000066    9.40389936149667e-05    1.01823301285775e-05    1.49503337484172e-05    8.22804389323598e-06    2.92476626751622e-05    8.20267603040259e-06    0.000164850040090762
85.5000000000068    6.36086884170491e-05    1.30997280906707e-05    1.80150537012265e-05    7.67410341741001e-06    5.06026184287117e-05    9.57781744869755e-06    0.000162578009503766
86.0000000000071    4.185497038013e-05    1.54002930672565e-05    1.89342695652758e-05    7.48944793892662e-06    6.75544337571078e-05    9.65243341307686e-06    0.000160885848121774
86.5000000000073    4.9328625231158e-05    1.45084910553187e-05    1.73313078857573e-05    7.96676281543281e-06    6.15760643456642e-05    8.6605065744976e-06    0.000159371757907829
87.0000000000076    7.47941069925502e-05    1.16192427444108e-05    1.53754190977641e-05    8.61715193390768e-06    3.96644282566398e-05    7.44377338075835e-06    0.000157514122406031
87.5000000000079    8.89158259706188e-05    9.96318409009623e-06    1.48394477899455e-05    8.9004481576884e-06    2.50532013045771e-05    7.56078526594829e-06    0.000155232892578874
88.0000000000081    7.61515532061294e-05    1.11517695308159e-05    1.66753008714178e-05    8.60841740992217e-06    3.13423930999336e-05    9.01271513964513e-06    0.000152942149257864
88.5000000000084    5.13581569614965e-05    1.38567637567648e-05    1.92227150186408e-05    8.11519181357938e-06    4.87658427601832e-05    9.73127563315987e-06    0.000151049945943824
89.0000000000086    4.10499450935244e-05    1.50530380554921e-05    1.90866211197259e-05    8.1516054854458e-06    5.67175926888395e-05    9.47934138570058e-06    0.000149538143828728
89.5000000000089    5.35297049838646e-05    1.342093091822e-05    1.73597705120483e-05    8.70419553353453e-06    4.65762693098244e-05    8.43108857917896e-06    0.000148021959836671
90.0000000000091    7.25886002519516e-05    1.09078869630359e-05    1.5905739255874e-05    9.25316019654696e-06    2.97777079539171e-05    7.757279029605e-06    0.000146190373650931
90.5000000000094    7.60718982129111e-05    1.03041484722224e-05    1.63126733833921e-05    9.3130066728336e-06    2.38502771564634e-05    8.27943083693604e-06    0.000144131434734759
91.0000000000096    6.0353489331155e-05    1.21111563896549e-05    1.82383177981717e-05    8.96807362571334e-06    3.30404785333083e-05    9.48723826671587e-06    0.000142198753944719
91.5000000000099    4.34345945223611e-05    1.41474010891312e-05    1.97157724518139e-05    8.68435958635602e-06    4.48490920876335e-05    9.77031358921865e-06    0.000140601533326514
92.0000000000102    4.27821724281943e-05    1.40431595553644e-05    1.90778521996252e-05    8.86338393219621e-06    4.52987975894316e-05    9.12716992909618e-06    0.000139192535633908
92.5000000000104    5.61501393301614e-05    1.2053819030724e-05    1.75610976470856e-05    9.36027585900123e-06    3.41882392902218e-05    8.35748551424369e-06    0.000137671056671438
93.0000000000107    6.68848318181332e-05    1.04894645273816e-05    1.67836871608952e-05    9.72112755153932e-06    2.37764861252637e-05    8.26366875995173e-06    0.000135919265943165
93.5000000000109    6.25113836162989e-05    1.09065731470084e-05    1.77640658177355e-05    9.63312594729161e-06    2.42966215533997e-05    8.99814930442479e-06    0.000134109919386159
94.0000000000112    4.83051662728797e-05    1.265745118033e-05    1.94825146828518e-05    9.31393142164756e-06    3.30486980911862e-05    9.6757154477506e-06    0.000132483477096646
94.5000000000114    3.99995950595489e-05    1.3655528871726e-05    1.99928950601718e-05    9.23413642666547e-06    3.86576868087938e-05    9.54181462384464e-06    0.000131081656850751
95.0000000000117    4.51575987190972e-05    1.26759218642452e-05    1.89159504859467e-05    9.53378902611341e-06    3.44751083300401e-05    8.96439107722694e-06    0.00012972275950267
95.500000000012    5.55622704465489e-05    1.09385282523557e-05    1.79101713939896e-05    9.91190474614339e-06    2.53664323251002e-05    8.53669903767134e-06    0.000128226006201809
96.0000000000122    5.83257390494279e-05    1.03733720778405e-05    1.79266394768882e-05    1.0063301916908e-05    2.10545193640895e-05    8.86685625093068e-06    0.000126610428136085
96.5000000000125    5.03200839864221e-05    1.1330812352221e-05    1.91575312297804e-05    9.93102091132659e-06    2.4847998653959e-05    9.46068955286393e-06    0.000125048136686573
97.0000000000127    4.07422562949134e-05    1.25113504119717e-05    2.01036802730943e-05    9.77060665985744e-06    3.07615893504121e-05    9.76551115798348e-06    0.000123654994148232
97.500000000013    3.95796368109491e-05    1.24592856457052e-05    1.99035282521989e-05    9.81679894702124e-06    3.12127219032324e-05    9.39757459708176e-06    0.000122369546156189
98.0000000000132    4.61930347012458e-05    1.11957626368986e-05    1.90340015645874e-05    1.00653829989904e-05    2.56320782733717e-05    8.92401170763173e-06    0.000121044271882726
98.5000000000135    5.13766599962231e-05    1.01467671283794e-05    1.86530925630212e-05    1.02949809700001e-05    2.02261855988063e-05    8.92126323865163e-06    0.000119618949495082
99.0000000000137    4.87374796671412e-05    1.03443465450529e-05    1.91772039432902e-05    1.03296033784383e-05    2.02317250809865e-05    9.35476530607381e-06    0.000118175123920983
99.500000000014    4.13087996262172e-05    1.13003151371514e-05    2.0078409942433e-05    1.02208356044943e-05    2.42054022408333e-05    9.71412371262895e-06    0.000116827886263758
100.000000000014    3.73981855863177e-05    1.16983276299126e-05    2.02500104110753e-05    1.01878985400025e-05    2.64852808102868e-05    9.56951043189515e-06    0.00011558921340949
100.500000000015    3.98599719912351e-05    1.10386854386253e-05    1.97551482864587e-05    1.03000917406051e-05    2.41463665570858e-05    9.27190814517971e-06    0.00011437217215919
101.000000000015    4.4496721641152e-05    1.00052288446682e-05    1.93169886511806e-05    1.04509036674445e-05    1.97484596219219e-05    9.08406353928903e-06    0.000113102365965656
101.500000000015    4.50735438097167e-05    9.66284718986198e-06    1.94511393575248e-05    1.05243371285352e-05    1.78593662098864e-05    9.21998901956649e-06    0.000111791222715092
102.000000000015    4.06957172148862e-05    1.02158382961546e-05    1.98434112590323e-05    1.05134725108712e-05    1.97080485726746e-05    9.54342259890847e-06    0.000110519910452527
102.500000000016    3.6118594079633e-05    1.07850744176812e-05    2.02401591562179e-05    1.04526089076225e-05    2.21467223892095e-05    9.59080883713857e-06    0.000109333967787503
103.000000000016    3.58896081818169e-05    1.0553395272609e-05    2.00965281152451e-05    1.04456221325021e-05    2.17351697542104e-05    9.47836473928549e-06    0.000108198688195669
103.500000000016    3.91931905414767e-05    9.68906101869426e-06    1.98687095318169e-05    1.04904686686587e-05    1.87327864954568e-05    9.0683614212208e-06    0.000107042577677324
104.000000000016    4.07744659818618e-05    9.14455235798906e-06    1.96902132510071e-05    1.05969615059795e-05    1.64343628823552e-05    9.21062954466969e-06    0.000105851185523862
104.500000000017    3.86796067798199e-05    9.33348117436841e-06    1.97378237559357e-05    1.06722228936177e-05    1.68163811447259e-05    9.43284845379491e-06    0.000104672364202263
105.000000000017    3.48776638723579e-05    9.81136560611042e-06    2.00360434474345e-05    1.0638605052762e-05    1.85829426650173e-05    9.60520359341313e-06    0.000103551824237095
105.500000000017    3.34898994788682e-05    9.81154718421449e-06    2.02665811239874e-05    1.05528919060523e-05    1.90255500338729e-05    9.33358375891712e-06    0.000102480053485912
106.000000000017    3.49900701910196e-05    9.22405794757741e-06    1.99974151217468e-05    1.05620111496692e-05    1.73768665516779e-05    9.26378514335679e-06    0.000101414206105048
106.500000000018    3.68037587365204e-05    8.63028497281561e-06    1.97676440098449e-05    1.06327975372712e-05    1.53437312538205e-05    9.15045788027737e-06    0.00010032867439055
107.000000000018    3.59711908503295e-05    8.56822514063792e-06    1.97116258600856e-05    1.07175207978514e-05    1.492917512768e-05    9.34423610605849e-06    9.9241973882643e-05
107.500000000018    3.33149079442072e-05    8.84378704104844e-06    1.99285311549147e-05    1.07358162997099e-05    1.59364395012269e-05    9.43252469819231e-06    9.81920066392994e-05
108.000000000018    3.16227562186891e-05    8.91874268028611e-06    1.99785697517652e-05    1.06687498786052e-05    1.65812840455139e-05    9.41411077910097e-06    9.71842133539604e-05
108.500000000019    3.20525678911764e-05    8.5673695220534e-06    1.99470872191149e-05    1.0579022627219e-05    1.58017846826425e-05    9.24534943652122e-06    9.61931813787275e-05
109.000000000019    3.32252365177766e-05    8.08285167265613e-06    1.98719211981742e-05    1.053164714885e-05    1.43459094197384e-05    9.13736115764902e-06    9.51949271148443e-05
109.500000000019    3.3149181846747e-05    7.90183611659158e-06    1.98198057902717e-05    1.05557370206756e-05    1.36314870705022e-05    9.13594817265582e-06    9.41939960174439e-05
110.000000000019    3.15290986714383e-05    8.0377242857495e-06    1.97231959018045e-05    1.06291034612829e-05    1.40239852052034e-05    9.27126003100095e-06    9.32143675564795e-05
110.50000000002    2.99440086637683e-05    8.1076411376585e-06    1.97741477985911e-05    1.0655988595376e-05    1.45379416369323e-05    9.24900304251066e-06    9.22687308748369e-05
111.00000000002    2.9857971291212e-05    7.87268903974004e-06    1.96327154692044e-05    1.06255655804053e-05    1.42086352275564e-05    9.14609186358485e-06    9.1343668471703e-05
111.50000000002    3.05037560599366e-05    7.53460368630729e-06    1.95469074105944e-05    1.05830302570615e-05    1.32636652584707e-05    8.98909517880641e-06    9.04210578511768e-05
112.00000000002    3.04427900931043e-05    7.37409122660921e-06    1.95528746115666e-05    1.05346082855827e-05    1.2613575452914e-05    8.98112900572752e-06    8.94990686755043e-05
112.500000000021    2.94722648420355e-05    7.34238861181515e-06    1.9617128108121e-05    1.0493941479583e-05    1.26268981381728e-05    9.03817900030446e-06    8.85908001800319e-05
113.000000000021    2.8405633375897e-05    7.29676263106918e-06    1.95898484789771e-05    1.04772272459723e-05    1.2853166270645e-05    9.08229149473045e-06    8.7704929497291e-05
113.500000000021    2.79825404275512e-05    7.18024482113155e-06    1.94707056217117e-05    1.04884123497794e-05    1.27385301329993e-05    8.97626945022275e-06    8.68367028033959e-05
114.000000000021    2.79832367340711e-05    6.99118812386942e-06    1.93076812903486e-05    1.0522332327739e-05    1.22270634429238e-05    8.9478499867132e-06    8.59793519056651e-05
114.500000000022    2.80798340645214e-05    6.77289081270193e-06    1.92634933992978e-05    1.05106881852601e-05    1.16540879063817e-05    8.84687441481235e-06    8.51278687829754e-05
115.000000000022    2.76279056431662e-05    6.6660249090068e-06    1.92946745687956e-05    1.04562104652682e-05    1.14371744399367e-05    8.80181981975764e-06    8.42838098459312e-05
115.500000000022    2.68430001126539e-05    6.67104787954523e-06    1.92071702903996e-05    1.04003730519809e-05    1.15561363009019e-05    8.77785445592552e-06    8.3455582091407e-05
116.000000000022    2.61449726262369e-05    6.62661702344351e-06    1.91775543637275e-05    1.03486409866152e-05    1.15997465268415e-05    8.74774894740528e-06    8.26452804742699e-05
116.500000000023    2.60847443557872e-05    6.44784618515391e-06    1.9012587560413e-05    1.03324016590595e-05    1.12973088320056e-05    8.67124381269094e-06    8.18461324051101e-05
117.000000000023    2.61305617329325e-05    6.27063351316846e-06    1.87833104917351e-05    1.0346662047803e-05    1.08720219501383e-05    8.65091580697752e-06    8.1054105542755e-05
117.500000000023    2.58387922383514e-05    6.18046725110083e-06    1.87732287043628e-05    1.03256890201862e-05    1.06198774256951e-05    8.5332674908281e-06    8.02713221305243e-05
118.000000000023    2.52706346797058e-05    6.11805098222726e-06    1.88125244379615e-05    1.02511509218063e-05    1.05782739084427e-05    8.46945022149832e-06    7.95000851516418e-05
118.500000000024    2.47722199519609e-05    6.04162668127375e-06    1.86390199017191e-05    1.01958148098898e-05    1.05805067302015e-05    8.51270608628998e-06    7.8741894161335e-05
119.000000000024    2.44660678509903e-05    5.95471071794536e-06    1.8539123628229e-05    1.01579243018902e-05    1.04599365112649e-05    8.4179340524705e-06    7.79956970627902e-05
119.500000000024    2.4243061336012e-05    5.83981232538196e-06    1.85517572297195e-05    1.01239943180019e-05    1.01794100166176e-05    8.32165035400394e-06    7.72596855797369e-05
120.000000000024    2.41766289099464e-05    5.68368568960049e-06    1.84693792151907e-05    1.00982838998945e-05    9.8589073747961e-06    8.24325559974325e-06    7.65301406891714e-05
120.500000000025    2.39596225044716e-05    5.55768293118829e-06    1.83219214430834e-05    1.00837291980822e-05    9.7056936268268e-06    8.18010212102182e-06    7.58087518246742e-05
121.000000000025    2.32661153018514e-05    5.53871870436546e-06    1.82427291573074e-05    1.00544492338295e-05    9.75148435169414e-06    8.24620496948138e-06    7.50997017185293e-05
121.500000000025    2.28466374489045e-05    5.5024768937054e-06    1.81151604820484e-05    1.00207856773797e-05    9.71004868776461e-06    8.20870702860476e-06    7.44038162184074e-05
122.000000000026    2.28484320911538e-05    5.37339527539819e-06    1.79092988635431e-05    9.99029400883274e-06    9.45469500003367e-06    8.14113981602333e-06    7.37172550549848e-05
122.500000000026    2.28729205140806e-05    5.21804219330426e-06    1.78283994888091e-05    9.92537691900737e-06    9.16910794863901e-06    8.02310176469417e-06    7.30369488285345e-05
123.000000000026    2.24390387421556e-05    5.15244072198794e-06    1.78622129276119e-05    9.84065479380404e-06    9.08497425286279e-06    7.98432341233269e-06    7.2363644850755e-05
123.500000000026    2.18988524575094e-05    5.14698833149797e-06    1.78433544538477e-05    9.78644402382194e-06    9.12310017163686e-06    7.90250905480226e-06    7.17012484931162e-05
124.000000000027    2.16435369295417e-05    5.0650671565863e-06    1.76678085604947e-05    9.76887515197387e-06    9.03973079578505e-06    7.86586697384347e-06    7.10508855682251e-05
124.500000000027    2.16778748116025e-05    4.92854683193702e-06    1.7454250260168e-05    9.75713734021887e-06    8.81687761512762e-06    7.77261927677422e-06    7.04073061358282e-05
125.000000000027    2.14827237605834e-05    4.85004100446985e-06    1.73389419887568e-05    9.72148656960516e-06    8.65613749380332e-06    7.72174707224182e-06    6.97710778894604e-05
125.500000000027    2.11251701620694e-05    4.81896745627432e-06    1.73385707247616e-05    9.6404564509728e-06    8.58516481975772e-06    7.63533146517302e-06    6.91436610790088e-05
126.000000000028    2.08060803671024e-05    4.76852507579171e-06    1.72337457224935e-05    9.55723779135365e-06    8.53961681391022e-06    7.619427372808e-06    6.85246331434595e-05
126.500000000028    2.06267568527421e-05    4.69073244519488e-06    1.70789478622016e-05    9.50848062253491e-06    8.46697699015428e-06    7.5420979880906e-06    6.79139927609183e-05
127.000000000028    2.04222681980426e-05    4.61606106043931e-06    1.69525875644966e-05    9.49120080287649e-06    8.36095954947222e-06    7.46917816364328e-06    6.73122553389705e-05
127.500000000028    2.01891024100844e-05    4.54720617922436e-06    1.6811489227335e-05    9.48157919473925e-06    8.2468812679602e-06    7.44138742675719e-06    6.67176457061003e-05
128.000000000029    2.00337002909836e-05    4.48007062218821e-06    1.66926437088248e-05    9.43821526280687e-06    8.13818008103911e-06    7.34845060111543e-06    6.6131260566958e-05
128.500000000028    1.97857444399469e-05    4.42391793170849e-06    1.66328468986498e-05    9.35816950407188e-06    8.06728944870041e-06    7.28367085756956e-06    6.55516390806471e-05
129.000000000028    1.95535848665925e-05    4.37236113933152e-06    1.65239257843656e-05    9.28820948831812e-06    8.0144510046146e-06    7.22751434030334e-06    6.49800466235257e-05
129.500000000027    1.93783209738841e-05    4.30727997093889e-06    1.63945116178503e-05    9.22889893162582e-06    7.92385791050752e-06    7.18380897606122e-06    6.44166783808678e-05
130.000000000027    1.92183008890665e-05    4.23749863569285e-06    1.63029909359826e-05    9.16695444206204e-06    7.81041982495462e-06    7.12334706315285e-06    6.38595117909115e-05
130.500000000026    1.89924496059153e-05    4.17973990631884e-06    1.62430898921393e-05    9.11198743844874e-06    7.7239897357798e-06    7.0577957219521e-06    6.3309052300554e-05
131.000000000026    1.87876372262026e-05    4.12755889855285e-06    1.61290704863501e-05    9.0711203743767e-06    7.65511961281037e-06    6.99535767788842e-06    6.27658642761811e-05
131.500000000025    1.85813156843107e-05    4.06935973163644e-06    1.60187234908485e-05    9.03265737249616e-06    7.58460341996493e-06    6.94301907471923e-06    6.2229678773976e-05
132.000000000025    1.83936424048992e-05    4.01476544571043e-06    1.59078417013896e-05    8.9935062901519e-06    7.50139591357314e-06    6.88945587411307e-06    6.17006076298374e-05
132.500000000024    1.82077264693571e-05    3.95605922622312e-06    1.57508179276857e-05    8.95059705235066e-06    7.40856500851361e-06    6.90441280637195e-06    6.11781784905021e-05
133.000000000024    1.81068531412398e-05    3.89163361298396e-06    1.56760363288109e-05    8.88904202627613e-06    7.30923963163391e-06    6.78928029994323e-06    6.0662085040888e-05
133.500000000024    1.78925284102575e-05    3.84635653840289e-06    1.55841427529961e-05    8.83819373012592e-06    7.26215100743194e-06    6.72824501606224e-06    6.01516174552766e-05
134.000000000023    1.75847613037442e-05    3.8197654688259e-06    1.5473593745964e-05    8.79666226779283e-06    7.24111775145077e-06    6.73299440849756e-06    5.96488949462752e-05
134.500000000023    1.75385193137537e-05    3.74739077124203e-06    1.53389061760176e-05    8.76320930519578e-06    7.141433707782e-06    6.62342516866402e-06    5.91528844426552e-05
135.000000000022    1.74445426340608e-05    3.68340838807228e-06    1.52140887682745e-05    8.71877572183821e-06    7.03506869797011e-06    6.56613553932653e-06    5.86620197495424e-05
135.500000000022    1.71703270298e-05    3.66102733716533e-06    1.51313273190322e-05    8.65423965844435e-06    6.99787623915214e-06    6.56209595043071e-06    5.81768935340247e-05
136.000000000021    1.70111894715111e-05    3.62964690861173e-06    1.51282762525038e-05    8.56549254521533e-06    6.96383014055617e-06    6.39972657177377e-06    5.76981618901719e-05
136.500000000021    1.6767221226364e-05    3.58643337463512e-06    1.50704692128503e-05    8.50060719434085e-06    6.91492945260227e-06    6.38510559791678e-06    5.72247660587093e-05
137.00000000002    1.66721511613945e-05    3.520464707112e-06    1.48888648267709e-05    8.48082430613751e-06    6.82143045566997e-06    6.37384581323128e-06    5.67575812703161e-05
137.50000000002    1.66177153256685e-05    3.46344134790485e-06    1.47015164203228e-05    8.48279340241403e-06    6.72584252595439e-06    6.30411326266286e-06    5.62954222849275e-05
138.000000000019    1.63971098434923e-05    3.42715340412718e-06    1.459776311705e-05    8.46937385664002e-06    6.67900245352958e-06    6.26933443856738e-06    5.58397371134065e-05
138.500000000019    1.62518209019893e-05    3.39746450244521e-06    1.44515348652623e-05    8.42264044605853e-06    6.65110433916652e-06    6.21522670531976e-06    5.53897917602416e-05
139.000000000019    1.60517966548165e-05    3.37087508020756e-06    1.44581500977543e-05    8.3316348086056e-06    6.61271053844299e-06    6.12046248700667e-06    5.49456296668336e-05
139.500000000018    1.58897321052085e-05    3.31576926051781e-06    1.44084225466818e-05    8.22995186572081e-06    6.53981503081398e-06    6.12253535858486e-06    5.45062261675277e-05
140.000000000018    1.5859234010381e-05    3.25556092307609e-06    1.43439951095895e-05    8.15647834012889e-06    6.45111926581787e-06    6.00439388399433e-06    5.40707815329877e-05
140.500000000017    1.567490155953e-05    3.23559393535158e-06    1.41745320757721e-05    8.14274257364481e-06    6.41935166152929e-06    5.99348379767512e-06    5.36406056035028e-05
141.000000000017    1.5493402100359e-05    3.21857859068382e-06    1.39980361517547e-05    8.14266717202045e-06    6.40593821357467e-06    5.95805886243427e-06    5.32166810908269e-05
141.500000000016    1.53240967627446e-05    3.1732735209271e-06    1.39076819467099e-05    8.10492162413251e-06    6.35656358937197e-06    5.93229319698764e-06    5.27988306408737e-05
142.000000000016    1.52791199929638e-05    3.11715082944214e-06    1.3853981092836e-05    8.03242701265418e-06    6.26495967600649e-06    5.83701784145454e-06    5.23846564453572e-05
142.500000000015    1.51831284812321e-05    3.0810755381129e-06    1.37834744373589e-05    7.96587227997656e-06    6.20339505420589e-06    5.7578113526041e-06    5.19747571434904e-05
143.000000000015    1.49432265931302e-05    3.06012607249005e-06    1.37220224767857e-05    7.92072121577485e-06    6.18899706859307e-06    5.73462896736161e-06    5.15697223941355e-05
143.500000000014    1.47897708521222e-05    3.03016255755821e-06    1.35946101428974e-05    7.89577425224968e-06    6.16163068914744e-06    5.69797941057625e-06    5.11699279045512e-05
144.000000000014    1.47314420289236e-05    2.97936192487389e-06    1.34680070912561e-05    7.86670935291835e-06    6.09173055523338e-06    5.63792223850097e-06    5.07751731917063e-05
144.500000000014    1.46122021043841e-05    2.94073938784469e-06    1.33789537242138e-05    7.81459520290964e-06    6.02060224494916e-06    5.61750773595303e-06    5.03846004002544e-05
145.000000000013    1.4531543950705e-05    2.91001796165631e-06    1.33197037058463e-05    7.74663711269033e-06    5.97795477122938e-06    5.51197930357686e-06    4.99978368057043e-05
145.500000000013    1.4306242607712e-05    2.89896942558849e-06    1.32184561150099e-05    7.69398449675771e-06    5.97944994385868e-06    5.51888944448383e-06    4.96159920334106e-05
146.000000000012    1.41528328290429e-05    2.87334273872738e-06    1.31196870135142e-05    7.65403632671738e-06    5.94381138363898e-06    5.49552339765501e-06    4.92392336892958e-05
146.500000000012    1.42125987304693e-05    2.81556171013605e-06    1.30075776798768e-05    7.61698941293963e-06    5.84849309735782e-06    5.36505589313512e-06    4.88662765239147e-05
147.000000000011    1.40655621734696e-05    2.77818979142453e-06    1.29003833723624e-05    7.57465188818952e-06    5.7918048555704e-06    5.3866952866304e-06    4.84972873676468e-05
147.500000000011    1.39057595598004e-05    2.75562008200457e-06    1.28385796426137e-05    7.5129452569411e-06    5.77709172062909e-06    5.34238932784819e-06    4.81323855898371e-05
148.00000000001    1.37249416776426e-05    2.74189079322078e-06    1.28162175486113e-05    7.43899946238534e-06    5.76702210120196e-06    5.28300250797146e-06    4.77720740910334e-05
148.50000000001    1.36396306751263e-05    2.71664230168064e-06    1.27485347176746e-05    7.38224354895008e-06    5.72605852255817e-06    5.20195841829746e-06    4.74150681842873e-05
149.000000000009    1.35222839934817e-05    2.68623605696866e-06    1.2611188548501e-05    7.36001991550021e-06    5.67858139265822e-06    5.20389284382907e-06    4.70622027509389e-05
149.500000000009    1.34779635192528e-05    2.64873636852555e-06    1.24703087734075e-05    7.3543465368378e-06    5.61740874636843e-06    5.144904932686e-06    4.67136688770781e-05
150.000000000009    1.33689444171329e-05    2.61534120565742e-06    1.23365338104711e-05    7.33918937805311e-06    5.57301755084111e-06    5.13609933619743e-06    4.63691256983531e-05
150.500000000008    1.32379831372583e-05    2.59314183457418e-06    1.22749411361631e-05    7.29694269490057e-06    5.55216596201111e-06    5.07325799446791e-06    4.60284327593751e-05
151.000000000008    1.30830925819032e-05    2.57576395960405e-06    1.22278086647604e-05    7.23401567742334e-06    5.53256066906775e-06    5.03859130282815e-06    4.56918328555869e-05
151.500000000007    1.30209501284737e-05    2.54537159153371e-06    1.21691661312843e-05    7.15656275995142e-06    5.48690170619696e-06    4.97957125122393e-06    4.53585235686641e-05
152.000000000007    1.29515043870526e-05    2.51575089853339e-06    1.21060885184602e-05    7.09085998494057e-06    5.4417901933942e-06    4.92243264742601e-06    4.5028426629807e-05
152.500000000006    1.28342518400991e-05    2.49249132928508e-06    1.19922120574959e-05    7.05263036354561e-06    5.41311446035057e-06    4.91727532025478e-06    4.47019753710311e-05
153.000000000006    1.26903656497247e-05    2.47139906129628e-06    1.19084912239693e-05    7.02327587657376e-06    5.38764585248617e-06    4.89810817182714e-06    4.43792858358773e-05
153.500000000005    1.26637346044506e-05    2.45081479035141e-06    1.18235024006734e-05    6.98894694001365e-06    5.34910798492827e-06    4.78398941259543e-06    4.40600961330127e-05
154.000000000005    1.24907819868244e-05    2.43471098239713e-06    1.174096419484e-05    6.94635819719635e-06    5.32702139664716e-06    4.80463612055572e-06    4.37444728784608e-05
154.500000000004    1.24352429592772e-05    2.40264397423007e-06    1.16749450977422e-05    6.89794188873697e-06    5.2867018207839e-06    4.73471236824439e-06    4.34321881090147e-05
155.000000000004    1.23361905216666e-05    2.37145867195301e-06    1.15706801769791e-05    6.86115756246614e-06    5.2470455578943e-06    4.73673897642343e-06    4.31232714673827e-05
155.500000000004    1.22755556617609e-05    2.35314990522252e-06    1.1485372866969e-05    6.83089215378849e-06    5.21358169819371e-06    4.65879695574578e-06    4.28173492416805e-05
156.000000000003    1.21486820616468e-05    2.34386204393184e-06    1.13803241633385e-05    6.80343896544782e-06    5.20221282584914e-06    4.63657452932332e-06    4.25150945895374e-05
156.500000000003    1.20233138010561e-05    2.31310433104439e-06    1.12930992310908e-05    6.75756862854628e-06    5.1679710055818e-06    4.6618534627204e-06    4.22169104600397e-05
157.000000000002    1.19894231161903e-05    2.27172084381381e-06    1.13061274278076e-05    6.68930709900993e-06    5.1026907372049e-06    4.56145337185239e-06    4.1920722595879e-05
157.500000000002    1.18956429841653e-05    2.25156554694542e-06    1.12455131647337e-05    6.63644662762702e-06    5.06266748586231e-06    4.53555864281979e-06    4.16273944521536e-05
158.000000000001    1.17923250422175e-05    2.23487495298207e-06    1.11457239017198e-05    6.6091575542871e-06    5.04281051436096e-06    4.51226803015309e-06    4.13371599957205e-05
158.500000000001    1.17162175600504e-05    2.21994849865759e-06    1.10430352578986e-05    6.58859068984535e-06    5.02413902757345e-06    4.45847023912714e-06    4.10504012731526e-05
159    1.16187213488017e-05    2.19780861933869e-06    1.0942493332785e-05    6.55647664373703e-06    4.99884373282074e-06    4.45252694684261e-06    4.07668706243258e-05
159.5    1.15551756556928e-05    2.17217481028236e-06    1.09135724729457e-05    6.50269462565584e-06    4.96350884542469e-06    4.37901497351783e-06    4.04861413835192e-05
159.999999999999    1.14322684677794e-05    2.15854367408095e-06    1.08642658701471e-05    6.45209322042472e-06    4.93993857869583e-06    4.36082544121475e-06    4.02079352523428e-05
160.499999999999    1.1376439799527e-05    2.14007384023926e-06    1.07498156923652e-05    6.42028192005451e-06    4.91083602985462e-06    4.33538924791137e-06    3.9932836529952e-05
160.999999999999    1.1290123132438e-05    2.11398016914968e-06    1.06581389412466e-05    6.3948428613774e-06    4.87486536380592e-06    4.32886687696574e-06    3.96608173449834e-05
161.499999999998    1.12478206246986e-05    2.08919903358904e-06    1.06119547005659e-05    6.35856198602276e-06    4.8350870645288e-06    4.2487183280277e-06    3.93913417374328e-05
161.999999999998    1.1119685207957e-05    2.07747705430484e-06    1.05481354864562e-05    6.31481759325703e-06    4.81812153087106e-06    4.24634100274482e-06    3.91245778755909e-05
162.499999999997    1.10480204257293e-05    2.05851765622349e-06    1.04981661386499e-05    6.26581637620457e-06    4.80120352829593e-06    4.18880723368323e-06    3.88605313587864e-05
162.999999999997    1.09635675437826e-05    2.04336595527409e-06    1.04288904174864e-05    6.22257715848932e-06    4.78395309402213e-06    4.15673313998416e-06    3.85990873090387e-05
163.499999999996    1.08613212214121e-05    2.03016826326774e-06    1.03523831266043e-05    6.19319738443742e-06    4.75763934811872e-06    4.14575515418136e-06    3.83404644980216e-05
163.999999999996    1.08425161910991e-05    2.0038806525442e-06    1.02750504629963e-05    6.17512404029674e-06    4.70900314294215e-06    4.07888095164434e-06    3.80844554415229e-05
164.499999999995    1.07669513486448e-05    1.97797763018188e-06    1.01741076488373e-05    6.15945998923723e-06    4.67700885847239e-06    4.07535027023544e-06    3.7830855745609e-05
164.999999999995    1.06464266408585e-05    1.96557361578912e-06    1.01152845043015e-05    6.13567222677585e-06    4.66634004506469e-06    4.05073035547643e-06    3.75800273882662e-05
165.499999999994    1.05719552181095e-05    1.95279677165156e-06    1.00392177346537e-05    6.09717992640961e-06    4.64488720060696e-06    4.02608635819329e-06    3.73321232096246e-05
165.999999999994    1.05231110020873e-05    1.9315726663535e-06    1.00072789573929e-05    6.04081039229095e-06    4.6024036743966e-06    3.98123083383625e-06    3.70864075263575e-05
166.499999999994    1.04786554067527e-05    1.9064711905728e-06    9.98305572643226e-06    5.98142634056287e-06    4.56479743632995e-06    3.92818703865784e-06    3.68425931393084e-05
166.999999999993    1.03580195577199e-05    1.89198566951889e-06    9.93566849341031e-06    5.93622930831772e-06    4.55511337389558e-06    3.92403700884515e-06    3.66010534117076e-05
167.499999999993    1.0281922578669e-05    1.88260265985138e-06    9.86698576941578e-06    5.90911776543718e-06    4.54539358057589e-06    3.87605801194159e-06    3.63620803658908e-05
167.999999999992    1.01884185507964e-05    1.86718914709039e-06    9.77608684355488e-06    5.89789265289585e-06    4.51495226412662e-06    3.88139248733701e-06    3.61259319458012e-05
168.499999999992    1.02053304553738e-05    1.83747367081839e-06    9.68272546657453e-06    5.88933972149868e-06    4.4612853812869e-06    3.81554547431699e-06    3.58917001698693e-05
168.999999999991    1.01324333539896e-05    1.81974788383939e-06    9.60100569112297e-06    5.87500555563879e-06    4.44119605247706e-06    3.79039820887828e-06    3.56597867459461e-05
169.499999999991    1.00021717966467e-05    1.8198645408053e-06    9.54820037046887e-06    5.8400710993677e-06    4.45265301461847e-06    3.76741169579744e-06    3.54303725177045e-05
169.99999999999    9.88693462710375e-06    1.81158491318097e-06    9.5049748346195e-06    5.78657705530641e-06    4.44549330016083e-06    3.76813973417453e-06    3.5203704464546e-05
170.49999999999    9.92943917167533e-06    1.78208524122026e-06    9.46599817422269e-06    5.72454707675396e-06    4.38564829024685e-06    3.6911034965592e-06    3.49788214506783e-05
170.999999999989    9.85676058834462e-06    1.76051736505634e-06    9.40488269218835e-06    5.67730614066817e-06    4.345907024927e-06    3.71003935067499e-06    3.47554131618595e-05
171.499999999989    9.77521989734046e-06    1.74951620868856e-06    9.3810391528575e-06    5.64431795132941e-06    4.33598125098853e-06    3.64810930907711e-06    3.45341837702816e-05
171.999999999989    9.66055465852189e-06    1.7428296666645e-06    9.29340589265159e-06    5.63075916592024e-06    4.3386949257445e-06    3.64913003445334e-06    3.43153743439561e-05
172.499999999988    9.62845670703045e-06    1.72795532301497e-06    9.21221202256838e-06    5.61787432172534e-06    4.31341479856817e-06    3.59914112040512e-06    3.40990542933124e-05
172.999999999988    9.55833600352304e-06    1.71013050162284e-06    9.15621642546842e-06    5.59547928753385e-06    4.27176048393047e-06    3.59279334187869e-06    3.38847160439573e-05
173.499999999987    9.53386054013707e-06    1.68919933478087e-06    9.09170988880424e-06    5.56350919576717e-06    4.23139545882962e-06    3.56237395731282e-06    3.36720483756318e-05
173.999999999987    9.47510563916121e-06    1.67496136029403e-06    9.04791597110835e-06    5.52819064195279e-06    4.21601687900268e-06    3.51921903596119e-06    3.34614095274802e-05
174.499999999986    9.35201300366535e-06    1.66765723871486e-06    8.98186732896692e-06    5.48934800048811e-06    4.22107002327839e-06    3.54097845675323e-06    3.32529340518669e-05
174.999999999986    9.31055540280244e-06    1.6539725382429e-06    8.94114003908048e-06    5.44158347533456e-06    4.19898912928592e-06    3.50054499593914e-06    3.30467855806854e-05
175.499999999985    9.28308636229841e-06    1.63731652814571e-06    8.91474026455952e-06    5.39773484794123e-06    4.16095317213224e-06    3.44807335915732e-06    3.28419045342344e-05
175.999999999985    9.19688753746635e-06    1.62443288835793e-06    8.86785643023797e-06    5.3731993541934e-06    4.13637100823109e-06    3.44017296960832e-06    3.26389201880951e-05
176.499999999984    9.1622797954729e-06    1.60872037212832e-06    8.79042180540584e-06    5.36340035025479e-06    4.11688045782173e-06    3.3960918338663e-06    3.24377946149499e-05
176.999999999984    9.06879654427062e-06    1.59946558256489e-06    8.70357676803624e-06    5.35757067493282e-06    4.10860665129075e-06    3.40089191011715e-06    3.22389081312125e-05
177.499999999984    9.04907512964881e-06    1.58693407252294e-06    8.62641937253492e-06    5.33841855162298e-06    4.08777330140864e-06    3.35341326128016e-06    3.20420336890184e-05
177.999999999983    8.97956881619623e-06    1.5757949190816e-06    8.56715813129191e-06    5.30118018718403e-06    4.07025947693477e-06    3.35301383500262e-06    3.18469753656912e-05
178.499999999983    8.91802303904342e-06    1.56391392909098e-06    8.5509974653953e-06    5.24974189911647e-06    4.05133136679955e-06    3.3196319726271e-06    3.16536396720728e-05
178.999999999982    8.86155905209042e-06    1.54837393630396e-06    8.54399163309297e-06    5.1995638996069e-06    4.02551983806221e-06    3.28292502797821e-06    3.14619333871347e-05
179.499999999982    8.81502141185968e-06    1.53359929706079e-06    8.4956718497554e-06    5.16678181280619e-06    4.00193745158094e-06    3.25855235885201e-06    3.1271564181915e-05
179.999999999981    8.74590338260009e-06    1.52363984677387e-06    8.42131205313816e-06    5.14756418576494e-06    3.98744683769759e-06    3.25731001657674e-06    3.10831763225514e-05
180.499999999981    8.71470502517435e-06    1.51291995472722e-06    8.35757618601979e-06    5.12787627410451e-06    3.96958156029833e-06    3.21390119184377e-06    3.0896560192168e-05
180.99999999998    8.63569983783359e-06    1.50296634127837e-06    8.31060806096546e-06    5.10460598072199e-06    3.95695396372517e-06    3.20084265536399e-06    3.07116768398886e-05
181.49999999998    8.59046304281728e-06    1.49003199132284e-06    8.25579502520509e-06    5.07858463189379e-06    3.9377634347743e-06    3.17590653438004e-06    3.05285446603933e-05
181.999999999979    8.55445774231947e-06    1.4779106756036e-06    8.19397115745758e-06    5.05406760652584e-06    3.91469315947327e-06    3.1519214325572e-06    3.0347021773937e-05
182.499999999979    8.51204041152475e-06    1.46694440721241e-06    8.1381581507239e-06    5.03371840248344e-06    3.89550698428531e-06    3.12074427150845e-06    3.01671126277383e-05
182.999999999979    8.43255220533212e-06    1.45751329835727e-06    8.06957854169551e-06    5.01163626482286e-06    3.88285529030133e-06    3.13488375859027e-06    2.99890193590994e-05
183.499999999978    8.3938558638885e-06    1.44370979457768e-06    8.03153902430429e-06    4.97743893514124e-06    3.85803917122008e-06    3.10799959441492e-06    2.98125823835467e-05
183.999999999978    8.354367032384e-06    1.42919532231106e-06    8.01365381919703e-06    4.93526903441484e-06    3.82969182301161e-06    3.07530074144465e-06    2.96374777727632e-05
184.499999999977    8.29819196543068e-06    1.41794417423891e-06    7.98081106548427e-06    4.8963767281084e-06    3.80870371791551e-06    3.06176571404826e-06    2.9463793365226e-05
184.999999999977    8.24275907477097e-06    1.40729541351819e-06    7.94946213385985e-06    4.86556851713194e-06    3.79507497940545e-06    3.03131199415215e-06    2.92914721128386e-05
185.499999999976    8.20335630775677e-06    1.39899385502289e-06    7.89252611737261e-06    4.84366756649368e-06    3.78516120317103e-06    2.99711515237092e-06    2.91208202021879e-05
185.999999999976    8.13400023570758e-06    1.39334629637731e-06    7.8237998914686e-06    4.82777718696708e-06    3.77971207396894e-06    2.99302513198724e-06    2.89516608164767e-05
186.499999999975    8.07946780228498e-06    1.3826057500571e-06    7.76348385942297e-06    4.8118807663962e-06    3.76520238159332e-06    2.98166236886077e-06    2.87843029286153e-05
186.999999999975    8.07615373964514e-06    1.36763632003295e-06    7.70606480039201e-06    4.79016481228908e-06    3.73402461345008e-06    2.944319816931e-06    2.86183641027403e-05
187.499999999974    8.01963083046682e-06    1.35597957575615e-06    7.67329233136153e-06    4.76125581793198e-06    3.7130043186553e-06    2.93053063516554e-06    2.84536935093373e-05
187.999999999974    7.94257826766078e-06    1.34828639184408e-06    7.65003734194527e-06    4.72978946466224e-06    3.70778815759272e-06    2.9118636970274e-06    2.82903433207325e-05
188.499999999974    7.90227253324761e-06    1.33958350387378e-06    7.60562280320203e-06    4.69639150108499e-06    3.69341704202394e-06    2.89146687044941e-06    2.81287542538818e-05
188.999999999973    7.8774493240587e-06    1.32577321515357e-06    7.57154518729621e-06    4.66518605018238e-06    3.66419002885076e-06    2.86411424211122e-06    2.79682580476528e-05
189.499999999973    7.83088982728349e-06    1.31517927776094e-06    7.52550312259764e-06    4.64379020445531e-06    3.64515032822926e-06    2.8484809648236e-06    2.78089937251502e-05
189.999999999972    7.77045791029039e-06    1.30740145697327e-06    7.46686232171496e-06    4.630317180703e-06    3.63420122924631e-06    2.84209517107996e-06    2.76513352700079e-05
190.499999999972    7.73260336393951e-06    1.2969386431581e-06    7.40348440963357e-06    4.61755602181001e-06    3.61916464471502e-06    2.82533224471057e-06    2.74950793279668e-05
190.999999999971    7.69127965110772e-06    1.28799770186459e-06    7.36482875777536e-06    4.5992065856985e-06    3.60404169683523e-06    2.79285049174309e-06    2.73402048850245e-05
191.499999999971    7.63336229158135e-06    1.27883015142537e-06    7.31759921996388e-06    4.57338505946455e-06    3.58759045114621e-06    2.7959895673903e-06    2.71867567409717e-05
191.99999999997    7.60927099323691e-06    1.26838904916539e-06    7.28499354860273e-06    4.54009261054503e-06    3.56328133218493e-06    2.76845701757824e-06    2.70344845513132e-05
192.49999999997    7.54828568475273e-06    1.25588118854134e-06    7.27864858847049e-06    4.50533994671987e-06    3.54266719335444e-06    2.75256938701385e-06    2.68833919888527e-05
192.999999999969    7.52067071997975e-06    1.24504629177606e-06    7.24841799411943e-06    4.47697368230817e-06    3.5258696035659e-06    2.71638225420277e-06    2.67333605459521e-05
193.499999999969    7.45698146792164e-06    1.23877135316946e-06    7.18923684493073e-06    4.45946022942692e-06    3.52242891468287e-06    2.71777775228731e-06    2.65846565624189e-05
193.999999999969    7.40973620057398e-06    1.23250220371607e-06    7.13300170064083e-06    4.44478390611334e-06    3.51144807739166e-06    2.70604175975808e-06    2.6437513848194e-05
194.499999999968    7.40983917765777e-06    1.21985492345253e-06    7.08663796058622e-06    4.42529039557592e-06    3.48351583194055e-06    2.66640487203812e-06    2.62915431612511e-05
194.999999999968    7.34928236662155e-06    1.20987800405923e-06    7.05547130303057e-06    4.39920933424639e-06    3.4658477541766e-06    2.66694712509863e-06    2.6146635887233e-05
195.499999999967    7.27895944641307e-06    1.20342698681657e-06    7.02973774703345e-06    4.36897919829964e-06    3.4523744603904e-06    2.66957011955429e-06    2.60030479585074e-05
195.999999999967    7.28363250977256e-06    1.19240156970263e-06    7.00964213498802e-06    4.34095481957822e-06    3.43165195450855e-06    2.60212275467767e-06    2.58604057432277e-05
196.499999999966    7.20205001084391e-06    1.185722643847e-06    6.95309950206282e-06    4.32293104755233e-06    3.42660479204889e-06    2.62860900325036e-06    2.57190169996053e-05
196.999999999966    7.19200336231534e-06    1.17563023916113e-06    6.88963564486574e-06    4.30828486065635e-06    3.41185593710017e-06    2.60156671240066e-06    2.55789767564994e-05
197.499999999965    7.15010408961715e-06    1.16840725811448e-06    6.83291012869672e-06    4.28893987141012e-06    3.39349688858639e-06    2.60633671637899e-06    2.54401949528039e-05
197.999999999965    7.12047860859798e-06    1.15791696209653e-06    6.82919754424166e-06    4.25929429901064e-06    3.3684277553783e-06    2.5671688348669e-06    2.5302484004192e-05
198.499999999964    7.06647938972339e-06    1.14721749305275e-06    6.81020973688676e-06    4.23222476244558e-06    3.35370819512965e-06    2.55575540744947e-06    2.51655949846876e-05
198.999999999964    7.01988347314785e-06    1.14251945404402e-06    6.77153291237244e-06    4.21291465756532e-06    3.34821838426885e-06    2.53482226611734e-06    2.50298911475158e-05
199.499999999964    6.97412705213849e-06    1.1360256704422e-06    6.71857250466704e-06    4.19822519426152e-06    3.33729451208219e-06    2.53127256464281e-06    2.48955174982343e-05
199.999999999963    6.95394806798679e-06    1.1253910006393e-06    6.68475780448312e-06    4.18021728879291e-06    3.31356004234984e-06    2.50429233641943e-06    2.47621665406714e-05
200.499999999963    6.92074402552709e-06    1.11520613070897e-06    6.65989781949044e-06    4.15893590231835e-06    3.29478977871459e-06    2.48015032352854e-06    2.4629723980288e-05
200.999999999962    6.86182858376915e-06    1.10931960657781e-06    6.62014867078107e-06    4.13846768097832e-06    3.28824472417908e-06    2.48037336721424e-06    2.44983826334997e-05
201.499999999962    6.82784632781581e-06    1.10192076139478e-06    6.57556276806975e-06    4.11868555176676e-06    3.27628644880535e-06    2.46799487327953e-06    2.4368296731132e-05
201.999999999961    6.82637560931335e-06    1.09361112648645e-06    6.52752929765094e-06    4.09889747549043e-06    3.26066783050341e-06    2.43199764521858e-06    2.42390789846632e-05
202.499999999961    6.75431290703044e-06    1.09081427174011e-06    6.4889696023352e-06    4.0794051020901e-06    3.25997473261557e-06    2.43750289111384e-06    2.41109795069252e-05
202.99999999996    6.71584831731021e-06    1.08384677870848e-06    6.45816835658911e-06    4.05754915676419e-06    3.24472927886423e-06    2.4240653068977e-06    2.39842071951339e-05
203.49999999996    6.70210580547582e-06    1.07040828990992e-06    6.43552675451453e-06    4.03522976277022e-06    3.21304965661199e-06    2.40182146820119e-06    2.38581417374837e-05
203.999999999959    6.68659714765408e-06    1.06087766864099e-06    6.40749285071977e-06    4.0153638853243e-06    3.19239056125173e-06    2.37014628049103e-06    2.37328683940819e-05
204.499999999959    6.61274725376177e-06    1.05880980291947e-06    6.36962714751613e-06    3.99710925185977e-06    3.19611054792324e-06    2.37424581524818e-06    2.36086498192286e-05
204.999999999959    6.5533329250694e-06    1.05459876782777e-06    6.33741742319831e-06    3.97627203164216e-06    3.19638459308799e-06    2.36767135679192e-06    2.34856770976175e-05
205.499999999958    6.55919042829628e-06    1.04280347781407e-06    6.31023409030816e-06    3.95243828827976e-06    3.17205251613338e-06    2.32693166530777e-06    2.33636504661394e-05
205.999999999958    6.52004370094132e-06    1.03410704661485e-06    6.26868506626742e-06    3.93107995693344e-06    3.15022556581512e-06    2.33819699605381e-06    2.3242338332626e-05
206.499999999957    6.49025537085595e-06    1.02679894533437e-06    6.24625641913837e-06    3.91174101512572e-06    3.132802677978e-06    2.3142061822707e-06    2.31220606107031e-05
206.999999999957    6.45462819745408e-06    1.02103262670267e-06    6.20638802285759e-06    3.89618806210292e-06    3.12433941864907e-06    2.30002695967294e-06    2.30026032874393e-05
207.499999999956    6.41176191884448e-06    1.01713654940773e-06    6.15787798796019e-06    3.88319826026336e-06    3.12149588969653e-06    2.29282710905298e-06    2.28842977152253e-05
207.999999999956    6.37833769042001e-06    1.00948924905663e-06    6.11473440726531e-06    3.86888898619319e-06    3.10980728819484e-06    2.2857576726233e-06    2.27670152937533e-05
208.499999999955    6.36004561615114e-06    9.98672023694784e-07    6.08597429526966e-06    3.84914237714484e-06    3.08771320269648e-06    2.2690909086635e-06    2.26506384236204e-05
208.999999999955    6.3344410528883e-06    9.90987054050102e-07    6.06597429354559e-06    3.82464330689347e-06    3.06882655435391e-06    2.25010531964246e-06    2.25349775813738e-05
209.499999999954    6.29047434409902e-06    9.88271271736246e-07    6.05348831764612e-06    3.80007020809098e-06    3.06441027022801e-06    2.22337710077181e-06    2.24200915125722e-05
209.999999999954    6.22232715460693e-06    9.84129610617663e-07    6.02495924547293e-06    3.78083543658591e-06    3.06236581288546e-06    2.23168787226684e-06    2.23063051324357e-05
210.499999999954    6.22814068379526e-06    9.7298840465635e-07    5.99652745418863e-06    3.76550187297848e-06    3.04076156858886e-06    2.18937166984736e-06    2.21932916540549e-05
210.999999999953    6.19609045156745e-06    9.65852718373601e-07    5.95391533704748e-06    3.75510851474191e-06    3.02505877287898e-06    2.18501386060533e-06    2.20810396552148e-05
211.499999999953    6.16050532774667e-06    9.61654921939162e-07    5.90163351325495e-06    3.74495677134453e-06    3.01760689467237e-06    2.18342075650125e-06    2.19697781854589e-05
211.999999999952    6.112916906131e-06    9.57554951095483e-07    5.86668147633669e-06    3.72887942474525e-06    3.00793723490832e-06    2.18557280626466e-06    2.18595427994814e-05
212.499999999952    6.1135410288155e-06    9.4860363999636e-07    5.84501978198954e-06    3.70623956258872e-06    2.98996297398242e-06    2.14662949827293e-06    2.17499964856455e-05
212.999999999951    6.06064705458614e-06    9.4223486283958e-07    5.82899377063681e-06    3.68262288843298e-06    2.98233770088004e-06    2.14438811533093e-06    2.16412243927065e-05
213.499999999951    6.02719324428097e-06    9.37557402903823e-07    5.80100654183796e-06    3.66044722444239e-06    2.97349645627122e-06    2.13362189374005e-06    2.15333227634764e-05
213.99999999995    5.99789149392429e-06    9.3126550910321e-07    5.77853291996739e-06    3.64225245091324e-06    2.95649235461617e-06    2.11980726563628e-06    2.14262419941606e-05
214.49999999995    5.97897062717195e-06    9.22414618892808e-07    5.74468930133163e-06    3.62873659393953e-06    2.9349946312168e-06    2.11007344422853e-06    2.13198792167812e-05
214.999999999949    5.95771567410696e-06    9.14010152750173e-07    5.70381773903623e-06    3.61658150514442e-06    2.91983978489332e-06    2.1023295414405e-06    2.12142943973716e-05
215.499999999949    5.91650494081284e-06    9.09086264840743e-07    5.6806371704082e-06    3.5999118214377e-06    2.91537515895129e-06    2.0880174397615e-06    2.11095327962123e-05
215.999999999949    5.86716382553192e-06    9.06104773456702e-07    5.67064091158127e-06    3.57777918354291e-06    2.91398597067183e-06    2.06991118954871e-06    2.10055858543333e-05
216.499999999948    5.8320559806201e-06    9.00833843085496e-07    5.65349230786137e-06    3.55710154346366e-06    2.90312050826238e-06    2.05581050755536e-06    2.09024146908484e-05
216.999999999948    5.82277765065955e-06    8.92287491556061e-07    5.60909473755262e-06    3.54322431494362e-06    2.88230285531066e-06    2.05024327971252e-06    2.0799930329735e-05
217.499999999947    5.81499750784883e-06    8.83242968885081e-07    5.55704040094292e-06    3.53408358360336e-06    2.86116338919508e-06    2.04774902001319e-06    2.06982768704885e-05
217.999999999947    5.79019686600218e-06    8.76707433311391e-07    5.52380341327494e-06    3.52401094218432e-06    2.85027766120904e-06    2.03233491025862e-06    2.05973312262405e-05
218.499999999946    5.7424024259104e-06    8.74993729250294e-07    5.49707550354671e-06    3.50985999805852e-06    2.85283211765715e-06    2.02005307671641e-06    2.04972168511395e-05
218.999999999946    5.69147108295272e-06    8.72881117091076e-07    5.47781027190777e-06    3.49139067280547e-06    2.85234508432548e-06    2.01206871316823e-06    2.03979669422508e-05
219.499999999945    5.67467122523021e-06    8.65631699860728e-07    5.46138465742449e-06    3.46928581186445e-06    2.83300580478284e-06    1.99544836179509e-06    2.02994275609578e-05
219.999999999945    5.67935948531904e-06    8.56095999208601e-07    5.4448601389421e-06    3.44682189920243e-06    2.80615982933386e-06    1.96808004871956e-06    2.02013774007256e-05
220.499999999944    5.64034414093533e-06    8.50500389234192e-07    5.41927247094895e-06    3.42692255789969e-06    2.79795216008332e-06    1.9689121082749e-06    2.01039038273764e-05
220.999999999944    5.58825941747206e-06    8.4936056912371e-07    5.38962460922799e-06    3.41003671978915e-06    2.80118278767153e-06    1.96884358274729e-06    2.00073076860317e-05
221.499999999944    5.55605501803966e-06    8.45381181896224e-07    5.3660268714959e-06    3.39534544512254e-06    2.79165115674893e-06    1.95709384429101e-06    1.99115535175943e-05
221.999999999943    5.56911420933663e-06    8.36469025168501e-07    5.32892260900669e-06    3.38271714589139e-06    2.76566973651666e-06    1.9335011434541e-06    1.9816393869374e-05
222.499999999943    5.56472611875074e-06    8.297858398659e-07    5.28088730283037e-06    3.37287161545614e-06    2.75419980245146e-06    1.9192564433305e-06    1.97217271226851e-05
222.999999999942    5.47717973936229e-06    8.30213590421735e-07    5.25013425421734e-06    3.36227430487535e-06    2.7647196067676e-06    1.94352150308862e-06    1.96280429987329e-05
223.499999999942    5.46034072075987e-06    8.2579891622289e-07    5.23214920068571e-06    3.34500132735024e-06    2.75336646353817e-06    1.9185751566636e-06    1.95352317852205e-05
223.999999999941    5.47796195987343e-06    8.16163607116591e-07    5.21932063068628e-06    3.32261058858144e-06    2.72549868608776e-06    1.8812497705946e-06    1.94428052429401e-05
224.499999999941    5.42406360424993e-06    8.11744206737418e-07    5.20931508873964e-06    3.30064788459867e-06    2.71799941431e-06    1.88703327006212e-06    1.93508034686978e-05
224.99999999994    5.38230508019868e-06    8.08894892602193e-07    5.19326788178514e-06    3.28131911044925e-06    2.71770445998782e-06    1.87616132689969e-06    1.92596527519228e-05
225.49999999994    5.36238463926001e-06    8.02699336842319e-07    5.16171714204789e-06    3.26682417993617e-06    2.70789924410657e-06    1.8676145044705e-06    1.91691390466635e-05
225.999999999939    5.34535117168543e-06    7.95882582915901e-07    5.13134446764558e-06    3.25653464792693e-06    2.69166132896943e-06    1.85849458949015e-06    1.90792687886334e-05
226.499999999939    5.32366426022779e-06    7.90767448725229e-07    5.10048388132212e-06    3.24803675093386e-06    2.6745209539963e-06    1.85256098772559e-06    1.89900342829309e-05
226.999999999939    5.30297578500881e-06    7.84925981215033e-07    5.06606649976167e-06    3.2393865105725e-06    2.66050560136017e-06    1.84757590317842e-06    1.89014362810966e-05
227.499999999938    5.28998382750711e-06    7.79213181865269e-07    5.03844711228282e-06    3.22851398200145e-06    2.65367176029757e-06    1.82361859777834e-06    1.88134484617326e-05
227.999999999938    5.23432113186101e-06    7.7756904414325e-07    5.01200913784122e-06    3.21617659459251e-06    2.65740190477023e-06    1.82869556449978e-06    1.8726173377708e-05
228.499999999937    5.20945771752182e-06    7.74655527546748e-07    4.98999525541744e-06    3.20136801901356e-06    2.6501983040412e-06    1.81396064241687e-06    1.86396354659576e-05
228.999999999937    5.20211849326512e-06    7.6805218672617e-07    4.96888233207318e-06    3.18418471457892e-06    2.62931145609223e-06    1.80107871687548e-06    1.85536278996111e-05
229.499999999936    5.19403008387779e-06    7.60776358453351e-07    4.95585020555489e-06    3.16432854453849e-06    2.61172525409139e-06    1.78131306657737e-06    1.84680235130933e-05
229.999999999936    5.15145541718907e-06    7.57103477454346e-07    4.94397149498172e-06    3.1440641545334e-06    2.61160765362231e-06    1.77477447318502e-06    1.83829766709659e-05
230.499999999935    5.1071799104064e-06    7.55484802511429e-07    4.91867304345825e-06    3.12616484223448e-06    2.61446195455884e-06    1.776696547305e-06    1.82986611004744e-05
230.999999999935    5.09383565203841e-06    7.51359352170635e-07    4.891637094642e-06    3.11073674164897e-06    2.60138765137757e-06    1.76603613514575e-06    1.82149926270233e-05
231.499999999934    5.09217887835476e-06    7.43658687991568e-07    4.86696717897027e-06    3.09896724148515e-06    2.57739474437379e-06    1.75263937430461e-06    1.81318061054801e-05
231.999999999934    5.08106418235409e-06    7.36118050758031e-07    4.83737776172324e-06    3.09066289382299e-06    2.5614738214823e-06    1.74238702889297e-06    1.80490837390336e-05
232.499999999934    5.03784571282606e-06    7.33725836443797e-07    4.8151767889715e-06    3.08347060372415e-06    2.56210068539937e-06    1.73467637608141e-06    1.79669960034463e-05
232.999999999933    4.99093699744514e-06    7.33074926790123e-07    4.78721230771211e-06    3.07556418334306e-06    2.56455740008252e-06    1.73428146656954e-06    1.78856272819425e-05
233.499999999933    4.98073011278394e-06    7.28791286301238e-07    4.76312024408799e-06    3.06370743858478e-06    2.55101448716653e-06    1.71751839726507e-06    1.78048819661895e-05
233.999999999932    4.9783955157312e-06    7.21863924591586e-07    4.74591591230877e-06    3.0483111091057e-06    2.53081669128627e-06    1.69922536959864e-06    1.77245285226222e-05
234.499999999932    4.94934776261543e-06    7.16522602554637e-07    4.72228415113546e-06    3.03102179932515e-06    2.52094520121283e-06    1.70455973313528e-06    1.76446812499788e-05
234.999999999931    4.92071367944796e-06    7.12752539132606e-07    4.70498813516569e-06    3.01066327482884e-06    2.51511427782323e-06    1.70122251235721e-06    1.75654544187555e-05
235.499999999931    4.91014973882456e-06    7.09164661661005e-07    4.69383292488605e-06    2.99043199795955e-06    2.50730788194747e-06    1.67580606004106e-06    1.74866932653197e-05
235.99999999993    4.87871481211421e-06    7.06238953357289e-07    4.67534443518321e-06    2.97461251315181e-06    2.50410043940002e-06    1.66942297318978e-06    1.74084341263963e-05
236.49999999993    4.84119863811337e-06    7.02381596307446e-07    4.65373533094623e-06    2.96420432165928e-06    2.49990148778002e-06    1.66932861433217e-06    1.73307499891385e-05
236.999999999929    4.83697226945633e-06    6.96745110967251e-07    4.62495669257489e-06    2.95920493387746e-06    2.4849051561276e-06    1.65085883340291e-06    1.72536429964064e-05
237.499999999929    4.82093817100473e-06    6.91772500881002e-07    4.59020407144366e-06    2.95736604556225e-06    2.46983880084804e-06    1.64686898815787e-06    1.71769885778976e-05
237.999999999929    4.7986321792939e-06    6.870037597106e-07    4.55772313974319e-06    2.9537884620241e-06    2.4610176330292e-06    1.64276082119442e-06    1.71009259949954e-05
238.499999999928    4.7688160170205e-06    6.84010952710406e-07    4.53514891782243e-06    2.94329638569406e-06    2.45629543377952e-06    1.63785196802851e-06    1.70254196750554e-05
238.999999999928    4.74339759321898e-06    6.80196044688451e-07    4.52574303099153e-06    2.92483470570033e-06    2.44819873556103e-06    1.62810574896197e-06    1.69504758591223e-05
239.499999999927    4.7313977400157e-06    6.7497561434553e-07    4.52415508938096e-06    2.90257623821182e-06    2.43582647344832e-06    1.60695122885616e-06    1.68758823842585e-05
239.999999999927    4.70651594340762e-06    6.72610225537992e-07    4.50902630683096e-06    2.88254428549278e-06    2.42890860547259e-06    1.60210768892559e-06    1.68017130556675e-05
240.499999999926    4.67605788601946e-06    6.69422490377447e-07    4.49402214557036e-06    2.86707493374046e-06    2.42263303753246e-06    1.59887277546486e-06    1.67280832687051e-05
240.999999999926    4.66279500177797e-06    6.63938465930273e-07    4.46821273602833e-06    2.85634334891473e-06    2.4111527914568e-06    1.59247895665529e-06    1.66549213007634e-05
241.499999999925    4.66030043916046e-06    6.58814070113043e-07    4.43754634150845e-06    2.8487288569871e-06    2.39970764117945e-06    1.57713129710734e-06    1.65822286460558e-05
241.999999999925    4.63509422087276e-06    6.57034892710542e-07    4.41155748680592e-06    2.84221852055897e-06    2.39883559045276e-06    1.56525274553713e-06    1.65099934569381e-05
242.499999999924    4.58878139519115e-06    6.5678544186665e-07    4.39109189212015e-06    2.83487765639317e-06    2.40196582296564e-06    1.5648957703302e-06    1.6438397978867e-05
242.999999999924    4.57273143428761e-06    6.51593659048067e-07    4.37136698380282e-06    2.82567437319292e-06    2.38990550374222e-06    1.55605747815234e-06    1.6367329432226e-05
243.499999999924    4.58160529242376e-06    6.44002666927245e-07    4.35127143020569e-06    2.81497292440809e-06    2.36762881595177e-06    1.53713161917942e-06    1.6296612749096e-05
243.999999999923    4.55306511769156e-06    6.4029316350322e-07    4.32773136161265e-06    2.80442739837588e-06    2.35800315934211e-06    1.54273583395831e-06    1.62262560344837e-05
244.499999999923    4.53166817118744e-06    6.37928834495758e-07    4.30597770008789e-06    2.7924247810044e-06    2.35563016897523e-06    1.53287241343136e-06    1.61565020691821e-05
244.999999999922    4.50443744260622e-06    6.35051969450219e-07    4.28362765626489e-06    2.77792848951483e-06    2.35377981436997e-06    1.53236863329892e-06    1.60871940055051e-05
245.499999999922    4.49132826683632e-06    6.31431703670612e-07    4.27122448811064e-06    2.76084926066226e-06    2.34692678828956e-06    1.51661460157783e-06    1.60183751091472e-05
245.999999999921    4.46897101847217e-06    6.27969484529066e-07    4.26547957610628e-06    2.7432396856167e-06    2.33740138116246e-06    1.50684977720644e-06    1.59499109230931e-05
246.499999999921    4.44743173859524e-06    6.24190922338715e-07    4.25480367482706e-06    2.72767581962668e-06    2.32616919960557e-06    1.50160078586854e-06    1.58818721408618e-05
246.99999999992    4.43759546450282e-06    6.19833572865364e-07    4.23697101780803e-06    2.71523151429812e-06    2.31448905191233e-06    1.49007708993262e-06    1.58141977113193e-05
247.49999999992    4.40926445071415e-06    6.16094570370038e-07    4.22038380987234e-06    2.70657387139738e-06    2.30903752320314e-06    1.48559498927114e-06    1.57469492148282e-05
247.999999999919    4.38845321933162e-06    6.12852705863771e-07    4.19273562242852e-06    2.70049795437818e-06    2.30319356831184e-06    1.48249262405462e-06    1.56802256943685e-05
248.499999999919    4.37490779021679e-06    6.09964844230317e-07    4.16330767777779e-06    2.69454663067558e-06    2.2938810034632e-06    1.47732591017683e-06    1.56139338565405e-05
248.999999999919    4.36253688758369e-06    6.06227494390534e-07    4.14223236564257e-06    2.68707221189038e-06    2.28308609175553e-06    1.46694573200398e-06    1.55481007832667e-05
249.499999999918    4.34647191317943e-06    6.02041709384888e-07    4.11640394409169e-06    2.67795183908723e-06    2.27343001214049e-06    1.46639289319268e-06    1.54826923110764e-05
249.999999999918    4.32131196099918e-06    5.98308902906487e-07    4.10233560131049e-06    2.66692454787671e-06    2.26608372012754e-06    1.46274314761348e-06    1.54177078808339e-05
250.499999999917    4.3111700748466e-06    5.94432418596515e-07    4.08922888948112e-06    2.6547583583705e-06    2.25772313417329e-06    1.44582719119797e-06    1.5353140066666e-05
250.999999999917    4.28912602330422e-06    5.92466695472279e-07    4.07547749323321e-06    2.64332584107935e-06    2.25488220778018e-06    1.43360990170034e-06    1.52888881625696e-05
251.499999999916    4.24461051555351e-06    5.90280514495863e-07    4.05961562188875e-06    2.6326371717619e-06    2.25376549087112e-06    1.44426555615694e-06    1.52251748707281e-05
251.999999999916    4.25616364158339e-06    5.84481695424086e-07    4.04369029491615e-06    2.61966786712007e-06    2.23789877063392e-06    1.41993088912979e-06    1.51618331588074e-05
252.499999999915    4.24163248260887e-06    5.80354891787923e-07    4.02957877130868e-06    2.60496590740949e-06    2.2256380411046e-06    1.41659378817837e-06    1.50987638823979e-05
252.999999999915    4.21030106775281e-06    5.78455047216578e-07    4.01983199703619e-06    2.58890660316583e-06    2.22113579401431e-06    1.41749154304195e-06    1.50361220522277e-05
253.499999999914    4.19627997267737e-06    5.76005480396934e-07    4.01219699956372e-06    2.5733551029456e-06    2.21577292461234e-06    1.40023566617195e-06    1.49738461463679e-05
253.999999999914    4.17579000337874e-06    5.73304479674165e-07    3.99036104593653e-06    2.56219814539798e-06    2.21058333713798e-06    1.39972278031596e-06    1.49119597918414e-05
254.499999999914    4.16605136540657e-06    5.70257312617711e-07    3.96703414804194e-06    2.55609555114844e-06    2.20308091014712e-06    1.38795018567978e-06    1.48504694730416e-05
254.999999999913    4.13995064400716e-06    5.67237021057741e-07    3.93913484797067e-06    2.55375507096538e-06    2.19592969626195e-06    1.39340698056084e-06    1.47894142608237e-05
255.499999999913    4.13412695857355e-06    5.63043216074062e-07    3.91485388061777e-06    2.55147377616682e-06    2.18440395484907e-06    1.38087269159252e-06    1.47287744778738e-05
255.999999999912    4.12231156118869e-06    5.60162695775044e-07    3.88833017786625e-06    2.54709803242857e-06    2.17554314715666e-06    1.37505636979889e-06    1.46685019842141e-05
256.499999999912    4.10118343737786e-06    5.58483195806657e-07    3.87430398287459e-06    2.53856773315672e-06    2.17321090725229e-06    1.36285807895448e-06    1.46086073354226e-05
256.999999999911    4.06437659921971e-06    5.56619193351961e-07    3.86082783141651e-06    2.52608584559069e-06    2.17146255369362e-06    1.36980752856671e-06    1.45491795518392e-05
257.499999999911    4.06500903238683e-06    5.51240793077745e-07    3.85648309945838e-06    2.51034579117855e-06    2.15831143049479e-06    1.34867246202441e-06    1.44900626086207e-05
257.99999999991    4.05111577002676e-06    5.46761530551232e-07    3.84736202781806e-06    2.49447756552514e-06    2.14592700573078e-06    1.34556969789202e-06    1.4431213597544e-05
258.49999999991    4.0326199644115e-06    5.45079671881716e-07    3.8358194653927e-06    2.48003534588777e-06    2.14075773383614e-06    1.33834654162242e-06    1.43726587230323e-05
258.999999999909    4.00212270022323e-06    5.44084904018497e-07    3.82374137044522e-06    2.46827434795218e-06    2.13900916603541e-06    1.33731070031319e-06    1.43145431889877e-05
259.499999999909    3.99623492618798e-06    5.40886512680752e-07    3.80725809119729e-06    2.45923402034698e-06    2.13109984300722e-06    1.32204201600521e-06    1.42567554094254e-05
259.999999999909    3.97950941668696e-06    5.36905628690431e-07    3.78550373980792e-06    2.45258021443063e-06    2.12298672706984e-06    1.32183443515999e-06    1.41993201618458e-05
260.499999999908    3.97043921912526e-06    5.33622726754512e-07    3.76563776542796e-06    2.44702343607211e-06    2.11549711404323e-06    1.31001222556824e-06    1.41422324869913e-05
260.999999999908    3.93841454122118e-06    5.32213520939105e-07    3.7460384749345e-06    2.44122209484128e-06    2.11021134302711e-06    1.31745833150461e-06    1.40855583064678e-05
261.499999999907    3.94065188685595e-06    5.28628827498746e-07    3.73082881978971e-06    2.4334634858285e-06    2.0987624985106e-06    1.29688257269955e-06    1.40292180911831e-05
261.999999999907    3.91571495545463e-06    5.2477142110243e-07    3.71710363088794e-06    2.4249411006687e-06    2.09149275412271e-06    1.29915607350548e-06    1.39731799357419e-05
262.499999999906    3.90364674006709e-06    5.20931542117073e-07    3.70416813206293e-06    2.41613248330601e-06    2.08505390085082e-06    1.28757985855798e-06    1.39175126569619e-05
262.999999999906    3.8848138384217e-06    5.19249547789545e-07    3.68267051996195e-06    2.40781632624059e-06    2.08265899970122e-06    1.28492279814044e-06    1.38621320302555e-05
263.499999999905    3.86412694772959e-06    5.18132810482239e-07    3.66302721053959e-06    2.39913008981613e-06    2.07945538066596e-06    1.28333867654845e-06    1.3807211115782e-05
263.999999999905    3.85708830219298e-06    5.15446731319538e-07    3.65012399667428e-06    2.38920218710144e-06    2.07007210633397e-06    1.27062486989343e-06    1.37525581935156e-05
264.499999999904    3.83971299024428e-06    5.11773394597105e-07    3.6351159208856e-06    2.37777644641919e-06    2.05976166065317e-06    1.27411751422981e-06    1.36982579270292e-05
264.999999999904    3.84063422537806e-06    5.07265472249603e-07    3.62319374254337e-06    2.36452826120688e-06    2.0488577078378e-06    1.25972890068777e-06    1.36442083099035e-05
265.499999999904    3.80955042485431e-06    5.05033834539425e-07    3.61653805288202e-06    2.35095418423327e-06    2.0476290474317e-06    1.26075155777065e-06    1.35904571017114e-05
265.999999999903    3.78372748029829e-06    5.03530643866973e-07    3.61266605746309e-06    2.33827953025792e-06    2.04660067464708e-06    1.25226101741374e-06    1.35370654039471e-05
266.499999999903    3.77529309272673e-06    5.01464872539031e-07    3.60023939389418e-06    2.32835165868887e-06    2.03773478484886e-06    1.24089601862303e-06    1.34839798213207e-05
266.999999999902    3.7676962806978e-06    4.98076392308106e-07    3.57824886098918e-06    2.32171825139193e-06    2.02594096651977e-06    1.23948259083856e-06    1.34311633427454e-05
267.499999999902    3.76215710454445e-06    4.94002671935184e-07    3.55577464074829e-06    2.31674296356762e-06    2.01753789841499e-06    1.23244151495405e-06    1.33786567941646e-05
267.999999999901    3.7353437769075e-06    4.91989117677872e-07    3.53468597481957e-06    2.31139461064845e-06    2.01563705801406e-06    1.23746702396944e-06    1.33265175620369e-05
268.499999999901    3.72530621553239e-06    4.90788421504548e-07    3.51939266957529e-06    2.30410590119239e-06    2.01154585588933e-06    1.22359088025102e-06    1.3274729943945e-05
268.9999999999    3.70882628568783e-06    4.89173778121712e-07    3.50616446457122e-06    2.29602690948961e-06    2.00630111353303e-06    1.21673755928755e-06    1.32232301106909e-05
269.4999999999    3.6900798057358e-06    4.85916079270792e-07    3.49370129628281e-06    2.28806900635177e-06    1.99943235816301e-06    1.21484914899777e-06    1.31720476948019e-05
269.999999999899    3.68294842657468e-06    4.81742041685641e-07    3.48185982998068e-06    2.28006706842872e-06    1.98887740985377e-06    1.20565621463465e-06    1.31211509911581e-05
270.499999999899    3.66819480501085e-06    4.79419179418166e-07    3.4656904563033e-06    2.27182809100669e-06    1.98119713276548e-06    1.20417590951395e-06    1.30705055740184e-05
270.999999999899    3.6518476437099e-06    4.77763016997216e-07    3.45710704974187e-06    2.26256779106667e-06    1.97543806148037e-06    1.19547832188166e-06    1.30202018848777e-05
271.499999999898    3.63352997354943e-06    4.75144579219165e-07    3.4456615034636e-06    2.25302332740153e-06    1.97027680707785e-06    1.19251012611371e-06    1.29701463168253e-05
271.999999999898    3.62462501274023e-06    4.71376398627598e-07    3.42831815756156e-06    2.243622447186e-06    1.96460098327531e-06    1.18786932619088e-06    1.29204123255816e-05
272.499999999897    3.6104876532341e-06    4.68369242565503e-07    3.41378095214063e-06    2.23426958599743e-06    1.95888532311322e-06    1.18516536090719e-06    1.28709581179581e-05
272.999999999897    3.59768930758529e-06    4.66682749768827e-07    3.39887393101495e-06    2.2249080324165e-06    1.95271177748613e-06    1.18094184177393e-06    1.28218076400456e-05
273.499999999896    3.58477505067206e-06    4.65182250613969e-07    3.38979287119648e-06    2.2150938167038e-06    1.9451593828164e-06    1.17292905027457e-06    1.27729324222773e-05
273.999999999896    3.57182101630966e-06    4.6264000642863e-07    3.38312780086145e-06    2.2053022448894e-06    1.93877320614598e-06    1.16262197745764e-06    1.27242862520928e-05
274.499999999895    3.54744577846013e-06    4.59589227530204e-07    3.37568780971913e-06    2.19643768439768e-06    1.93453060864562e-06    1.16224763714193e-06    1.26759387458947e-05
274.999999999895    3.5447577795383e-06    4.56783622142279e-07    3.36236175292123e-06    2.18921902037558e-06    1.92851085245905e-06    1.14619675485622e-06    1.26278297822927e-05
275.499999999894    3.52061212147093e-06    4.560040070208e-07    3.33843598149655e-06    2.18432787529547e-06    1.92634430335382e-06    1.1543043364629e-06    1.25800286251005e-05
275.999999999894    3.51131667147686e-06    4.53984979068314e-07    3.32032376546892e-06    2.17952754152036e-06    1.91863496659525e-06    1.14879638700127e-06    1.2532584311131e-05
276.499999999894    3.50566490286346e-06    4.50117081979909e-07    3.30786178769551e-06    2.1737525847306e-06    1.90592500510573e-06    1.14205191693824e-06    1.24853732793135e-05
276.999999999893    3.49837047649376e-06    4.46529256311379e-07    3.29697924003345e-06    2.16727563729259e-06    1.89738406513607e-06    1.13183325939938e-06    1.24383719346666e-05
277.499999999893    3.47124171169948e-06    4.4553779521876e-07    3.28484681397028e-06    2.16051961457157e-06    1.8982389383218e-06    1.1312693899101e-06    1.2391654263692e-05
277.999999999892    3.45290573581032e-06    4.45403026319481e-07    3.26644260533876e-06    2.15300072353517e-06    1.89869110412566e-06    1.1288313113919e-06    1.23452745065213e-05
278.499999999892    3.44573417937844e-06    4.42501250683615e-07    3.25186054061946e-06    2.1439199297641e-06    1.89000896786691e-06    1.12517812896628e-06    1.22992029972788e-05
278.999999999891    3.44318056625608e-06    4.37602871115731e-07    3.2447859878867e-06    2.13357163524422e-06    1.87603530133503e-06    1.11813587200951e-06    1.22533122338473e-05
279.499999999891    3.43158458127221e-06    4.34349066007175e-07    3.23674729307344e-06    2.12347671655925e-06    1.8673173938484e-06    1.11415580351075e-06    1.22076308542712e-05
279.99999999989    3.41711207458455e-06    4.34131796658837e-07    3.22768441471799e-06    2.11435641782935e-06    1.86690839575037e-06    1.10198792426451e-06    1.21621810238056e-05
280.49999999989    3.38549826875085e-06    4.35169259559149e-07    3.2202574344173e-06    2.10678000892457e-06    1.87145197323511e-06    1.09788001796712e-06    1.21170369628541e-05
280.999999999889    3.3640216738536e-06    4.33212533892866e-07    3.21055751141571e-06    2.10034067629828e-06    1.86764477005676e-06    1.09641786759588e-06    1.20721950331131e-05
281.499999999889    3.37350224037982e-06    4.2783424146772e-07    3.19532671557057e-06    2.09459222976768e-06    1.85093011016058e-06    1.08538847488602e-06    1.20275740122324e-05
281.999999999889    3.37350591521225e-06    4.24145801339562e-07    3.176169806782e-06    2.08954359013648e-06    1.8372187220443e-06    1.08253262998409e-06    1.19831164654987e-05
282.499999999888    3.35011581999102e-06    4.23517350145403e-07    3.15909118438995e-06    2.08408919084135e-06    1.83616316165642e-06    1.08595945853787e-06    1.1938936165562e-05
282.999999999888    3.32853367799874e-06    4.23436215873955e-07    3.14572242183677e-06    2.07741196297453e-06    1.8389449204505e-06    1.08102428035523e-06    1.18950734794897e-05
283.499999999887    3.31380550725382e-06    4.21455587095561e-07    3.13393763097498e-06    2.06936414951501e-06    1.83376121289271e-06    1.07920819176353e-06    1.18515322794956e-05
283.999999999887    3.31620670495374e-06    4.17420722281164e-07    3.12510408491078e-06    2.06001735722011e-06    1.82012517367537e-06    1.06926724319863e-06    1.18081412862398e-05
284.499999999886    3.30820109933954e-06    4.14273835646391e-07    3.11632267827203e-06    2.05060063008183e-06    1.81001094651764e-06    1.06554747105539e-06    1.17649566609128e-05
284.999999999886    3.29395683381805e-06    4.13132427475591e-07    3.10633693429547e-06    2.04181256307121e-06    1.8086994048963e-06    1.058021724872e-06    1.17219598884286e-05
285.499999999885    3.26454557861624e-06    4.13216721604811e-07    3.0957973676223e-06    2.03375298514982e-06    1.81293242119467e-06    1.05903859981341e-06    1.16792836740013e-05
285.999999999885    3.25472953313172e-06    4.11519516041925e-07    3.08398611691999e-06    2.02634798407011e-06    1.80896342713382e-06    1.05132373671921e-06    1.16368703140168e-05
286.499999999884    3.25600062013581e-06    4.08043804562637e-07    3.06670300818553e-06    2.01994195436414e-06    1.79742210565013e-06    1.04655857868185e-06    1.15946700715801e-05
286.999999999884    3.25207447764019e-06    4.05209368784426e-07    3.05449898668017e-06    2.01389025993405e-06    1.78759233933312e-06    1.03938395709799e-06    1.15526493894699e-05
287.499999999884    3.23248896341342e-06    4.04536862360468e-07    3.03950862034945e-06    2.00770600723976e-06    1.7859570118576e-06    1.0406725805e-06    1.15108700457207e-05
287.999999999883    3.21539563629233e-06    4.03245140541366e-07    3.0284346974798e-06    2.00058526548805e-06    1.78600495974451e-06    1.03570649461823e-06    1.14693721941643e-05
288.499999999883    3.20657571324567e-06    4.01097499574763e-07    3.02120479741106e-06    1.9925245456763e-06    1.78252683371024e-06    1.02416787072301e-06    1.1428097260341e-05
288.999999999882    3.19250028311244e-06    3.99553381395222e-07    3.00999195016702e-06    1.98431885447774e-06    1.77701859505693e-06    1.02365359738991e-06    1.13870366615993e-05
289.499999999882    3.18683536547399e-06    3.97590192372498e-07    2.99895504534889e-06    1.97636719255708e-06    1.76861577284578e-06    1.01783051958791e-06    1.13461940881862e-05
289.999999999881    3.17797207486366e-06    3.94881083076608e-07    2.98851361490724e-06    1.96934958332361e-06    1.76145070102013e-06    1.01336976814287e-06    1.13055368253341e-05
290.499999999881    3.16322263487189e-06    3.92278403522111e-07    2.97266498009178e-06    1.96318158528031e-06    1.75748928967591e-06    1.01628911873217e-06    1.12651260121742e-05
290.99999999988    3.15602299839947e-06    3.90593528760537e-07    2.95996738638217e-06    1.95661880639646e-06    1.75304619070818e-06    1.00870450536195e-06    1.12249534160088e-05
291.49999999988    3.14170726440471e-06    3.90161075920288e-07    2.95077838484128e-06    1.94943819603931e-06    1.75021057539392e-06    1.00268204311667e-06    1.11849775397162e-05
291.999999999879    3.12440421651416e-06    3.88984918393991e-07    2.94506309041978e-06    1.94204295488811e-06    1.74716328624841e-06    9.97578823602464e-07    1.11452372900669e-05
292.499999999879    3.11255740897834e-06    3.8609186284462e-07    2.93836442609208e-06    1.93502473038375e-06    1.73949406649321e-06    9.94176429095494e-07    1.11057089238875e-05
292.999999999879    3.11246244946697e-06    3.82527412628093e-07    2.92455530864903e-06    1.92856684578811e-06    1.72899333680511e-06    9.8924968397614e-07    1.10663550373135e-05
293.499999999878    3.10322614271961e-06    3.80628811122048e-07    2.91044978064127e-06    1.92260725846897e-06    1.72346621154024e-06    9.86814279114593e-07    1.10271924836067e-05
293.999999999878    3.08544300752779e-06    3.8063425139835e-07    2.89719628805826e-06    1.91700690758963e-06    1.7237542025335e-06    9.84232849468611e-07    1.09882675065761e-05
294.499999999877    3.07291253165406e-06    3.8013604768236e-07    2.88340183549152e-06    1.9112995615153e-06    1.72312245137419e-06    9.78727249722896e-07    1.09495996774403e-05
294.999999999877    3.06367400326919e-06    3.78081799356101e-07    2.873642616268e-06    1.90527813440331e-06    1.71821208199015e-06    9.7224908976507e-07    1.09111377250518e-05
295.499999999876    3.05503356529219e-06    3.75362296800466e-07    2.86441683646894e-06    1.89918516639603e-06    1.71059633037753e-06    9.68273762738685e-07    1.08728679580738e-05
295.999999999876    3.04940774836352e-06    3.73054428385321e-07    2.85177365721283e-06    1.89296725910039e-06    1.70373350307943e-06    9.63837209135965e-07    1.08347738052775e-05
296.499999999875    3.03450738264575e-06    3.72191188816766e-07    2.84131959992419e-06    1.88607329595018e-06    1.7008669028534e-06    9.61930830983706e-07    1.0796889201174e-05
296.999999999875    3.02060022103345e-06    3.71316961403526e-07    2.83116005152752e-06    1.87809754512356e-06    1.6978494047399e-06    9.60211161099558e-07    1.07592353449275e-05
297.499999999874    3.01397971999286e-06    3.68908130205473e-07    2.82248225439939e-06    1.86894051290445e-06    1.69046700521176e-06    9.5700821166274e-07    1.07217858343767e-05
297.999999999874    3.01177742533005e-06    3.66165365157183e-07    2.81634888819651e-06    1.85955573144987e-06    1.68302646631313e-06    9.47590055072542e-07    1.06844639315193e-05
298.499999999874    2.9900133752198e-06    3.6487257224794e-07    2.81043789021775e-06    1.85122779626156e-06    1.68101627185575e-06    9.4978177941258e-07    1.06473496852154e-05
298.999999999873    2.98149048046831e-06    3.63853956696357e-07    2.80046797306387e-06    1.84426386024171e-06    1.67783592754347e-06    9.4252488075736e-07    1.06104370787711e-05
299.499999999873    2.97343045180375e-06    3.62480551498225e-07    2.78720126159201e-06    1.83885924001528e-06    1.67319257197406e-06    9.38558743156583e-07    1.05737228200399e-05
