1:binCentralValue 2:valuesAverage 3:valuesAverage 4:multiplicity
0.05 4.565603758445767e-14 5.924922478558431e-16 18
0.1 1.679394404027687e-13 6.030293502432047e-15 62
0.15 2.957251252398922e-13 1.723198577863911e-14 98
0.2 6.759752781094863e-13 5.534144280018004e-14 210
0.25 1.424800021116765e-12 1.194463552647026e-13 350
0.3 1.869727528564141e-12 2.261405751777951e-13 450
0.35 2.189146614368426e-12 3.464041572139253e-13 602
0.4 3.50881708292861e-12 6.148411209536607e-13 762
0.45 4.945805282028602e-12 1.094125487345176e-12 1142
0.5 5.237082336414908e-12 1.522655437449956e-12 1250
0.55 6.578808531468373e-12 2.106858822300161e-12 1458
0.6 8.035989517655896e-12 3.073460396226768e-12 1814
0.65 1.010256358293765e-11 4.450048791402647e-12 2178
0.7 1.139372260612665e-11 5.637548124033966e-12 2498
0.75 1.203541288296093e-11 6.749987015460456e-12 2622
0.8 1.537271662399439e-11 1.03142302411302e-11 3338
0.85 1.618965926988197e-11 1.261281331026099e-11 3722
0.9 1.919797012257907e-11 1.546339143919744e-11 4170
0.95 1.940418963504026e-11 1.811388111887132e-11 4358
1 2.204107719777678e-11 2.387410313016597e-11 5034
1.05 2.612666343060937e-11 2.891762844922597e-11 5714
1.1 2.695929108385122e-11 3.332067252244944e-11 5982
1.15 3.094199710383131e-11 3.992555684078894e-11 6602
1.2 3.213903748265492e-11 4.72851244870335e-11 7130
1.25 3.664296817943068e-11 5.815173315789584e-11 8034
1.3 3.913872484386203e-11 6.647339001311033e-11 8606
1.35 4.052569577321497e-11 7.807015980186689e-11 9066
1.4 4.596280623661626e-11 9.037127580571409e-11 9962
1.45 4.883069826190639e-11 1.036372458626794e-10 10550
1.5 5.230221382409935e-11 1.186684881094896e-10 11226
1.55 5.626816731564689e-11 1.35434738926232e-10 12146
1.6 5.644678215285165e-11 1.467294365400379e-10 12303
1.65 5.783588814738042e-11 1.546316122293683e-10 12584
1.7 5.379007853309164e-11 1.568989305292654e-10 12120
1.75 5.120077066765334e-11 1.557229925835738e-10 11180
1.8 5.117473142142656e-11 1.646760617872069e-10 11096
1.85 4.74385824030836e-11 1.559986529867964e-10 10056
1.9 4.447409202894522e-11 1.569056770926446e-10 9716
1.95 4.003279918759088e-11 1.503443893528254e-10 8604
2 1.865283237870851e-11 7.186641432577559e-11 8060
2.05 4.532536114099961e-32 1.870796218800159e-34 7320
2.1 3.689421440611609e-32 1.417522876128527e-34 6356
2.15 4.65379154550166e-32 1.53499201066613e-34 5348
2.2 3.126218163550234e-32 1.403654733306473e-34 4308
2.25 2.836535994462954e-32 9.755860009121434e-35 3563
2.3 1.98244825764058e-32 7.319277642101429e-35 2448
2.35 1.43235717447074e-32 5.377001861093784e-35 1868
2.4 9.78940033821853e-33 5.002073414184283e-35 1358
2.45 8.578947474399699e-33 2.887256154354173e-35 1062
2.5 7.365822285782898e-33 2.681252974688295e-35 776
2.55 3.720835927430778e-33 1.717409589725666e-35 432
2.6 3.588058922235407e-33 8.822491545167692e-36 200
2.65 2.94033152646332e-33 6.208146872389928e-36 168
2.7 1.585379409883771e-33 3.350686074774075e-36 56
2.75 2.2021644079721e-34 4.764275479790333e-37 7

0.05 6.044526820218413e-15 1.940326659142525e-15 18
0.1 2.658333096115494e-14 7.818696661253954e-15 62
0.15 7.200070596216091e-14 1.543975372950707e-14 98
0.2 2.295669978476489e-13 4.680741246380622e-14 210
0.25 3.827257333183768e-13 1.198759113334504e-13 350
0.3 6.179019763503744e-13 1.742221285750942e-13 450
0.35 7.701561019012261e-13 2.654703212853778e-13 602
0.4 1.24840816457004e-12 4.539389037884291e-13 762
0.45 1.884695366677322e-12 7.737384897374371e-13 1142
0.5 2.022187379376972e-12 1.072789459177893e-12 1250
0.55 2.603497951343609e-12 1.437865458527128e-12 1458
0.6 3.317869377102127e-12 2.032289885581104e-12 1814
0.65 4.204868262078637e-12 2.918621090511652e-12 2178
0.7 4.886182810503857e-12 3.609879148755245e-12 2498
0.75 5.214165987478201e-12 4.283416372611788e-12 2622
0.8 6.945985593544217e-12 6.20640503553615e-12 3338
0.85 7.886964337332274e-12 7.137724988468744e-12 3722
0.9 8.819680187473005e-12 9.398880248638919e-12 4170
0.95 9.387771712152693e-12 1.04653037451182e-11 4358
1 1.113316917064787e-11 1.336403089824463e-11 5034
1.05 1.20955825961086e-11 1.766279613966587e-11 5714
1.1 1.252526745348414e-11 2.034489663729832e-11 5982
1.15 1.367401769173101e-11 2.541032275562528e-11 6602
1.2 1.427401128597793e-11 3.006181648658538e-11 7130
1.25 1.593607333738872e-11 3.748358233573085e-11 8034
1.3 1.705140331866367e-11 4.257523981590134e-11 8606
1.35 1.798714891644417e-11 4.923733587829196e-11 9066
1.4 2.065152560619703e-11 5.613249554078287e-11 9962
1.45 2.254630299399055e-11 6.271688027961533e-11 10550
1.5 2.556625761564035e-11 6.84416478101473e-11 11226
1.55 2.884565391532251e-11 7.489534846174169e-11 12146
1.6 3.066106332017335e-11 7.710453185223008e-11 12303
1.65 3.245444782916412e-11 7.785889116321916e-11 12584
1.7 3.327741291725324e-11 7.196955480168144e-11 12120
1.75 3.312660280588799e-11 6.771316171368076e-11 11180
1.8 3.451181984390987e-11 6.855761813793365e-11 11096
1.85 3.088390782818685e-11 6.868014949800394e-11 10056
1.9 2.943329118405859e-11 6.948504871947514e-11 9716
1.95 2.635273938390406e-11 6.804986427872147e-11 8604
2 1.200460827234981e-11 3.385896016088355e-11 8060
2.05 1.010174750772182e-24 3.309071035567611e-24 7320
2.1 8.23238487268868e-25 2.857485877855083e-24 6356
2.15 6.896162725315272e-25 2.423732789497039e-24 5348
2.2 5.306921201479121e-25 1.868460392882074e-24 4308
2.25 4.166798028211451e-25 1.573799498771709e-24 3563
2.3 2.734877998644239e-25 9.801174583204003e-25 2448
2.35 2.0125681355234e-25 8.29306326969258e-25 1868
2.4 1.430033796171284e-25 6.244485979557918e-25 1358
2.45 1.123953390943686e-25 4.514520649766924e-25 1062
2.5 8.357586667198862e-26 3.42407070340192e-25 776
2.55 4.567600825155658e-26 1.957424104973671e-25 432
2.6 2.258541929966939e-26 8.37996930041555e-26 200
2.65 1.710728891860638e-26 8.262322039852986e-26 168
2.7 5.894007595573277e-27 2.058995612326378e-26 56
2.75 8.919397498645294e-28 5.39738326472111e-27 7

0.05 1.53195101527821e-14 7.657813963238452e-16 18
0.1 7.280003626952262e-14 1.976468000039407e-15 62
0.15 1.268325905088042e-13 3.823346783885847e-15 98
0.2 2.887102333905825e-13 1.354844578029173e-14 210
0.25 5.33510904988669e-13 3.349771193234623e-14 350
0.3 5.516620985037088e-13 7.920051431556698e-14 450
0.35 5.968095889401232e-13 1.400625492677254e-13 602
0.4 7.961970241637869e-13 2.816355619105646e-13 762
0.45 1.178004583506705e-12 4.86672829422315e-13 1142
0.5 1.239717724405586e-12 6.827965177493428e-13 1250
0.55 1.496755134533641e-12 9.724998845134762e-13 1458
0.6 1.99936429075669e-12 1.32278267284885e-12 1814
0.65 2.448561681928754e-12 1.967062781218957e-12 2178
0.7 2.620252213829561e-12 2.636532747519131e-12 2498
0.75 2.760926284045275e-12 3.15665635547611e-12 2622
0.8 3.559704772016677e-12 4.74688076317541e-12 3338
0.85 4.036946955988417e-12 5.423749134537115e-12 3722
0.9 4.900322619170915e-12 6.534139716969793e-12 4170
0.95 5.270172692051694e-12 7.193404118751329e-12 4358
1 6.212137565681501e-12 9.263484389097799e-12 5034
1.05 6.585604950464284e-12 1.260240683413985e-11 5714
1.1 6.607852308858182e-12 1.489095565883345e-11 5982
1.15 7.372859179768958e-12 1.814170948251239e-11 6602
1.2 8.137462912513199e-12 2.028243921802663e-11 7130
1.25 9.762143247638734e-12 2.374597288215035e-11 8034
1.3 1.097131864423523e-11 2.595688521668909e-11 8606
1.35 1.201539825044737e-11 2.923787474232717e-11 9066
1.4 1.300792823780846e-11 3.567143374410865e-11 9962
1.45 1.400337115749243e-11 4.113821087192242e-11 10550
1.5 1.465825342044317e-11 4.841694662305404e-11 11226
1.55 1.590103144304182e-11 5.486505488062681e-11 12146
1.6 1.700915363454295e-11 5.642206630541274e-11 12303
1.65 1.738089206032204e-11 5.872557184059105e-11 12584
1.7 1.593880363324279e-11 6.015369835107341e-11 12120
1.75 1.5762387907852e-11 5.717577481177868e-11 11180
1.8 1.697088763067855e-11 5.631712008888987e-11 11096
1.85 1.527539134944174e-11 5.565143211322027e-11 10056
1.9 1.419751783127166e-11 5.771590967097325e-11 9716
1.95 1.24636744285742e-11 5.69370352592087e-11 8604
2 5.662973533690304e-12 2.791524324419428e-11 8060
2.05 1.002916546205683e-24 4.806044544106028e-24 7320
2.1 8.396196675493335e-25 4.109514803432764e-24 6356
2.15 7.039932549151338e-25 3.530633370964441e-24 5348
2.2 5.268617256287396e-25 2.839003078028965e-24 4308
2.25 4.244231728878908e-25 2.333161993645198e-24 3563
2.3 2.653339902321679e-25 1.50394981909494e-24 2448
2.35 1.937441759299509e-25 1.22848634979514e-24 1868
2.4 1.464619802771392e-25 9.417002150571576e-25 1358
2.45 1.195086995896999e-25 6.380219344556244e-25 1062
2.5 8.462985997072297e-26 4.834027016756424e-25 776
2.55 4.178266662200371e-26 2.911560178646468e-25 432
2.6 2.429447483083487e-26 1.122257273649551e-25 200
2.65 1.842762669165057e-26 1.160892884273068e-25 168
2.7 3.945618294673774e-27 2.725947720173538e-26 56
2.75 8.15301216279517e-28 2.896793381848752e-27 7

0.05 2.273915397851067e-14 3.0380195083653e-15 18
0.1 7.386179620261808e-14 5.479922790018881e-15 62
0.15 9.634620293447413e-14 4.873688009943268e-15 98
0.2 1.744123151759961e-13 1.269285388759618e-14 210
0.25 1.778611437546764e-13 5.285348616940497e-14 350
0.3 2.047791285288927e-13 1.022166860754682e-13 450
0.35 2.7308864383318e-13 1.48933020031334e-13 602
0.4 4.515609841808715e-13 2.469859230963484e-13 762
0.45 6.08382519907665e-13 4.746715403020044e-13 1142
0.5 6.406186971343948e-13 6.688084809655835e-13 1250
0.55 8.03060810827705e-13 9.110209122871246e-13 1458
0.6 1.041642219758102e-12 1.273658945926475e-12 1814
0.65 1.290953508066791e-12 1.871156415994304e-12 2178
0.7 1.383965453550727e-12 2.503297736084109e-12 2498
0.75 1.510107269829008e-12 2.912025601116026e-12 2622
0.8 2.074002138487258e-12 4.126274624353328e-12 3338
0.85 2.387752595224015e-12 4.647814038753871e-12 3722
0.9 2.628186924153022e-12 6.150756860174664e-12 4170
0.95 2.613126639436379e-12 7.310208738329386e-12 4358
1 3.198967013977623e-12 9.033321717193123e-12 5034
1.05 3.976659848531181e-12 1.039903802945302e-11 5714
1.1 4.240789228605246e-12 1.165336272592101e-11 5982
1.15 4.656845069898352e-12 1.460573088610464e-11 6602
1.2 5.017966991350248e-12 1.678244864322652e-11 7130
1.25 5.911624475076531e-12 1.996956341350592e-11 8034
1.3 6.42043911341067e-12 2.255130685417048e-11 8606
1.35 6.916769258571513e-12 2.579664137860426e-11 9066
1.4 7.23108516700875e-12 3.21806953552636e-11 9962
1.45 8.282442266325337e-12 3.467474706072665e-11 10550
1.5 9.173967459346863e-12 3.846086148453124e-11 11226
1.55 9.856756440576242e-12 4.434002053685514e-11 12146
1.6 1.048344914000178e-11 4.605463505659139e-11 12303
1.65 1.039633491981502e-11 4.964551931695219e-11 12584
1.7 9.800978132572407e-12 4.985520654321394e-11 12120
1.75 9.450097279363141e-12 4.875565453375072e-11 11180
1.8 9.115554326494423e-12 5.332356089076847e-11 11096
1.85 8.252908709256766e-12 5.145372131724646e-11 10056
1.9 8.029597865890791e-12 5.053310975414536e-11 9716
1.95 7.669254713614852e-12 4.606166036254925e-11 8604
2 3.688618540572529e-12 2.140526698459252e-11 8060
2.05 1.005047414075482e-22 7.604634217115286e-22 7320
2.1 8.808100788762313e-23 6.685792398383043e-22 6356
2.15 7.231406868894564e-23 5.995813813169244e-22 5348
2.2 5.956203914359955e-23 5.058473190752482e-22 4308
2.25 5.264721554219665e-23 4.207401912102931e-22 3563
2.3 3.357408598527884e-23 2.952699575735499e-22 2448
2.35 2.64203962557324e-23 2.570724356447248e-22 1868
2.4 1.809532509316107e-23 1.688256572467124e-22 1358
2.45 1.549381568143487e-23 1.47448853971905e-22 1062
2.5 1.16122565836554e-23 1.088830683284248e-22 776
2.55 6.666901912715051e-24 6.443683482811593e-23 432
2.6 3.560091842990553e-24 3.058345366876176e-23 200
2.65 2.410934356032527e-24 2.12449965710521e-23 168
2.7 6.269007714407129e-25 6.723098818548467e-24 56
2.75 1.59894781975618e-25 6.108835304510721e-25 7

0.05 4.124156715077678e-14 3.053169133684482e-17 18
0.1 4.05069718211681e-14 2.123096556444183e-15 62
0.15 2.170758436830845e-14 6.359508702043136e-15 98
0.2 9.635579460660255e-14 1.411723168870553e-14 210
0.25 2.507351089996323e-13 2.152653665940888e-14 350
0.3 2.158567650775152e-13 6.02754427714052e-14 450
0.35 2.272110131996761e-13 9.851254097479659e-14 602
0.4 3.387803273301565e-13 1.861044974392394e-13 762
0.45 4.575851335200563e-13 3.480623926412164e-13 1142
0.5 5.2888634084042e-13 4.524373685303306e-13 1250
0.55 6.907285316736233e-13 5.872460200306989e-13 1458
0.6 8.693977510569651e-13 8.436966519142746e-13 1814
0.65 1.09788684064395e-12 1.22210252415964e-12 2178
0.7 1.132212877572054e-12 1.721525724470015e-12 2498
0.75 1.130708900201178e-12 2.145696667592389e-12 2622
0.8 1.574728117287113e-12 2.984473562348559e-12 3338
0.85 1.706445781413504e-12 3.601889926122486e-12 3722
0.9 1.923011694595178e-12 4.630156682127824e-12 4170
0.95 2.15597398800746e-12 4.901549100228198e-12 4358
1 2.519450449472937e-12 6.387646195835429e-12 5034
1.05 2.819422336887499e-12 8.136803234568997e-12 5714
1.1 2.978126160448868e-12 9.129801732237369e-12 5982
1.15 3.370258534885231e-12 1.111007408870736e-11 6602
1.2 3.59286496562771e-12 1.290673899538159e-11 7130
1.25 4.29218109245818e-12 1.522205046850291e-11 8034
1.3 4.550209453229269e-12 1.771507529600309e-11 8606
1.35 4.97335501218382e-12 1.995231133765835e-11 9066
1.4 5.27756020054395e-12 2.445479432262369e-11 9962
1.45 6.008432554719232e-12 2.643727302974325e-11 10550
1.5 6.423214389196881e-12 3.06142030445283e-11 11226
1.55 7.154938310608301e-12 3.377987703599918e-11 12146
1.6 7.175742144266397e-12 3.719983960583784e-11 12303
1.65 7.259411573486205e-12 3.917012215130295e-11 12584
1.7 7.167232091180047e-12 3.767424276448525e-11 12120
1.75 6.691136352500275e-12 3.797095780540246e-11 11180
1.8 6.676668913855175e-12 4.03838978457723e-11 11096
1.85 5.957724986577329e-12 3.968111840014426e-11 10056
1.9 5.514895843118526e-12 4.054525374657049e-11 9716
1.95 5.231742432462565e-12 3.696175313338208e-11 8604
2 2.474899365966343e-12 1.752635061899253e-11 8060
2.05 4.349181664201709e-23 3.203964631014249e-22 7320
2.1 3.744454863625142e-23 2.858181788446525e-22 6356
2.15 3.190326572497835e-23 2.471601937014023e-22 5348
2.2 2.757143528950492e-23 2.089585370498703e-22 4308
2.25 2.245494646835225e-23 1.854129938944674e-22 3563
2.3 1.495628894776376e-23 1.291028062408828e-22 2448
2.35 1.290269592275771e-23 1.032931041437043e-22 1868
2.4 8.398665231752071e-24 7.072965671389268e-23 1358
2.45 6.928818433849903e-24 6.694246978640796e-23 1062
2.5 4.975975526345116e-24 4.749307016011686e-23 776
2.55 2.872554539680333e-24 2.898410543044553e-23 432
2.6 1.375343352093563e-24 1.48838652285026e-23 200
2.65 9.486153417451309e-25 1.037123183435652e-23 168
2.7 2.861319887163837e-25 2.600406652722908e-24 56
2.75 6.562286285949425e-26 2.619953620383904e-25 7

0.05 3.928667420056238e-15 6.973359745512374e-15 18
0.1 1.215085703486339e-14 2.12687432364036e-15 62
0.15 8.239944378305068e-15 1.01812508319358e-14 98
0.2 3.899223604059801e-14 2.917774687211883e-14 210
0.25 1.090073712629117e-13 3.187457493904172e-14 350
0.3 8.553631195626201e-14 8.482497069924821e-14 450
0.35 1.211667008036513e-13 1.10877496487912e-13 602
0.4 1.880921819196388e-13 2.004216028776982e-13 762
0.45 3.086347823563351e-13 3.185596784465143e-13 1142
0.5 3.075402981557928e-13 4.857822590405041e-13 1250
0.55 3.688837343650747e-13 6.733796722191078e-13 1458
0.6 5.282923993692041e-13 8.51814703663375e-13 1814
0.65 7.050035121475438e-13 1.163826772057289e-12 2178
0.7 6.943273368848766e-13 1.699463534185162e-12 2498
0.75 7.947235308836476e-13 1.870911499695826e-12 2622
0.8 1.110767084372115e-12 2.600282701707778e-12 3338
0.85 1.185996347561176e-12 3.159551436855275e-12 3722
0.9 1.38899143305103e-12 3.950663984574498e-12 4170
0.95 1.375886929748315e-12 4.723367072453973e-12 4358
1 1.707942905071876e-12 5.73237496999346e-12 5034
1.05 1.942760827814808e-12 7.219303170555375e-12 5714
1.1 2.063753745347237e-12 8.096034200873239e-12 5982
1.15 2.291406486933309e-12 1.000686340114935e-11 6602
1.2 2.520177876398563e-12 1.125557572106381e-11 7130
1.25 2.901594965370079e-12 1.382690863049208e-11 8034
1.3 3.208539981849505e-12 1.531532803292694e-11 8606
1.35 3.409754953511163e-12 1.773760179012434e-11 9066
1.4 3.819025401005738e-12 2.074509784228323e-11 9962
1.45 4.116368555319405e-12 2.359058301862684e-11 10550
1.5 4.484706280425085e-12 2.675892938666649e-11 11226
1.55 5.003108191489191e-12 2.960507312442687e-11 12146
1.6 4.97570973643627e-12 3.288923990653305e-11 12303
1.65 5.103791728897062e-12 3.407461263575265e-11 12584
1.7 4.916747623364275e-12 3.364537132243572e-11 12120
1.75 4.693545479762287e-12 3.333464993423665e-11 11180
1.8 4.561562031140284e-12 3.614922447170105e-11 11096
1.85 4.25003487216775e-12 3.388845551037346e-11 10056
1.9 4.044632794545464e-12 3.393419931700283e-11 9716
1.95 3.770992755044533e-12 3.160699512789466e-11 8604
2 1.810273722391302e-12 1.470135477295614e-11 8060
2.05 3.124057797186252e-23 2.829146020414233e-22 7320
2.1 2.681786585452335e-23 2.539360855848788e-22 6356
2.15 2.268070621974081e-23 2.225042767825349e-22 5348
2.2 1.950594484913552e-23 1.888378184084379e-22 4308
2.25 1.630021437242469e-23 1.672681516536269e-22 3563
2.3 1.120791527537224e-23 1.136051382127875e-22 2448
2.35 9.545602070638116e-24 9.112842642454706e-23 1868
2.4 6.122506795229164e-24 6.366743978092306e-23 1358
2.45 5.047614127421579e-24 5.869624168308333e-23 1062
2.5 3.659882065229501e-24 4.084470502774613e-23 776
2.55 2.210266125417814e-24 2.333187702106911e-23 432
2.6 1.083906400907467e-24 1.149920356236922e-23 200
2.65 7.782796952761964e-25 7.781758814737119e-24 168
2.7 1.795733842234002e-25 2.499258604242198e-24 56
2.75 3.718904526232127e-26 3.0696325916887e-25 7

0.05 1.709980852081489e-14 3.028255482093448e-16 18
0.1 1.061994993515166e-14 1.836372303300353e-15 62
0.15 2.959146167029746e-14 1.91828483354134e-15 98
0.2 4.319463666695301e-14 1.334901077600749e-14 210
0.25 1.370480768497093e-13 1.718146222655555e-14 350
0.3 9.114022146062624e-14 4.792917373418991e-14 450
0.35 1.263305187931861e-13 6.525309075356291e-14 602
0.4 1.989076439739511e-13 1.164640182246971e-13 762
0.45 2.58510475195484e-13 2.298699424961894e-13 1142
0.5 3.236874135684414e-13 2.789057077893747e-13 1250
0.55 3.183533309659756e-13 4.815270511573893e-13 1458
0.6 4.251256855104593e-13 6.438457962825666e-13 1814
0.65 5.545441626398692e-13 9.057665857751611e-13 2178
0.7 5.71450984500518e-13 1.254050605722705e-12 2498
0.75 6.657991055555815e-13 1.363864740379955e-12 2622
0.8 8.054297315063102e-13 2.180121470226845e-12 3338
0.85 8.995970183873024e-13 2.537859758772737e-12 3722
0.9 1.045428539742152e-12 3.188821071402128e-12 4170
0.95 1.073418381414803e-12 3.700887722041922e-12 4358
1 1.282678780780273e-12 4.656648382636442e-12 5034
1.05 1.493788554306893e-12 5.703370300334324e-12 5714
1.1 1.555099474398887e-12 6.544541398607915e-12 5982
1.15 1.752472051734428e-12 7.955310707921511e-12 6602
1.2 1.876747047239098e-12 9.219834786523736e-12 7130
1.25 2.226831670614899e-12 1.096445890493456e-11 8034
1.3 2.329997788973925e-12 1.28212404526428e-11 8606
1.35 2.492525004752472e-12 1.472358686656439e-11 9066
1.4 2.84397660309771e-12 1.694124331916369e-11 9962
1.45 3.117810013288944e-12 1.903972316778096e-11 10550
1.5 3.392507930093723e-12 2.160108427361807e-11 11226
1.55 3.677616179584948e-12 2.47070369476441e-11 12146
1.6 3.788215545112566e-12 2.619313768921518e-11 12303
1.65 3.780047524943591e-12 2.8012900876854e-11 12584
1.7 3.609580683427918e-12 2.787392060820017e-11 12120
1.75 3.379257097189226e-12 2.813324078713818e-11 11180
1.8 3.493613494750593e-12 2.875106796121332e-11 11096
1.85 3.226421059968035e-12 2.719194779521994e-11 10056
1.9 3.002756860178063e-12 2.793237510093878e-11 9716
1.95 2.756912685391103e-12 2.625797380744308e-11 8604
2 1.259434541282901e-12 1.282433907316732e-11 8060
2.05 2.281615784826413e-23 2.283430185658674e-22 7320
2.1 1.996083886126831e-23 2.019040219995635e-22 6356
2.15 1.681553381464992e-23 1.787534051343488e-22 5348
2.2 1.469569293843196e-23 1.501634853782941e-22 4308
2.25 1.161687516264874e-23 1.381021213941314e-22 3563
2.3 7.864350657800989e-24 9.561481228032525e-23 2448
2.35 5.984768786454604e-24 8.73692454819781e-23 1868
2.4 4.163675375610363e-24 5.580816581564214e-23 1358
2.45 3.744681194713505e-24 4.894132382177725e-23 1062
2.5 2.586202314713606e-24 3.60707760275677e-23 776
2.55 1.505485313001952e-24 2.180532386711488e-23 432
2.6 7.328105225610454e-25 1.108883914455011e-23 200
2.65 4.939182670018973e-25 7.644042297811596e-24 168
2.7 1.504405290656598e-25 1.930433753458217e-24 56
2.75 3.641857160204979e-26 1.692425910042603e-25 7

0.05 4.23076122624006e-16 4.490789302225662e-15 18
0.1 5.024763146813227e-16 2.291536445123166e-14 62
0.15 2.90035032369841e-15 1.30476093250801e-14 98
0.2 9.694424269897711e-15 4.681412847982399e-14 210
0.25 2.417976056562222e-14 7.135568703310362e-14 350
0.3 3.308859802567059e-14 9.003490334058647e-14 450
0.35 4.523848778559658e-14 1.207884073948377e-13 602
0.4 7.433711117896058e-14 2.07733550765041e-13 762
0.45 1.197627278263127e-13 3.322703029531963e-13 1142
0.5 1.597502940861672e-13 3.759468608284243e-13 1250
0.55 1.724884500441541e-13 5.884393338559076e-13 1458
0.6 2.563790332485338e-13 7.078406304566924e-13 1814
0.65 2.951802215470789e-13 1.123250120923237e-12 2178
0.7 3.725088673263132e-13 1.288144901961344e-12 2498
0.75 3.859433846973768e-13 1.561209903325488e-12 2622
0.8 5.185784820578945e-13 2.256793738529578e-12 3338
0.85 5.644809292941988e-13 2.687566411389663e-12 3722
0.9 6.767357442103335e-13 3.273003019834786e-12 4170
0.95 7.26812671755428e-13 3.624090758599934e-12 4358
1 8.267157420095972e-13 4.803432291540196e-12 5034
1.05 9.610574093495892e-13 5.910521468397046e-12 5714
1.1 1.021191857018827e-12 6.613555602920306e-12 5982
1.15 1.180017796520279e-12 7.865710420793766e-12 6602
1.2 1.295395349020908e-12 8.893497140918444e-12 7130
1.25 1.478549441327475e-12 1.093500751262077e-11 8034
1.3 1.627437239325826e-12 1.222422315985253e-11 8606
1.35 1.771188927172636e-12 1.382087260969147e-11 9066
1.4 1.929670869700231e-12 1.65880036324728e-11 9962
1.45 2.113888015764966e-12 1.858488463606501e-11 10550
1.5 2.331700637393526e-12 2.081437904145746e-11 11226
1.55 2.604974902170184e-12 2.306310722012083e-11 12146
1.6 2.668296434247989e-12 2.473336714814212e-11 12303
1.65 2.662988144922312e-12 2.646483067690309e-11 12584
1.7 2.604997178094218e-12 2.568786549316641e-11 12120
1.75 2.390967473135259e-12 2.639133721403569e-11 11180
1.8 2.421825017673697e-12 2.751124514546194e-11 11096
1.85 2.247864510425247e-12 2.598568085471434e-11 10056
1.9 2.191428705356207e-12 2.536065804788801e-11 9716
1.95 1.965668454547622e-12 2.453677543446294e-11 8604
2 8.96660123363401e-13 1.20011460831964e-11 8060
2.05 2.381722223702233e-23 2.991506872774041e-22 7320
2.1 2.027542754510516e-23 2.628995438138851e-22 6356
2.15 1.738604385656943e-23 2.295111364848578e-22 5348
2.2 1.40849200678434e-23 2.007542589315676e-22 4308
2.25 1.219255930865906e-23 1.662878344549431e-22 3563
2.3 7.618499492396396e-24 1.187033808206302e-22 2448
2.35 5.816590636988945e-24 1.053555887554415e-22 1868
2.4 4.155489296097169e-24 6.818988788797479e-23 1358
2.45 3.651201788957717e-24 5.541262722028447e-23 1062
2.5 2.52455368063309e-24 4.208202170830859e-23 776
2.55 1.395433814664088e-24 2.362540605780496e-23 432
2.6 6.864760476258059e-25 1.120741785111176e-23 200
2.65 4.944793264889693e-25 8.124915010443116e-24 168
2.7 1.294157771759101e-25 2.378552258741553e-24 56
2.75 2.393015204566209e-26 1.919559875644409e-25 7

0.05 3.337336145740921e-15 3.030473710749543e-16 18
0.1 1.074788862187555e-14 1.424876217651463e-15 62
0.15 1.335846237611504e-14 1.975945506978236e-15 98
0.2 4.610286506296906e-14 6.363004567733993e-15 210
0.25 5.531354918506762e-14 2.150657805532263e-14 350
0.3 7.136942674476139e-14 2.960488525293141e-14 450
0.35 7.083436571274257e-14 5.338548673849154e-14 602
0.4 9.415382985759959e-14 1.122484972341384e-13 762
0.45 1.440564016167477e-13 1.883145045422682e-13 1142
0.5 1.814076094118846e-13 2.260097450450357e-13 1250
0.55 2.022648055708095e-13 3.405307716699301e-13 1458
0.6 2.511415242154831e-13 4.969985760926097e-13 1814
0.65 3.260418289479481e-13 6.931278061460948e-13 2178
0.7 3.565412220403008e-13 9.10008468830001e-13 2498
0.75 3.598906796866802e-13 1.138495328979603e-12 2622
0.8 4.950727492184236e-13 1.605841931548328e-12 3338
0.85 5.26699912707481e-13 1.956864815610817e-12 3722
0.9 6.281539876757211e-13 2.396921036165778e-12 4170
0.95 6.370985197078468e-13 2.81169489031492e-12 4358
1 7.597094150226974e-13 3.549973927010041e-12 5034
1.05 8.753726111919218e-13 4.401368773447236e-12 5714
1.1 8.986089517097927e-13 5.115041148561124e-12 5982
1.15 1.025477785708443e-12 6.144959865154753e-12 6602
1.2 1.118518520502661e-12 7.000528830486363e-12 7130
1.25 1.29373360756691e-12 8.511418006088054e-12 8034
1.3 1.402641888673476e-12 9.611650936764294e-12 8606
1.35 1.527846322034222e-12 1.09049882392179e-11 9066
1.4 1.67021920852564e-12 1.30150948333341e-11 9962
1.45 1.830146958997112e-12 1.459455475645762e-11 10550
1.5 2.034782134724563e-12 1.624590164177724e-11 11226
1.55 2.183952246504553e-12 1.873316647657669e-11 12146
1.6 2.261666488732211e-12 1.982218811893024e-11 12303
1.65 2.202467800433719e-12 2.177020477214277e-11 12584
1.7 2.146963702185147e-12 2.126363803583652e-11 12120
1.75 2.041149721968885e-12 2.098716450908069e-11 11180
1.8 1.98816562001532e-12 2.280334665882183e-11 11096
1.85 1.869798535520589e-12 2.124419430212815e-11 10056
1.9 1.756177185530825e-12 2.155779905502539e-11 9716
1.95 1.609123346580087e-12 2.032709061753826e-11 8604
2 7.677586306620074e-13 9.555049396641071e-12 8060
2.05 1.432494585294073e-23 1.978587229765537e-22 7320
2.1 1.227560330275674e-23 1.744687191495979e-22 6356
2.15 1.050875883458304e-23 1.554506413624705e-22 5348
2.2 9.069196874893647e-24 1.276117314977008e-22 4308
2.25 7.499062301183747e-24 1.123334153405797e-22 3563
2.3 4.961984630997994e-24 7.634394916829191e-23 2448
2.35 4.041719565784395e-24 6.539465154195046e-23 1868
2.4 2.598629640229266e-24 4.615828589880011e-23 1358
2.45 2.195634258946712e-24 4.201718204482117e-23 1062
2.5 1.633900137083503e-24 2.767052269222798e-23 776
2.55 8.871802781364411e-25 1.712161266430418e-23 432
2.6 4.43892585226294e-25 7.734985857421536e-24 200
2.65 2.809313306476644e-25 6.389517328959652e-24 168
2.7 9.591133481736214e-26 1.44389045560191e-24 56
2.75 1.705487928876445e-26 2.696110504310542e-25 7

0.05 1.077529642490468e-15 1.765147053686291e-15 18
0.1 3.904722103308649e-15 2.16283854208515e-15 62
0.15 2.776072975770953e-15 6.613343991460036e-15 98
0.2 1.884058636428528e-14 1.183591391810261e-14 210
0.25 3.129873838232756e-14 2.585720197069135e-14 350
0.3 2.970328073882204e-14 4.921454169356354e-14 450
0.35 4.653589369994234e-14 5.749443753553094e-14 602
0.4 7.909676989163688e-14 9.643673749933265e-14 762
0.45 9.407088593177174e-14 2.060452752708973e-13 1142
0.5 1.230070503829999e-13 2.40078277960396e-13 1250
0.55 1.466475529265473e-13 3.382021848377366e-13 1458
0.6 1.750838318278972e-13 5.070428814217313e-13 1814
0.65 2.239137276073835e-13 7.234863275278873e-13 2178
0.7 2.5446233451868e-13 9.175203951418939e-13 2498
0.75 2.718545720048111e-13 1.083921279682906e-12 2622
0.8 3.6912819023244e-13 1.546186797035813e-12 3338
0.85 4.015852325065896e-13 1.843975699123737e-12 3722
0.9 4.531560333577762e-13 2.386775877698104e-12 4170
0.95 4.803547598369582e-13 2.669309818991781e-12 4358
1 5.748288157812266e-13 3.367164268532271e-12 5034
1.05 6.791464962571751e-13 4.069159040643062e-12 5714
1.1 6.806939818272553e-13 4.83821557715436e-12 5982
1.15 8.070910111109777e-13 5.606739098756287e-12 6602
1.2 8.765084135911786e-13 6.394898040027404e-12 7130
1.25 9.875499582455283e-13 8.004708978752387e-12 8034
1.3 1.049851548866751e-12 9.234728912630485e-12 8606
1.35 1.168273027466336e-12 1.022127065762034e-11 9066
1.4 1.310463872691625e-12 1.190677864200011e-11 9962
1.45 1.41678563109648e-12 1.355474430974055e-11 10550
1.5 1.527033369383133e-12 1.547964861701138e-11 11226
1.55 1.702375717309601e-12 1.724596228897639e-11 12146
1.6 1.713184475662165e-12 1.881717067050955e-11 12303
1.65 1.747862822438116e-12 1.963428680354494e-11 12584
1.7 1.665328164821486e-12 1.961424489764227e-11 12120
1.75 1.593236139392857e-12 1.931066602304342e-11 11180
1.8 1.569914939259561e-12 2.077210241223611e-11 11096
1.85 1.460112165689418e-12 1.951964708026184e-11 10056
1.9 1.387666219381502e-12 1.955370084349051e-11 9716
1.95 1.263141792937143e-12 1.860478084368426e-11 8604
2 5.634265318991871e-13 9.305928901048324e-12 8060
2.05 1.180158330467551e-23 1.776672924756941e-22 7320
2.1 1.001800600462851e-23 1.562287303779378e-22 6356
2.15 8.468160466076531e-24 1.417793103470282e-22 5348
2.2 7.002373350289392e-24 1.227513704320771e-22 4308
2.25 6.001888256767881e-24 1.021764631468872e-22 3563
2.3 3.851190204193005e-24 7.11936900102281e-23 2448
2.35 3.211085709420932e-24 6.062815553658515e-23 1868
2.4 2.118627701502189e-24 4.135370207850963e-23 1358
2.45 1.771756381957976e-24 3.797149208800287e-23 1062
2.5 1.322819926677674e-24 2.531489420765629e-23 776
2.55 7.078861205391298e-25 1.537912203178689e-23 432
2.6 3.534923143791024e-25 7.064712124903467e-24 200
2.65 2.248654399777272e-25 5.721187110326708e-24 168
2.7 7.389915282806586e-26 1.302833327088852e-24 56
2.75 1.326303906019799e-26 2.578907254443983e-25 7

0.05 5.664347151866123e-15 7.653597631156765e-17 18
0.1 9.9011101101939e-15 4.792539569373107e-16 62
0.15 5.47669413041275e-15 2.4202032492672e-15 98
0.2 3.289907427881193e-14 4.796733727543238e-15 210
0.25 3.555273734867086e-14 1.636688130310265e-14 350
0.3 4.611652000433523e-14 2.336256849359225e-14 450
0.35 4.201933354491357e-14 4.577088069125245e-14 602
0.4 7.380934822705779e-14 7.409252012958928e-14 762
0.45 9.308944915038761e-14 1.501007997242725e-13 1142
0.5 1.102976620482307e-13 1.931990867004047e-13 1250
0.55 1.28820295412508e-13 2.776491210257773e-13 1458
0.6 1.613681469950678e-13 3.984882957087893e-13 1814
0.65 2.084366403052991e-13 5.597370179204298e-13 2178
0.7 2.256162403805362e-13 7.443283469596787e-13 2498
0.75 2.373873034062013e-13 8.909877789370127e-13 2622
0.8 3.069545157948213e-13 1.333340815568095e-12 3338
0.85 3.43160665315523e-13 1.551013688083452e-12 3722
0.9 4.014890309377171e-13 1.935993399564141e-12 4170
0.95 3.992041364966505e-13 2.313105503925711e-12 4358
1 4.758231541557813e-13 2.919671314582581e-12 5034
1.05 5.575132015693682e-13 3.566199723738878e-12 5714
1.1 5.830397877336503e-13 4.055248845380727e-12 5982
1.15 6.581673785060561e-13 4.948254766487684e-12 6602
1.2 7.099837779364564e-13 5.688352563788679e-12 7130
1.25 8.319482686213879e-13 6.807101370976182e-12 8034
1.3 8.765104841149937e-13 7.947135581210833e-12 8606
1.35 9.682475201931305e-13 8.843899824356764e-12 9066
1.4 1.075979613092559e-12 1.042471797744199e-11 9962
1.45 1.178337272640048e-12 1.172047512635383e-11 10550
1.5 1.284454551687349e-12 1.327831672617379e-11 11226
1.55 1.409074822762757e-12 1.496560900788464e-11 12146
1.6 1.423237750601964e-12 1.626430863070651e-11 12303
1.65 1.443719048811001e-12 1.711113500470399e-11 12584
1.7 1.382228792489863e-12 1.69955539664961e-11 12120
1.75 1.293579915639949e-12 1.708268141829274e-11 11180
1.8 1.275993376567299e-12 1.831641272343544e-11 11096
1.85 1.191166633542249e-12 1.718404210300556e-11 10056
1.9 1.139880936260539e-12 1.710226272165401e-11 9716
1.95 1.028278113671923e-12 1.643124888285141e-11 8604
2 4.964941660331806e-13 7.56993389721228e-12 8060
2.05 9.278281842142507e-24 1.58153932592062e-22 7320
2.1 8.058929471845714e-24 1.374164082128616e-22 6356
2.15 6.717381126652402e-24 1.259901262164522e-22 5348
2.2 5.691038887389969e-24 1.052629554697059e-22 4308
2.25 4.911361976114476e-24 8.827576441602613e-23 3563
2.3 3.139791174060243e-24 6.235339785653314e-23 2448
2.35 2.572760447404109e-24 5.316832146646804e-23 1868
2.4 1.659839171045711e-24 3.723824280776755e-23 1358
2.45 1.412462578945362e-24 3.371146929871932e-23 1062
2.5 1.057363813569877e-24 2.20239052296168e-23 776
2.55 5.730622079521313e-25 1.361941177906602e-23 432
2.6 2.822918059951902e-25 6.256876176257854e-24 200
2.65 2.105414237586248e-25 4.447726705543021e-24 168
2.7 5.458553288663471e-26 1.312208062920049e-24 56
2.75 1.234348149265474e-26 1.872913808491923e-25 7

0.05 1.129681420985635e-15 1.509792314013618e-15 18
0.1 2.01117261491377e-15 3.137665517564091e-15 62
0.15 3.335046042765761e-15 6.787227279866623e-15 98
0.2 1.334602441749956e-14 1.179046313686315e-14 210
0.25 1.445509568513099e-14 3.147815724061125e-14 350
0.3 2.136003158316051e-14 4.042899412224414e-14 450
0.35 2.966979131463341e-14 4.981782083385257e-14 602
0.4 4.144155514492461e-14 9.896220751421884e-14 762
0.45 6.459323821948394e-14 1.610132260273069e-13 1142
0.5 7.291035914396345e-14 2.18304094020714e-13 1250
0.55 9.273958037356603e-14 2.880394814105645e-13 1458
0.6 1.180829538444121e-13 4.045795192688882e-13 1814
0.65 1.475540906234274e-13 5.888888638259228e-13 2178
0.7 1.683131622969538e-13 7.457074334793987e-13 2498
0.75 1.788663846727714e-13 8.832569157800331e-13 2622
0.8 2.382347846106643e-13 1.282621652893055e-12 3338
0.85 2.592373600318687e-13 1.532595771555331e-12 3722
0.9 2.941171549872819e-13 1.969912574142287e-12 4170
0.95 3.149126604719837e-13 2.19333895361703e-12 4358
1 3.709324475147864e-13 2.799463157448533e-12 5034
1.05 4.351602814870253e-13 3.412826624914895e-12 5714
1.1 4.54459689762447e-13 3.891955513459828e-12 5982
1.15 5.153292448894562e-13 4.714882987692596e-12 6602
1.2 5.570924477810241e-13 5.402728037318405e-12 7130
1.25 6.471976545929932e-13 6.549940111551272e-12 8034
1.3 7.092464132717001e-13 7.337133575076973e-12 8606
1.35 7.678057897352114e-13 8.33897343895455e-12 9066
1.4 8.387003554952147e-13 1.000763152748137e-11 9962
1.45 9.249487732441824e-13 1.114071342239933e-11 10550
1.5 1.029216701594589e-12 1.236382387401681e-11 11226
1.55 1.11478457733987e-12 1.413666781022304e-11 12146
1.6 1.120430563240601e-12 1.540426186771271e-11 12303
1.65 1.157327265715549e-12 1.590542640403971e-11 12584
1.7 1.102334351108103e-12 1.589611450117702e-11 12120
1.75 1.028958207506742e-12 1.604261448569085e-11 11180
1.8 1.025712766657913e-12 1.704412694069471e-11 11096
1.85 9.44605948658848e-13 1.618494862343441e-11 10056
1.9 9.089130923926745e-13 1.601118103530252e-11 9716
1.95 8.491473726633984e-13 1.483792267066545e-11 8604
2 3.924079691337203e-13 7.156098531392885e-12 8060
2.05 7.986730843282224e-24 1.521537801901544e-22 7320
2.1 6.770576970227454e-24 1.359243986696957e-22 6356
2.15 5.772441376144015e-24 1.189422217719571e-22 5348
2.2 4.857874364760325e-24 1.015044649720351e-22 4308
2.25 4.127117149239479e-24 8.650063219064089e-23 3563
2.3 2.739339504650231e-24 5.853665901295711e-23 2448
2.35 2.272698334703643e-24 4.888538439050499e-23 1868
2.4 1.476492887450007e-24 3.445555541035088e-23 1358
2.45 1.315104460891856e-24 2.935128936246336e-23 1062
2.5 8.381008896416459e-25 2.205854847921376e-23 776
2.55 4.596721979327191e-25 1.312065203707268e-23 432
2.6 2.477980754339742e-25 5.683987526714242e-24 200
2.65 1.526758968662122e-25 4.821735202437511e-24 168
2.7 5.286140727005389e-26 9.850391865532275e-25 56
2.75 1.209096180102163e-26 1.296415906255327e-25 7

0.05 2.356480823332009e-15 1.875166164574334e-16 18
0.1 4.486928746459964e-15 7.232496785632536e-16 62
0.15 4.316464233941549e-15 2.135659804858869e-15 98
0.2 1.457246827602115e-14 7.012775017543663e-15 210
0.25 3.201869137510382e-14 1.03947982299345e-14 350
0.3 3.150723349331893e-14 2.017101099931664e-14 450
0.35 3.378884943230825e-14 3.243548600520082e-14 602
0.4 4.41737060765841e-14 6.980082044151134e-14 762
0.45 6.906736729272127e-14 1.139584899962512e-13 1142
0.5 7.775847321812078e-14 1.541578912832054e-13 1250
0.55 9.120223508351014e-14 2.207401628686666e-13 1458
0.6 1.146716263111943e-13 3.143526246761724e-13 1814
0.65 1.374654784827987e-13 4.778043799834831e-13 2178
0.7 1.526802051576174e-13 6.205372212359187e-13 2498
0.75 1.653930811754126e-13 7.228368602604122e-13 2622
0.8 2.167837293259815e-13 1.066455785289466e-12 3338
0.85 2.311270749815247e-13 1.299156490957659e-12 3722
0.9 2.593247535012299e-13 1.686907149411493e-12 4170
0.95 2.819894751556254e-13 1.848123553253258e-12 4358
1 3.256599349480665e-13 2.410092349169784e-12 5034
1.05 3.704277491289698e-13 3.026934241682312e-12 5714
1.1 4.001830782365784e-13 3.334159841242765e-12 5982
1.15 4.485379778072924e-13 4.094276969653906e-12 6602
1.2 4.860682420544074e-13 4.68290455729275e-12 7130
1.25 5.621221753584766e-13 5.70234877926536e-12 8034
1.3 5.980627199605628e-13 6.572799574203764e-12 8606
1.35 6.552006894479072e-13 7.383216610323442e-12 9066
1.4 7.491476230057525e-13 8.447877712003129e-12 9962
1.45 7.855665785851617e-13 9.927245410532111e-12 10550
1.5 8.918225201225636e-13 1.077957295612114e-11 11226
1.55 9.358643377251257e-13 1.273023285899206e-11 12146
1.6 9.87478807908245e-13 1.323961431306825e-11 12303
1.65 9.776352875870001e-13 1.426720571479507e-11 12584
1.7 9.243867592202786e-13 1.432172650091559e-11 12120
1.75 8.918962355839174e-13 1.396539050310746e-11 11180
1.8 8.773194677779027e-13 1.505817041216049e-11 11096
1.85 8.074621584564613e-13 1.43132070808366e-11 10056
1.9 7.842905836784374e-13 1.403717901221777e-11 9716
1.95 7.12480670167802e-13 1.338498307768029e-11 8604
2 3.303086513846528e-13 6.474897010415856e-12 8060
2.05 6.657479430162998e-24 1.294280597730866e-22 7320
2.1 5.57390777909201e-24 1.154223465016459e-22 6356
2.15 4.71190035217738e-24 1.042757149632552e-22 5348
2.2 3.958423239480254e-24 8.744015147799808e-23 4308
2.25 3.35564817993733e-24 7.425638751665244e-23 3563
2.3 2.129643818815797e-24 5.273815557351648e-23 2448
2.35 1.78918105008718e-24 4.384981994999614e-23 1868
2.4 1.190020036544824e-24 2.98833288506541e-23 1358
2.45 1.0309195057546e-24 2.624175970512492e-23 1062
2.5 6.830983718800938e-25 1.919533170071169e-23 776
2.55 3.700825977976589e-25 1.189695031710809e-23 432
2.6 2.060977678156829e-25 4.891470261931691e-24 200
2.65 1.344234960427559e-25 3.939850703118573e-24 168
2.7 3.795868440055495e-26 1.069054080279442e-24 56
2.75 8.846519015847402e-27 1.46328537355521e-25 7

0.05 1.83407761500738e-15 6.478860460846763e-16 18
0.1 2.199286182964106e-15 2.028004696470048e-15 62
0.15 1.921722609296008e-15 4.323300767792433e-15 98
0.2 8.628499394033514e-15 8.706462154031978e-15 210
0.25 1.585677544564614e-14 1.835544606168306e-14 350
0.3 1.664905729823384e-14 2.893652107487787e-14 450
0.35 2.371802927329815e-14 3.565959550291382e-14 602
0.4 3.237264822327257e-14 7.457968736981569e-14 762
0.45 4.723843272624498e-14 1.299099612365938e-13 1142
0.5 5.527491885867595e-14 1.686967042145132e-13 1250
0.55 6.780913590049274e-14 2.309488179865578e-13 1458
0.6 9.130316357986627e-14 3.069761548942929e-13 1814
0.65 1.080989907147869e-13 4.724915399390732e-13 2178
0.7 1.236737057200785e-13 5.95844118475374e-13 2498
0.75 1.310147343917245e-13 7.085551835899036e-13 2622
0.8 1.765381906212343e-13 1.019088358694844e-12 3338
0.85 1.898500985413848e-13 1.230425524153829e-12 3722
0.9 2.121447500959269e-13 1.604158427353562e-12 4170
0.95 2.29960929312216e-13 1.76130877616322e-12 4358
1 2.710287113473829e-13 2.252697004107741e-12 5034
1.05 3.211097725132006e-13 2.715131842669235e-12 5714
1.1 3.360010198446097e-13 3.092835215855602e-12 5982
1.15 3.732050975244953e-13 3.82965748742303e-12 6602
1.2 3.992029002751217e-13 4.441868308423102e-12 7130
1.25 4.739035050583849e-13 5.261535547876902e-12 8034
1.3 5.040370498056018e-13 6.064456619504919e-12 8606
1.35 5.441715193464557e-13 6.892375130520009e-12 9066
1.4 6.349568456780314e-13 7.739664816400671e-12 9962
1.45 6.483318208777488e-13 9.345672172701836e-12 10550
1.5 7.254694298513748e-13 1.031910446450463e-11 11226
1.55 7.996464226713308e-13 1.154799770924725e-11 12146
1.6 8.086112284375452e-13 1.257443741883662e-11 12303
1.65 8.240464313313275e-13 1.313473058596034e-11 12584
1.7 7.709322308686254e-13 1.337923469552821e-11 12120
1.75 7.445680361217679e-13 1.299910042195192e-11 11180
1.8 7.293658861312155e-13 1.407466665222796e-11 11096
1.85 6.822214012250888e-13 1.316802887303604e-11 10056
1.9 6.482118811130568e-13 1.318851673315025e-11 9716
1.95 5.980710555989734e-13 1.237917860355476e-11 8604
2 2.783721462605106e-13 5.959065585426458e-12 8060
2.05 5.494004255966656e-24 1.23861660709596e-22 7320
2.1 4.592723522361699e-24 1.104045198769852e-22 6356
2.15 3.989579393243189e-24 9.678945288625468e-23 5348
2.2 3.279726218355554e-24 8.3164159068505e-23 4308
2.25 2.738845465459191e-24 7.161813779683378e-23 3563
2.3 1.782713486490497e-24 4.943175892540216e-23 2448
2.35 1.554740864906628e-24 3.965707431725209e-23 1868
2.4 9.979584501712985e-25 2.793576271480122e-23 1358
2.45 8.071572506998115e-25 2.616172081392727e-23 1062
2.5 5.851985144653165e-25 1.744616057902575e-23 776
2.55 3.740448040159568e-25 9.152570585393814e-24 432
2.6 1.503898354789918e-25 5.190354759453671e-24 200
2.65 1.226574715192129e-25 3.349750325302223e-24 168
2.7 3.319527581653618e-26 9.907613927540179e-25 56
2.75 4.89192233787654e-27 2.072280336575305e-25 7

0.05 3.438741356778071e-15 3.462624611480351e-17 18
0.1 2.577888610466603e-15 8.203333934989982e-16 62
0.15 3.909433033433696e-15 1.944940865247224e-15 98
0.2 1.448235393865804e-14 4.036650034580791e-15 210
0.25 1.79932174308445e-14 1.195765575627973e-14 350
0.3 2.101759634330331e-14 1.835694332113737e-14 450
0.35 2.378995609399688e-14 2.779835028741122e-14 602
0.4 3.108300431873887e-14 6.028268814381247e-14 762
0.45 5.235198168158658e-14 9.063308735957147e-14 1142
0.5 5.501632462735699e-14 1.326609570270847e-13 1250
0.55 6.242323974444707e-14 1.959640275460874e-13 1458
0.6 8.213489532232614e-14 2.669356291962733e-13 1814
0.65 9.894779296425424e-14 4.035815447622873e-13 2178
0.7 1.121328228704303e-13 5.135114215018075e-13 2498
0.75 1.221253008862175e-13 5.933310290643891e-13 2622
0.8 1.527069135985039e-13 9.194076337319799e-13 3338
0.85 1.663929229180633e-13 1.096619266900674e-12 3722
0.9 1.87660702276287e-13 1.416446543351241e-12 4170
0.95 1.987964744338283e-13 1.591999738429341e-12 4358
1 2.360792887977167e-13 2.020663702736602e-12 5034
1.05 2.72332574791677e-13 2.498126689286707e-12 5714
1.1 2.879546442050162e-13 2.81786999513329e-12 5982
1.15 3.238996316211998e-13 3.440904181102801e-12 6602
1.2 3.506564857245086e-13 3.941941652532629e-12 7130
1.25 4.032765795609305e-13 4.833511769930913e-12 8034
1.3 4.23946111064974e-13 5.630991079385224e-12 8606
1.35 4.725475636221291e-13 6.229030993858036e-12 9066
1.4 5.330443285009547e-13 7.206074313302875e-12 9962
1.45 5.842075778540609e-13 8.086832436859162e-12 10550
1.5 6.284631284042053e-13 9.287916605277275e-12 11226
1.55 6.971579153221977e-13 1.034825573715951e-11 12146
1.6 6.982596994192164e-13 1.142405137945846e-11 12303
1.65 7.087335250284339e-13 1.195566847045012e-11 12584
1.7 6.76524939303465e-13 1.186324885604958e-11 12120
1.75 6.150535729900766e-13 1.235863120356527e-11 11180
1.8 6.395865727894173e-13 1.254492808042169e-11 11096
1.85 5.841140279739862e-13 1.202522743132382e-11 10056
1.9 5.518855212312047e-13 1.210458858829688e-11 9716
1.95 5.0748409594644e-13 1.139116520392701e-11 8604
2 2.475736302786604e-13 5.232675648773142e-12 8060
2.05 4.648832391910712e-24 1.124383325473128e-22 7320
2.1 3.933697607222233e-24 9.96397411665794e-23 6356
2.15 3.44902263223925e-24 8.671639989599673e-23 5348
2.2 2.75561805419113e-24 7.618885740189365e-23 4308
2.25 2.358477849327666e-24 6.443887726606654e-23 3563
2.3 1.615288682910673e-24 4.220868986026636e-23 2448
2.35 1.235364821219142e-24 3.858524613041533e-23 1868
2.4 8.39899758761707e-25 2.569378732223058e-23 1358
2.45 7.318979690450846e-25 2.245225785309824e-23 1062
2.5 4.921316666917663e-25 1.619061782055333e-23 776
2.55 2.968429519198664e-25 9.07188318829759e-24 432
2.6 1.378850290129015e-25 4.458827929332256e-24 200
2.65 1.115796282628837e-25 2.857917918648597e-24 168
2.7 2.593149548280056e-26 9.452998214976516e-25 56
2.75 3.084797795287226e-27 2.285987469968757e-25 7

0.05 3.492699853077048e-16 3.597155645110168e-16 18
0.1 3.612156080004533e-15 9.420121443546634e-16 62
0.15 2.016912247914406e-15 3.019979752750854e-15 98
0.2 9.638984198381475e-15 5.642164710738016e-15 210
0.25 1.545417085737626e-14 1.131691357330432e-14 350
0.3 1.470265867624901e-14 2.041691677409875e-14 450
0.35 1.762149226095021e-14 3.004703927723989e-14 602
0.4 2.48298293129676e-14 6.024939267739267e-14 762
0.45 3.622337282691556e-14 1.063789877015249e-13 1142
0.5 4.329011433850566e-14 1.338548633913947e-13 1250
0.55 5.218660946551574e-14 1.872993929535968e-13 1458
0.6 6.513136270338634e-14 2.690721139707249e-13 1814
0.65 8.275527170483058e-14 3.846403371002322e-13 2178
0.7 9.0834940165983e-14 5.046797967798053e-13 2498
0.75 9.677282624455897e-14 5.969988101901349e-13 2622
0.8 1.270591462756669e-13 8.796457547841863e-13 3338
0.85 1.376956275901921e-13 1.056202883645539e-12 3722
0.9 1.623483466310426e-13 1.307343616365913e-12 4170
0.95 1.696923044013298e-13 1.488703003079857e-12 4358
1 1.994129436140231e-13 1.904943136326081e-12 5034
1.05 2.317696302544517e-13 2.342325392316573e-12 5714
1.1 2.383269314812133e-13 2.708835389255121e-12 5982
1.15 2.684577198787905e-13 3.307337960146573e-12 6602
1.2 3.015014185249571e-13 3.650321025453127e-12 7130
1.25 3.354588710421885e-13 4.622218813922815e-12 8034
1.3 3.612964954693148e-13 5.269406559801645e-12 8606
1.35 3.902608831045665e-13 6.01644165991225e-12 9066
1.4 4.447775641954389e-13 6.900637381761553e-12 9962
1.45 4.859132294549551e-13 7.763997297291859e-12 10550
1.5 5.395112585324e-13 8.644050131517645e-12 11226
1.55 5.785117343730705e-13 9.950639918656086e-12 12146
1.6 6.036264404352948e-13 1.047968703704216e-11 12303
1.65 5.854932755075956e-13 1.151676648360877e-11 12584
1.7 5.548582624167543e-13 1.15337192921511e-11 12120
1.75 5.443506631987978e-13 1.106467950811747e-11 11180
1.8 5.423361823652287e-13 1.178744153917025e-11 11096
1.85 5.025823630796187e-13 1.113901245752693e-11 10056
1.9 4.78192961367229e-13 1.113924150203318e-11 9716
1.95 4.426338805366459e-13 1.042412292664078e-11 8604
2 2.029303180847622e-13 5.091595384037369e-12 8060
2.05 3.955545052157752e-24 1.071341822769826e-22 7320
2.1 3.443316871280077e-24 9.183069460768911e-23 6356
2.15 2.995164548125115e-24 8.140099751758114e-23 5348
2.2 2.438859390790789e-24 6.962553548540709e-23 4308
2.25 1.999261438359184e-24 6.138377861604795e-23 3563
2.3 1.360501204671495e-24 4.059255447517695e-23 2448
2.35 1.043915527906411e-24 3.678556853231265e-23 1868
2.4 7.385522331192115e-25 2.356632303734974e-23 1358
2.45 6.32267114436521e-25 2.09412025521427e-23 1062
2.5 4.283494517261043e-25 1.526292174742948e-23 776
2.55 2.712200337887697e-25 8.007394143463813e-24 432
2.6 1.09833468219646e-25 4.355457671020262e-24 200
2.65 8.618094013883701e-26 3.038000881783461e-24 168
2.7 2.556575946591883e-26 7.485596307100112e-25 56
2.75 5.086431354767416e-27 1.258103415192357e-25 7

0.05 2.986347135623247e-16 1.577037660367981e-16 18
0.1 2.505757451642998e-15 6.82514705268724e-16 62
0.15 5.556881942937422e-15 9.936957041112748e-16 98
0.2 8.355824546941788e-15 4.845494361375096e-15 210
0.25 1.358749192513516e-14 1.043586029293813e-14 350
0.3 1.514970009343827e-14 1.599610619457777e-14 450
0.35 1.765736412641171e-14 2.414025789355024e-14 602
0.4 2.637499848095112e-14 4.611898659361829e-14 762
0.45 3.709499474467276e-14 8.275190733527599e-14 1142
0.5 4.025429245086281e-14 1.157984495687082e-13 1250
0.55 4.742452947360801e-14 1.652629275422485e-13 1458
0.6 5.892012644698491e-14 2.388118333379018e-13 1814
0.65 7.367177749002135e-14 3.472987992745088e-13 2178
0.7 8.08790929143913e-14 4.55733829299975e-13 2498
0.75 8.772236841012336e-14 5.294034565968127e-13 2622
0.8 1.160013215540224e-13 7.747162832492652e-13 3338
0.85 1.252662343710126e-13 9.325993017852974e-13 3722
0.9 1.429628532847778e-13 1.19276627591894e-12 4170
0.95 1.523682210782869e-13 1.332238801673515e-12 4358
1 1.769476859827318e-13 1.726899613974945e-12 5034
1.05 2.023148518393637e-13 2.162200226071669e-12 5714
1.1 2.096865562054703e-13 2.475638656566306e-12 5982
1.15 2.481255889644004e-13 2.881441243867019e-12 6602
1.2 2.681749230814558e-13 3.294434796919242e-12 7130
1.25 2.975560821793734e-13 4.193578679645445e-12 8034
1.3 3.246041844633102e-13 4.707859133435842e-12 8606
1.35 3.487368464802313e-13 5.395614529018001e-12 9066
1.4 3.867336173070232e-13 6.377023614177128e-12 9962
1.45 4.274035248515832e-13 7.096170367493312e-12 10550
1.5 4.665878509609564e-13 8.003771446376573e-12 11226
1.55 5.094223520936917e-13 9.10598231185208e-12 12146
1.6 5.130548958918016e-13 9.891741949696762e-12 12303
1.65 5.277765938472184e-13 1.026191965026086e-11 12584
1.7 4.922821501355002e-13 1.048844521133106e-11 12120
1.75 4.695409523097054e-13 1.03378991888473e-11 11180
1.8 4.659078384184493e-13 1.103057460587539e-11 11096
1.85 4.352312945726726e-13 1.032938111453949e-11 10056
1.9 4.189467514938098e-13 1.02176347018997e-11 9716
1.95 3.911779066636642e-13 9.474528911656039e-12 8604
2 1.833757685381668e-13 4.523032611564577e-12 8060
2.05 3.55210985790993e-24 9.539836188445037e-23 7320
2.1 2.936146277240949e-24 8.611212949916339e-23 6356
2.15 2.603720337565803e-24 7.424308094000384e-23 5348
2.2 2.137038865040841e-24 6.308778525282391e-23 4308
2.25 1.748487255044755e-24 5.566204982394733e-23 3563
2.3 1.176794261033262e-24 3.710919562316356e-23 2448
2.35 9.470434076339304e-25 3.228298793314708e-23 1868
2.4 6.133067809909848e-25 2.261674715755198e-23 1358
2.45 5.084894039221882e-25 2.058950569033684e-23 1062
2.5 3.798712862759701e-25 1.345249288286999e-23 776
2.55 1.98529704606975e-25 8.628041625196848e-24 432
2.6 1.123323534013327e-25 3.482325159503675e-24 200
2.65 7.907034990809151e-26 2.608413209262595e-24 168
2.7 1.766875994255737e-26 8.728404917360449e-25 56
2.75 2.046621296869486e-27 2.060061150719631e-25 7

0.05 1.973393498226906e-15 1.149565454852635e-16 18
0.1 2.433675416846562e-15 7.749018276417083e-16 62
0.15 2.573121161033125e-15 1.615741005783425e-15 98
0.2 7.48826416060609e-15 4.154481090949365e-15 210
0.25 1.128626881020395e-14 1.079478042298657e-14 350
0.3 1.109339753633684e-14 1.802080681696593e-14 450
0.35 1.409113490555088e-14 2.482572000266553e-14 602
0.4 2.077354456905992e-14 4.792887901498912e-14 762
0.45 3.006598433411248e-14 8.32552843150278e-14 1142
0.5 3.33814783655275e-14 1.142087181870559e-13 1250
0.55 3.9781800667292e-14 1.611303597113274e-13 1458
0.6 4.981661047259405e-14 2.307875758534138e-13 1814
0.65 6.120017541999407e-14 3.411426641926223e-13 2178
0.7 6.974080072729537e-14 4.320834147703772e-13 2498
0.75 7.519506103706667e-14 5.038039422757581e-13 2622
0.8 9.672560075032192e-14 7.605911004709659e-13 3338
0.85 1.052095877413228e-13 9.070223267989554e-13 3722
0.9 1.24735270490704e-13 1.1176342310361e-12 4170
0.95 1.266999185310073e-13 1.304821121038316e-12 4358
1 1.504534034106469e-13 1.660248307469099e-12 5034
1.05 1.775639384719297e-13 2.007056019527028e-12 5714
1.1 1.857534997391501e-13 2.287167524537777e-12 5982
1.15 2.05937152055899e-13 2.828874936610303e-12 6602
1.2 2.258600003948744e-13 3.198451236124274e-12 7130
1.25 2.556658147288309e-13 3.982717843907921e-12 8034
1.3 2.804949840535487e-13 4.45577305248489e-12 8606
1.35 2.989441492159013e-13 5.130852038140079e-12 9066
1.4 3.397009586263333e-13 5.938198143708812e-12 9962
1.45 3.692146551220442e-13 6.688007537566299e-12 10550
1.5 4.107304093952736e-13 7.445147385448574e-12 11226
1.55 4.430652098183577e-13 8.538396707502051e-12 12146
1.6 4.462651589683455e-13 9.308670150475619e-12 12303
1.65 4.666340798587706e-13 9.482093056274578e-12 12584
1.7 4.260990240548411e-13 9.890101999622201e-12 12120
1.75 4.157593041424521e-13 9.555804611932834e-12 11180
1.8 4.07472750394086e-13 1.030244951659201e-11 11096
1.85 3.725583135384812e-13 9.852556658688149e-12 10056
1.9 3.764348296998841e-13 9.269724398804339e-12 9716
1.95 3.353687232128858e-13 9.02710754713635e-12 8604
2 1.580988140162339e-13 4.280172349035313e-12 8060
2.05 3.062373846822608e-24 9.081234865688032e-23 7320
2.1 2.62161556990894e-24 7.900326818600755e-23 6356
2.15 2.244696720388075e-24 7.036837038037063e-23 5348
2.2 1.85407937868835e-24 5.949723772313691e-23 4308
2.25 1.570174160513303e-24 5.069957426193142e-23 3563
2.3 1.010167073881612e-24 3.557720573312265e-23 2448
2.35 8.309275839349054e-25 3.016855107078043e-23 1868
2.4 5.589885902168157e-25 2.031830461016588e-23 1358
2.45 4.722045704547476e-25 1.819042139393947e-23 1062
2.5 3.165781531031169e-25 1.327994997419013e-23 776
2.55 1.804870557945135e-25 7.797080412942422e-24 432
2.6 9.308371619513786e-26 3.455722812747567e-24 200
2.65 6.377167005121608e-26 2.633553790678759e-24 168
2.7 1.576063026237704e-26 8.135340793191377e-25 56
2.75 2.036158022367695e-27 1.766951649727432e-25 7

0.05 2.339118114397488e-15 1.08620435674359e-17 18
0.1 2.027164416448157e-15 6.213139002750513e-16 62
0.15 3.988731317817938e-15 9.118413106539008e-16 98
0.2 5.605814475363398e-15 4.717008917331842e-15 210
0.25 1.229454561767716e-14 7.443006351770105e-15 350
0.3 1.15714599099999e-14 1.411187521457782e-14 450
0.35 1.298079170312159e-14 2.206157425429095e-14 602
0.4 1.931386736732526e-14 4.211344567121049e-14 762
0.45 2.751596192483089e-14 7.486893179389828e-14 1142
0.5 3.129674254564906e-14 9.976261205331376e-14 1250
0.55 3.457669365328862e-14 1.515385982171391e-13 1458
0.6 4.504863075589606e-14 2.089714314053427e-13 1814
0.65 5.733311541418749e-14 2.991895551809751e-13 2178
0.7 6.263231726132503e-14 3.948897830044425e-13 2498
0.75 6.885801305291209e-14 4.521644793086934e-13 2622
0.8 8.97148449383336e-14 6.722977574063956e-13 3338
0.85 9.558678338477816e-14 8.200847186202394e-13 3722
0.9 1.10142272982818e-13 1.038849070104677e-12 4170
0.95 1.144470754284212e-13 1.184968330383405e-12 4358
1 1.339337937817353e-13 1.529119962357569e-12 5034
1.05 1.544645430729601e-13 1.892864918718764e-12 5714
1.1 1.639968917410963e-13 2.125837592340972e-12 5982
1.15 1.83589565818585e-13 2.609078021121216e-12 6602
1.2 1.961592356584987e-13 3.027806302113734e-12 7130
1.25 2.303199410253823e-13 3.632034126032111e-12 8034
1.3 2.454156574488697e-13 4.186604852675858e-12 8606
1.35 2.686097339987538e-13 4.707291791221312e-12 9066
1.4 3.008488156635764e-13 5.506049514751901e-12 9962
1.45 3.260930836063905e-13 6.232132236726295e-12 10550
1.5 3.526358277225092e-13 7.115659041243436e-12 11226
1.55 3.948834435226302e-13 7.864238789957557e-12 12146
1.6 3.982317795934439e-13 8.55737040363461e-12 12303
1.65 3.909521552252122e-13 9.28231166841702e-12 12584
1.7 3.82270645939052e-13 9.048500387649714e-12 12120
1.75 3.656634859807336e-13 8.889816859576414e-12 11180
1.8 3.582300547478527e-13 9.638758694269998e-12 11096
1.85 3.419924248946781e-13 8.788709170739878e-12 10056
1.9 3.067856667562886e-13 9.335569131746311e-12 9716
1.95 2.879544197592425e-13 8.622177223723226e-12 8604
2 1.358212476944193e-13 4.097289455782694e-12 8060
2.05 2.6613107263233e-24 8.545532040175488e-23 7320
2.1 2.267562028505279e-24 7.492029858448843e-23 6356
2.15 1.970722083087947e-24 6.580533171460778e-23 5348
2.2 1.587747020001981e-24 5.701683313675547e-23 4308
2.25 1.342157518626639e-24 4.862604174141505e-23 3563
2.3 8.828726719169051e-25 3.322749215163042e-23 2448
2.35 7.232764991650805e-25 2.839763385544467e-23 1868
2.4 4.89366476567226e-25 1.903557596288342e-23 1358
2.45 4.067413401717865e-25 1.736301038326841e-23 1062
2.5 2.775786621202521e-25 1.232338448566562e-23 776
2.55 1.493992742039492e-25 7.670901501254835e-24 432
2.6 8.394588528989813e-26 3.122092264924748e-24 200
2.65 6.224665789977721e-26 2.21256241102946e-24 168
2.7 1.492982820632191e-26 7.063494545888982e-25 56
2.75 2.286321690907971e-27 1.483548009357221e-25 7

0.05 2.159318724240191e-16 1.575363070555123e-16 18
0.1 2.273364275931455e-15 5.679112854336383e-16 62
0.15 2.922030861688424e-15 1.020762771169106e-15 98
0.2 5.470579461113791e-15 4.022336918536166e-15 210
0.25 8.110445544352198e-15 1.006880993249288e-14 350
0.3 1.019575964220179e-14 1.332265960428849e-14 450
0.35 1.128392174202969e-14 2.109626632825844e-14 602
0.4 1.613449406357141e-14 4.171181712212873e-14 762
0.45 2.28802792653188e-14 7.495124205671351e-14 1142
0.5 2.770443211960337e-14 9.353523225963682e-14 1250
0.55 3.059416503857491e-14 1.423786617041547e-13 1458
0.6 3.857988526456923e-14 2.031930057826824e-13 1814
0.65 5.028756626381143e-14 2.831386186046327e-13 2178
0.7 5.456051321685503e-14 3.764621945628009e-13 2498
0.75 5.764792621359592e-14 4.496156263617556e-13 2622
0.8 7.52610758727116e-14 6.641307773980829e-13 3338
0.85 8.369022976078604e-14 7.775666968012773e-13 3722
0.9 9.707440536161181e-14 9.781506717056496e-13 4170
0.95 9.633777878904383e-14 1.17006087224477e-12 4358
1 1.183088258810419e-13 1.438855051120701e-12 5034
1.05 1.327761868577834e-13 1.831701821112269e-12 5714
1.1 1.430794447066789e-13 2.019391308740491e-12 5982
1.15 1.608928705822179e-13 2.469820221978891e-12 6602
1.2 1.787942023532638e-13 2.755399395854449e-12 7130
1.25 2.04133754543346e-13 3.410323489749707e-12 8034
1.3 2.201634903759204e-13 3.870734059005923e-12 8606
1.35 2.315640123299421e-13 4.527539669517562e-12 9066
1.4 2.631276612896727e-13 5.21492531893275e-12 9962
1.45 2.856721058028595e-13 5.906503404143433e-12 10550
1.5 3.140590255608043e-13 6.637176978138041e-12 11226
1.55 3.430258417517065e-13 7.532658439888073e-12 12146
1.6 3.533771765487282e-13 8.001623729575332e-12 12303
1.65 3.538573589505941e-13 8.532189512329622e-12 12584
1.7 3.413906038683946e-13 8.4103091130069e-12 12120
1.75 3.216986985009739e-13 8.385555351109178e-12 11180
1.8 3.188630653621353e-13 8.969263503731684e-12 11096
1.85 2.861567339371201e-13 8.727022557351332e-12 10056
1.9 2.831251653201809e-13 8.435202769726595e-12 9716
1.95 2.636940148826676e-13 7.822346667612718e-12 8604
2 1.193152652826839e-13 3.871801315996715e-12 8060
2.05 2.359199398273012e-24 8.01269151989927e-23 7320
2.1 2.029344011371482e-24 6.969351091107819e-23 6356
2.15 1.726041117330611e-24 6.244386665322168e-23 5348
2.2 1.417319896250507e-24 5.306594881770906e-23 4308
2.25 1.165022275862451e-24 4.658722488854788e-23 3563
2.3 7.776596216002306e-25 3.137859435641214e-23 2448
2.35 6.557589706888681e-25 2.607122798485319e-23 1868
2.4 4.1333062997954e-25 1.863672223591082e-23 1358
2.45 3.759666383258842e-25 1.559681899211974e-23 1062
2.5 2.586567093132805e-25 1.107484357144822e-23 776
2.55 1.575663318197902e-25 6.09093642814497e-24 432
2.6 6.724407016521047e-26 3.251735967314946e-24 200
2.65 4.661617310980784e-26 2.443518773338096e-24 168
2.7 1.401810088380751e-26 6.380323284553535e-25 56
2.75 2.432802891236614e-27 1.198758752065927e-25 7

0.05 4.261754393657211e-16 8.705869269181522e-17 18
0.1 1.593122914464692e-15 5.59506234978743e-16 62
0.15 2.119303200340056e-15 1.174983489504888e-15 98
0.2 5.387216753245197e-15 3.600510209264517e-15 210
0.25 8.278797088161037e-15 8.465387121288732e-15 350
0.3 9.919495311951996e-15 1.137272316025274e-14 450
0.35 9.202123890905799e-15 2.129310764934616e-14 602
0.4 1.601661828704228e-14 3.538367614048486e-14 762
0.45 2.164835281323136e-14 6.622888643896205e-14 1142
0.5 2.285875912200975e-14 9.49197895759772e-14 1250
0.55 2.928051402312837e-14 1.246799175886016e-13 1458
0.6 3.380427571476993e-14 1.93471302939578e-13 1814
0.65 4.541104181605044e-14 2.620162279355649e-13 2178
0.7 4.92530943863696e-14 3.486125226231736e-13 2498
0.75 5.212407672735455e-14 4.148409290664204e-13 2622
0.8 6.97392024719552e-14 6.006007076918333e-13 3338
0.85 7.515693665237245e-14 7.239752936160923e-13 3722
0.9 8.81756941262554e-14 9.009758971502301e-13 4170
0.95 9.172852275137478e-14 1.02842051409224e-12 4358
1 1.038888838143623e-13 1.370594924132201e-12 5034
1.05 1.184063105522876e-13 1.71619228380999e-12 5714
1.1 1.258692364247238e-13 1.920805494264086e-12 5982
1.15 1.439396985693987e-13 2.311666480443077e-12 6602
1.2 1.600601230400056e-13 2.578171785436404e-12 7130
1.25 1.727049781120358e-13 3.359733421431215e-12 8034
1.3 1.971821230024733e-13 3.609229979139078e-12 8606
1.35 2.087708655658929e-13 4.194296092042812e-12 9066
1.4 2.356106688367171e-13 4.869517221351536e-12 9962
1.45 2.585110607012511e-13 5.461848191208583e-12 10550
1.5 2.800263167214637e-13 6.221038564809976e-12 11226
1.55 3.07473482014777e-13 7.025599738677078e-12 12146
1.6 3.177337098487091e-13 7.453535868593682e-12 12303
1.65 3.156199555989644e-13 8.004273798007419e-12 12584
1.7 2.939581167763696e-13 8.16429523476306e-12 12120
1.75 2.839260294710719e-13 7.959832292077078e-12 11180
1.8 2.806179381724844e-13 8.518666915524168e-12 11096
1.85 2.598564878784839e-13 8.066459319125019e-12 10056
1.9 2.467536817857676e-13 8.056967952508795e-12 9716
1.95 2.304583194981376e-13 7.50868321270597e-12 8604
2 1.074581701007379e-13 3.587622625912375e-12 8060
2.05 2.105464670174213e-24 7.549226998379655e-23 7320
2.1 1.767376567765244e-24 6.695037105635205e-23 6356
2.15 1.55305629501048e-24 5.811911592067192e-23 5348
2.2 1.259834480407226e-24 5.000678364682302e-23 4308
2.25 1.0420292232707e-24 4.359884420441935e-23 3563
2.3 6.914128152037548e-25 2.932474697856704e-23 2448
2.35 5.541250785350402e-25 2.575417233761609e-23 1868
2.4 3.879667584241058e-25 1.66616992530439e-23 1358
2.45 3.036775240767443e-25 1.605461364042977e-23 1062
2.5 2.286093667557923e-25 1.04160859770378e-23 776
2.55 1.284534826093806e-25 6.247813026495986e-24 432
2.6 6.134496255429421e-26 2.995770427538648e-24 200
2.65 4.189837088283235e-26 2.2908986873846e-24 168
2.7 1.280512860049988e-26 5.715002544416463e-25 56
2.75 2.386573213723266e-27 1.038748211081505e-25 7

0.05 1.046444857638067e-15 7.591571249777915e-17 18
0.1 1.782045918222112e-15 5.559940870921202e-16 62
0.15 1.695147132835302e-15 1.283377280229872e-15 98
0.2 5.145257057020201e-15 3.102514864822025e-15 210
0.25 5.135309243863724e-15 1.071426368441834e-14 350
0.3 8.5938439131017e-15 1.107380154109969e-14 450
0.35 8.559928705312007e-15 1.948114008802066e-14 602
0.4 1.194393238531213e-14 3.94760092244293e-14 762
0.45 1.840547703165283e-14 6.5635782454724e-14 1142
0.5 1.920175695184566e-14 9.510334340742975e-14 1250
0.55 2.384285379532082e-14 1.290316892659886e-13 1458
0.6 3.120035781994379e-14 1.776025744231425e-13 1814
0.65 3.987205848890951e-14 2.518393672870353e-13 2178
0.7 4.434943875908114e-14 3.266514489043259e-13 2498
0.75 4.757289185381679e-14 3.838433100199568e-13 2622
0.8 6.241693452298601e-14 5.666389485397915e-13 3338
0.85 6.695209842171499e-14 6.859679843646216e-13 3722
0.9 7.421966812703797e-14 9.042240103103092e-13 4170
0.95 7.922265723486949e-14 1.006223302525226e-12 4358
1 8.985365441027296e-14 1.335171770327316e-12 5034
1.05 1.084750424347188e-13 1.581664258306684e-12 5714
1.1 1.129901365864173e-13 1.808417107159396e-12 5982
1.15 1.297379438534754e-13 2.163870946574261e-12 6602
1.2 1.381179743867686e-13 2.524793342403765e-12 7130
1.25 1.56957382594081e-13 3.129205459587624e-12 8034
1.3 1.713973931813975e-13 3.510663364641221e-12 8606
1.35 1.860683354410792e-13 3.991408054129989e-12 9066
1.4 2.099687242044159e-13 4.624768325188853e-12 9962
1.45 2.264481551073818e-13 5.261789915933745e-12 10550
1.5 2.506228060398439e-13 5.887860571959497e-12 11226
1.55 2.656562366142573e-13 6.840238153659729e-12 12146
1.6 2.777731476114181e-13 7.210126199792323e-12 12303
1.65 2.83658588826728e-13 7.508465466924406e-12 12584
1.7 2.671984269740551e-13 7.59209204259477e-12 12120
1.75 2.465576813334232e-13 7.728349985177962e-12 11180
1.8 2.510300860084481e-13 8.05293397716854e-12 11096
1.85 2.315144407403091e-13 7.63714219166344e-12 10056
1.9 2.223862272435283e-13 7.563312274204064e-12 9716
1.95 2.035925554766439e-13 7.17379705274563e-12 8604
2 9.781397244380639e-14 3.324652401231011e-12 8060
2.05 1.882793706096999e-24 7.136534448031519e-23 7320
2.1 1.606374052084781e-24 6.247362120671626e-23 6356
2.15 1.375901568367493e-24 5.536722523418105e-23 5348
2.2 1.108421759742472e-24 4.792291491348517e-23 4308
2.25 9.716637133148714e-25 3.941355623139224e-23 3563
2.3 6.17461771088481e-25 2.785335286879465e-23 2448
2.35 5.09482583859572e-25 2.370329088041952e-23 1868
2.4 3.445053998688539e-25 1.586593454553952e-23 1358
2.45 2.843294238605211e-25 1.453748141180495e-23 1062
2.5 2.069878948376524e-25 9.704684520019419e-24 776
2.55 1.153917347918444e-25 5.8934293214546e-24 432
2.6 5.599602092762373e-26 2.763515914908794e-24 200
2.65 3.844010327789691e-26 2.118142676739828e-24 168
2.7 9.582058087846363e-27 6.348122248714683e-25 56
2.75 1.096361086878275e-27 1.497440203674272e-25 7

0.05 8.112517078928765e-16 6.987099889724011e-17 18
0.1 1.468492999187955e-15 4.636239591335465e-16 62
0.15 2.160231366770747e-15 8.516769851695779e-16 98
0.2 4.613747379930472e-15 3.02339192880632e-15 210
0.25 5.525528427605967e-15 8.602064199963394e-15 350
0.3 6.645215927697273e-15 1.23636122200892e-14 450
0.35 8.22379419242707e-15 1.732018775810486e-14 602
0.4 1.284143235848737e-14 3.146635876941595e-14 762
0.45 1.748942421967541e-14 5.838932921647145e-14 1142
0.5 2.0221439841642e-14 7.649644276864697e-14 1250
0.55 2.262518621129718e-14 1.15618033813376e-13 1458
0.6 2.79735546525106e-14 1.68004095786527e-13 1814
0.65 3.566829003147036e-14 2.39178816792936e-13 2178
0.7 3.884373139376206e-14 3.166565378275215e-13 2498
0.75 4.111763488816918e-14 3.768726236606533e-13 2622
0.8 5.546238258987602e-14 5.41213212686451e-13 3338
0.85 5.91041054531967e-14 6.598864167266924e-13 3722
0.9 7.008263780228688e-14 8.114951695890777e-13 4170
0.95 7.202579730823809e-14 9.395050048612474e-13 4358
1 8.150707957605954e-14 1.249125795354028e-12 5034
1.05 9.802232404497443e-14 1.48881429362916e-12 5714
1.1 1.004556733303672e-13 1.725771906439291e-12 5982
1.15 1.147765492166537e-13 2.073368893841205e-12 6602
1.2 1.242152711526956e-13 2.376609432718666e-12 7130
1.25 1.442865336509117e-13 2.882795006551695e-12 8034
1.3 1.554191548044786e-13 3.284337411582973e-12 8606
1.35 1.646967236018923e-13 3.821106833947582e-12 9066
1.4 1.869087890719677e-13 4.410839128001785e-12 9962
1.45 2.054859425820619e-13 4.911065361561913e-12 10550
1.5 2.250943081996599e-13 5.54656076723831e-12 11226
1.55 2.400719274982362e-13 6.431425782040539e-12 12146
1.6 2.490496653951551e-13 6.812967024094745e-12 12303
1.65 2.502336443331499e-13 7.217791382827909e-12 12584
1.7 2.426381296446458e-13 7.097601734363999e-12 12120
1.75 2.180474326137219e-13 7.418771891235604e-12 11180
1.8 2.277918035779544e-13 7.527364528908571e-12 11096
1.85 2.107966907719704e-13 7.118164669362499e-12 10056
1.9 2.019169288209377e-13 7.060727205393177e-12 9716
1.95 1.793981575090304e-13 6.885467687673122e-12 8604
2 8.320903645538007e-14 3.333467162419377e-12 8060
2.05 1.712566093224268e-24 6.655679673672572e-23 7320
2.1 1.451820645249195e-24 5.845894931815151e-23 6356
2.15 1.244920685112151e-24 5.2009929490706e-23 5348
2.2 1.013631963718795e-24 4.457749558055905e-23 4308
2.25 8.339471044743642e-25 3.893633240221728e-23 3563
2.3 5.547632783765146e-25 2.626433434081468e-23 2448
2.35 4.523216438810873e-25 2.258717361785864e-23 1868
2.4 3.0946833773727e-25 1.499700162631027e-23 1358
2.45 2.654432434832273e-25 1.322981703237532e-23 1062
2.5 1.879221104574297e-25 9.064310182560896e-24 776
2.55 1.065051651498901e-25 5.423779468245523e-24 432
2.6 4.781363598056723e-26 2.742255381563107e-24 200
2.65 3.692794182960869e-26 1.865185989961036e-24 168
2.7 1.137886098095767e-26 4.543948793365097e-25 56
2.75 2.622489800521541e-27 5.503279100254767e-26 7

0.05 8.884575686337983e-16 3.728572211531711e-17 18
0.1 1.999023930569533e-15 3.342530682957421e-16 62
0.15 2.024503962008294e-15 7.547668966103252e-16 98
0.2 4.141047686305449e-15 2.984076422138645e-15 210
0.25 6.946197775620406e-15 5.716858546459165e-15 350
0.3 5.829646916694129e-15 1.207001301788772e-14 450
0.35 6.591723520120816e-15 1.820788488653243e-14 602
0.4 1.081319896458921e-14 3.181771412171624e-14 762
0.45 1.538496246688553e-14 5.664305682981383e-14 1142
0.5 1.643080196581079e-14 8.10529001877845e-14 1250
0.55 2.132242592426192e-14 1.045139664098486e-13 1458
0.6 2.473837222757413e-14 1.620873971722812e-13 1814
0.65 3.08685276727242e-14 2.360615408430392e-13 2178
0.7 3.611845581734714e-14 2.913533343789874e-13 2498
0.75 3.662884656634848e-14 3.614264410431161e-13 2622
0.8 4.922579548640137e-14 5.212459940991837e-13 3338
0.85 5.328507054908999e-14 6.245915728512676e-13 3722
0.9 6.184965422523684e-14 7.857935946338363e-13 4170
0.95 6.379063916527832e-14 9.062896767123605e-13 4358
1 7.494190664521762e-14 1.161342655511669e-12 5034
1.05 8.84688450106329e-14 1.406109960744946e-12 5714
1.1 9.208930474506847e-14 1.609182766471594e-12 5982
1.15 1.048573359154551e-13 1.943477911122219e-12 6602
1.2 1.111020764540246e-13 2.268448180434166e-12 7130
1.25 1.283241415665364e-13 2.766567127498584e-12 8034
1.3 1.383395740702444e-13 3.148424246931909e-12 8606
1.35 1.508018729769076e-13 3.561037047372341e-12 9066
1.4 1.680041678641525e-13 4.175536810589007e-12 9962
1.45 1.803287381376813e-13 4.78303584503186e-12 10550
1.5 1.980576853225595e-13 5.396334006473223e-12 11226
1.55 2.153091411292284e-13 6.130356029765075e-12 12146
1.6 2.272732892509562e-13 6.386798903770113e-12 12303
1.65 2.293251236468484e-13 6.731764601121368e-12 12584
1.7 2.167624954986622e-13 6.799151152273682e-12 12120
1.75 2.02976687461824e-13 6.830529502743177e-12 11180
1.8 2.064687068167326e-13 7.089367254196455e-12 11096
1.85 1.859986053215169e-13 6.89969786687086e-12 10056
1.9 1.825838792363351e-13 6.683636738494937e-12 9716
1.95 1.635492452054913e-13 6.47112894785762e-12 8604
2 7.843832114270086e-14 3.014830129647457e-12 8060
2.05 1.510207043996338e-24 6.436817023603794e-23 7320
2.1 1.265204275871446e-24 5.733844930013697e-23 6356
2.15 1.105595829889283e-24 5.001321777535078e-23 5348
2.2 9.215140313228045e-25 4.193363092663512e-23 4308
2.25 7.601795744927218e-25 3.659416006943528e-23 3563
2.3 5.154400336520876e-25 2.411618901334034e-23 2448
2.35 3.998752012647038e-25 2.183226410745088e-23 1868
2.4 2.72184794768362e-25 1.458149123071537e-23 1358
2.45 2.31643828990222e-25 1.297432798524852e-23 1062
2.5 1.672564859618908e-25 8.702242237982061e-24 776
2.55 9.218469161322762e-26 5.324957283300686e-24 432
2.6 4.485381406772672e-26 2.511888038830413e-24 200
2.65 3.422965607452447e-26 1.723703394967288e-24 168
2.7 9.71592383490786e-27 4.646418346395123e-25 56
2.75 2.298025125929469e-27 5.500838075460134e-26 7

0.05 7.906435405041018e-16 2.827471638704483e-17 18
0.1 1.084205519536672e-15 4.659147663741304e-16 62
0.15 1.200933697235352e-15 1.064928391398605e-15 98
0.2 3.905489704416201e-15 2.572452646759001e-15 210
0.25 5.557671465413486e-15 6.452756572493028e-15 350
0.3 6.042730634738499e-15 9.892759383832385e-15 450
0.35 6.517558466232609e-15 1.617535720650623e-14 602
0.4 8.961291495434395e-15 3.266332282555281e-14 762
0.45 1.338068236355507e-14 5.642089993200727e-14 1142
0.5 1.69736993357899e-14 6.688125096756674e-14 1250
0.55 1.879299512793194e-14 1.021630844846776e-13 1458
0.6 2.242018089802916e-14 1.536186507028559e-13 1814
0.65 2.841806435725436e-14 2.204015477469164e-13 2178
0.7 3.158859182295551e-14 2.857046832024892e-13 2498
0.75 3.371866920391209e-14 3.377502358908884e-13 2622
0.8 4.652330196453447e-14 4.731027722542959e-13 3338
0.85 4.874134488447993e-14 5.884113191929306e-13 3722
0.9 5.627926273749427e-14 7.424433000778877e-13 4170
0.95 5.841642124733613e-14 8.508796543969291e-13 4358
1 6.790097567659498e-14 1.102693529030291e-12 5034
1.05 7.94048904026488e-14 1.347150443947308e-12 5714
1.1 8.291536181296731e-14 1.53533658282518e-12 5982
1.15 9.379510154449283e-14 1.866729719643898e-12 6602
1.2 9.861309291455613e-14 2.193799394270825e-12 7130
1.25 1.161051807120094e-13 2.626256978603387e-12 8034
1.3 1.257010990072606e-13 2.979681711391612e-12 8606
1.35 1.37820374669489e-13 3.336346449925293e-12 9066
1.4 1.506622492903622e-13 4.015677250227634e-12 9962
1.45 1.657821127618173e-13 4.477206098338497e-12 10550
1.5 1.829078763706667e-13 5.007432489896695e-12 11226
1.55 2.028431202029113e-13 5.581863631230018e-12 12146
1.6 2.037417832109892e-13 6.116682584834337e-12 12303
1.65 2.077904313193329e-13 6.40257517905301e-12 12584
1.7 1.968285759376382e-13 6.42257151762908e-12 12120
1.75 1.873552180931205e-13 6.358682020579035e-12 11180
1.8 1.868837469077404e-13 6.729200036757257e-12 11096
1.85 1.729651571033469e-13 6.354283264936704e-12 10056
1.9 1.593974546622244e-13 6.576723299788025e-12 9716
1.95 1.495685234210418e-13 6.07746693416341e-12 8604
2 7.423991364291702e-14 2.735700305639289e-12 8060
2.05 1.378223322961975e-24 6.079487784153136e-23 7320
2.1 1.175280092872758e-24 5.306727528973574e-23 6356
2.15 1.021888925230481e-24 4.653313339901515e-23 5348
2.2 8.404981478551613e-25 3.946845815329096e-23 4308
2.25 7.005361743619318e-25 3.410512372421794e-23 3563
2.3 4.587289210458331e-25 2.328186465895727e-23 2448
2.35 3.79331207057195e-25 1.978786147747318e-23 1868
2.4 2.461843840349259e-25 1.382730935876762e-23 1358
2.45 2.147614288659612e-25 1.202084274589656e-23 1062
2.5 1.513724975175956e-25 8.258700316165713e-24 776
2.55 8.485615439829653e-26 4.995631392418856e-24 432
2.6 3.792536830711619e-26 2.532171248932399e-24 200
2.65 3.007703109226567e-26 1.684564917320887e-24 168
2.7 9.182131375693526e-27 4.146598970746513e-25 56
2.75 1.902341053971367e-27 6.219526938501687e-26 7

0.05 3.299554762542879e-16 7.065696292306321e-17 18
0.1 1.892406646741274e-15 2.774427706412496e-16 62
0.15 9.995255069387554e-16 1.061022472457812e-15 98
0.2 3.104433823292204e-15 2.885950626650601e-15 210
0.25 4.85623231235799e-15 6.328851793793589e-15 350
0.3 5.366445028549056e-15 9.711611819181376e-15 450
0.35 6.196580164227667e-15 1.44873302128526e-14 602
0.4 8.641409913609937e-15 2.970354956159951e-14 762
0.45 1.295063611462259e-14 5.017937623158986e-14 1142
0.5 1.282057742263917e-14 7.658521764740901e-14 1250
0.55 1.597818090787147e-14 1.035740868557418e-13 1458
0.6 2.061529849474166e-14 1.444014734159645e-13 1814
0.65 2.733862885955426e-14 1.984954782896768e-13 2178
0.7 2.947282229683181e-14 2.651196906044215e-13 2498
0.75 3.113239142970439e-14 3.165303885216952e-13 2622
0.8 3.977646312583069e-14 4.792655559964976e-13 3338
0.85 4.2726421666287e-14 5.795683653447761e-13 3722
0.9 5.070209038921005e-14 7.123571733642248e-13 4170
0.95 5.423102136277016e-14 7.922011873729529e-13 4358
1 6.357377863922322e-14 1.017854204383483e-12 5034
1.05 7.157110916245338e-14 1.294576095406138e-12 5714
1.1 7.563033018306211e-14 1.456026963018618e-12 5982
1.15 8.683482310240427e-14 1.743783587008283e-12 6602
1.2 9.089258914359645e-14 2.06541154062758e-12 7130
1.25 1.059289379908925e-13 2.494707937525242e-12 8034
1.3 1.144284272685558e-13 2.83075558160483e-12 8606
1.35 1.231037776762221e-13 3.244896224813185e-12 9066
1.4 1.393831741569839e-13 3.760607123503504e-12 9962
1.45 1.510131559264053e-13 4.26620802304594e-12 10550
1.5 1.636974249959935e-13 4.841991154622142e-12 11226
1.55 1.791158839196833e-13 5.491569055386759e-12 12146
1.6 1.852285256723573e-13 5.838475569551509e-12 12303
1.65 1.888145899688441e-13 6.088484091827931e-12 12584
1.7 1.775438665159866e-13 6.148830102435529e-12 12120
1.75 1.690868369047745e-13 6.077278326908763e-12 11180
1.8 1.707035395821274e-13 6.374411812787136e-12 11096
1.85 1.560991211120071e-13 6.104302014210366e-12 10056
1.9 1.478761892076508e-13 6.122055493448002e-12 9716
1.95 1.329186735428109e-13 5.92250660497638e-12 8604
2 6.181523363167436e-14 2.858655082655468e-12 8060
2.05 1.227886453834839e-24 5.902378038190781e-23 7320
2.1 1.0652757390158e-24 5.064434268927616e-23 6356
2.15 9.065649920311467e-25 4.537687006662844e-23 5348
2.2 7.575620946123288e-25 3.787287596966868e-23 4308
2.25 6.270089629710189e-25 3.295339407406081e-23 3563
2.3 4.215185992706414e-25 2.193472315852574e-23 2448
2.35 3.517403889267845e-25 1.846493285587563e-23 1868
2.4 2.252747730283572e-25 1.307012209997765e-23 1358
2.45 1.890043977199646e-25 1.179435142524897e-23 1062
2.5 1.383636394069236e-25 7.819090424543502e-24 776
2.55 7.855589515841799e-26 4.661082493420798e-24 432
2.6 3.714803790386793e-26 2.252670915319873e-24 200
2.65 2.551907065505903e-26 1.712405004570232e-24 168
2.7 6.268652496328689e-27 5.203759854269489e-25 56
2.75 8.721465197201828e-28 1.117181923928294e-25 7

0.05 6.274962545973734e-16 5.219109564232086e-17 18
0.1 4.717815190373833e-16 6.943576968703737e-16 62
0.15 1.65874543761846e-15 5.415552515847286e-16 98
0.2 2.726231540954071e-15 2.865334198482692e-15 210
0.25 4.287133612750089e-15 6.260026394806479e-15 350
0.3 4.585751052926148e-15 9.846851937064998e-15 450
0.35 5.568826355403976e-15 1.412318921943291e-14 602
0.4 7.886769590285651e-15 2.830574596854668e-14 762
0.45 1.151966061434677e-14 4.919608505583213e-14 1142
0.5 1.325093382201157e-14 6.512462494431664e-14 1250
0.55 1.455110548552918e-14 9.887979329365551e-14 1458
0.6 1.906572192026346e-14 1.359509507098678e-13 1814
0.65 2.190950752867105e-14 2.134879802704845e-13 2178
0.7 2.718760516926288e-14 2.500454239448051e-13 2498
0.75 2.817799332388009e-14 3.037214260948457e-13 2622
0.8 3.707720896821945e-14 4.472970230999661e-13 3338
0.85 3.943550381542397e-14 5.465793272123418e-13 3722
0.9 4.524165227387435e-14 6.942445828182012e-13 4170
0.95 4.86265660662115e-14 7.678124175476818e-13 4358
1 5.618193559327435e-14 1.001245910671127e-12 5034
1.05 6.40542657572684e-14 1.253677332428955e-12 5714
1.1 6.762078114245626e-14 1.414589039036067e-12 5982
1.15 7.666132394015293e-14 1.718765089215443e-12 6602
1.2 8.622249451444828e-14 1.893331420241934e-12 7130
1.25 9.680720155962472e-14 2.367447365566558e-12 8034
1.3 1.043188293636206e-13 2.696477681635765e-12 8606
1.35 1.130575192841196e-13 3.064322305476615e-12 9066
1.4 1.268742516148924e-13 3.577244336383737e-12 9962
1.45 1.371787627615828e-13 4.077761547877168e-12 10550
1.5 1.478883584723588e-13 4.664035021450635e-12 11226
1.55 1.644635803919664e-13 5.178658353241111e-12 12146
1.6 1.744578516176535e-13 5.363354102907107e-12 12303
1.65 1.68573027772197e-13 5.917645785352224e-12 12584
1.7 1.609353116571764e-13 5.893532365294138e-12 12120
1.75 1.525920071944597e-13 5.860235844618779e-12 11180
1.8 1.521219305695384e-13 6.220341075998486e-12 11096
1.85 1.396012630106224e-13 5.925868047407958e-12 10056
1.9 1.371014939828574e-13 5.746260961017956e-12 9716
1.95 1.226311189402581e-13 5.559406452873078e-12 8604
2 5.805117439820593e-14 2.624240514888808e-12 8060
2.05 1.153730404430693e-24 5.471350470165061e-23 7320
2.1 9.466242343034469e-25 4.949843378177366e-23 6356
2.15 8.349252487901062e-25 4.27875023717978e-23 5348
2.2 6.916310059212818e-25 3.606486653527492e-23 4308
2.25 5.690719609937998e-25 3.160270924085681e-23 3563
2.3 3.768688882210791e-25 2.12624935638682e-23 2448
2.35 3.041722259032037e-25 1.857228358783002e-23 1868
2.4 2.05283003653148e-25 1.246635351637764e-23 1358
2.45 1.840656427994201e-25 1.051823747331705e-23 1062
2.5 1.254627566494398e-25 7.496904716923971e-24 776
2.55 7.284937986294508e-26 4.379303423926698e-24 432
2.6 3.036409098051111e-26 2.373969335055395e-24 200
2.65 2.404876156935159e-26 1.592819054846449e-24 168
2.7 6.317505208649936e-27 4.586190546426033e-25 56
2.75 6.949948250207669e-28 1.153680379009966e-25 7

0.05 3.207681490910697e-16 5.792511747311448e-17 18
0.1 9.200141620006508e-16 5.351188496332622e-16 62
0.15 1.353083528053005e-15 6.51802307978062e-16 98
0.2 2.702767087817321e-15 2.502595967870429e-15 210
0.25 4.129856821473702e-15 5.719194420469593e-15 350
0.3 4.317597521440272e-15 9.097031833150306e-15 450
0.35 4.769823828188353e-15 1.432037481408214e-14 602
0.4 7.885080308105447e-15 2.486608083460887e-14 762
0.45 1.012955919962464e-14 4.872043231789096e-14 1142
0.5 1.170627629496829e-14 6.387426971454745e-14 1250
0.55 1.345630930346505e-14 9.350805843855179e-14 1458
0.6 1.76495321083309e-14 1.280316086357558e-13 1814
0.65 2.299733539376298e-14 1.785691997981455e-13 2178
0.7 2.460635678429057e-14 2.411423872352154e-13 2498
0.75 2.5630145753884e-14 2.913728166890299e-13 2622
0.8 3.357176074682941e-14 4.305618849176213e-13 3338
0.85 3.564923299599363e-14 5.267502872257192e-13 3722
0.9 4.16161086483365e-14 6.580516370541442e-13 4170
0.95 4.26179414240097e-14 7.630530331246483e-13 4358
1 5.145671337274264e-14 9.549505665810836e-13 5034
1.05 5.968592033506338e-14 1.177128889881321e-12 5714
1.1 6.258961223499526e-14 1.333483750243697e-12 5982
1.15 7.168904638673351e-14 1.601645055819889e-12 6602
1.2 7.775380152315346e-14 1.82612456717434e-12 7130
1.25 9.016189234205941e-14 2.224843603532552e-12 8034
1.3 9.480145837212896e-14 2.594546728051089e-12 8606
1.35 1.051066078285985e-13 2.880054715476081e-12 9066
1.4 1.159066433002788e-13 3.424819620084332e-12 9962
1.45 1.280532177539172e-13 3.811101495426744e-12 10550
1.5 1.361801808312599e-13 4.427595477175508e-12 11226
1.55 1.522629146264514e-13 4.899260078603422e-12 12146
1.6 1.527556536689168e-13 5.329852180312965e-12 12303
1.65 1.570252191531462e-13 5.550389669853178e-12 12584
1.7 1.466501388235002e-13 5.643789925500898e-12 12120
1.75 1.411992477084015e-13 5.516814318755505e-12 11180
1.8 1.426129318897691e-13 5.790824481782044e-12 11096
1.85 1.326487903365751e-13 5.445536330185435e-12 10056
1.9 1.226729533794423e-13 5.605274054018892e-12 9716
1.95 1.116579064473937e-13 5.352078518916797e-12 8604
2 5.345132997810882e-14 2.498805562371989e-12 8060
2.05 1.05276877385764e-24 5.225600052782404e-23 7320
2.1 8.832456800826217e-25 4.627653977342067e-23 6356
2.15 7.696312466233569e-25 4.049857996697788e-23 5348
2.2 6.299541099995535e-25 3.463071249439779e-23 4308
2.25 5.143141407947348e-25 3.041813432641376e-23 3563
2.3 3.383223772850219e-25 2.070667211872447e-23 2448
2.35 2.862399067391777e-25 1.720223211113217e-23 1868
2.4 1.866691447798135e-25 1.195805677815589e-23 1358
2.45 1.605675378468854e-25 1.052912496024894e-23 1062
2.5 1.068486992298289e-25 7.662851920321794e-24 776
2.55 6.675824008041469e-26 4.156181544093283e-24 432
2.6 2.799802173511516e-26 2.248558755979073e-24 200
2.65 2.21208006824333e-26 1.503219823180897e-24 168
2.7 5.521213622256878e-27 4.542963254656382e-25 56
2.75 5.920758170169324e-28 1.116844833466949e-25 7

0.05 2.718131024005063e-17 8.177896930441298e-17 18
0.1 1.133599107144901e-15 3.818478208748257e-16 62
0.15 1.306761134757217e-15 5.899710564454187e-16 98
0.2 2.349656226204262e-15 2.479211375161497e-15 210
0.25 3.99997046556775e-15 5.100282652272112e-15 350
0.3 4.064443366642034e-15 8.566763022151836e-15 450
0.35 4.757876399665989e-15 1.264121690253073e-14 602
0.4 6.521342826818861e-15 2.632046561751604e-14 762
0.45 9.490259394007216e-15 4.569031437782037e-14 1142
0.5 1.083719828993536e-14 6.073861584201181e-14 1250
0.55 1.263380784179246e-14 8.737275304229009e-14 1458
0.6 1.536759324859178e-14 1.288338469807788e-13 1814
0.65 2.064702902937515e-14 1.744081022304458e-13 2178
0.7 2.270593001159322e-14 2.290633938447194e-13 2498
0.75 2.324241322886269e-14 2.815313559714921e-13 2622
0.8 3.158752507229153e-14 4.012020882814175e-13 3338
0.85 3.309066265893981e-14 4.971569348684451e-13 3722
0.9 3.877433540219846e-14 6.197909591158521e-13 4170
0.95 3.96583661948948e-14 7.208938511634497e-13 4358
1 4.777095309358478e-14 9.014633602189295e-13 5034
1.05 5.61827616027618e-14 1.096574767510441e-12 5714
1.1 5.692007621105304e-14 1.285543727449535e-12 5982
1.15 6.647783244720177e-14 1.515952193738566e-12 6602
1.2 6.833946502874194e-14 1.82676700189514e-12 7130
1.25 8.113024322965164e-14 2.16607862626347e-12 8034
1.3 8.637172651559766e-14 2.49237336548023e-12 8606
1.35 9.359534944432479e-14 2.833483515026464e-12 9066
1.4 1.06233862115595e-13 3.280672952001329e-12 9962
1.45 1.159330216317046e-13 3.689692137765226e-12 10550
1.5 1.240058398964435e-13 4.248566494828041e-12 11226
1.55 1.376938988193936e-13 4.744306074665861e-12 12146
1.6 1.390379516541074e-13 5.148696423511912e-12 12303
1.65 1.418551154584367e-13 5.393581366055682e-12 12584
1.7 1.348466405622048e-13 5.379035924961817e-12 12120
1.75 1.256885343512455e-13 5.442834249248245e-12 11180
1.8 1.26996339185621e-13 5.700958150490586e-12 11096
1.85 1.183195814277061e-13 5.350089674851073e-12 10056
1.9 1.098611588881353e-13 5.485227478925964e-12 9716
1.95 1.007364248854753e-13 5.175098933321909e-12 8604
2 5.014313845844438e-14 2.325263303306159e-12 8060
2.05 9.507303030525203e-25 5.077655414924135e-23 7320
2.1 8.057720884824571e-25 4.462179634752708e-23 6356
2.15 6.980384339709535e-25 3.93256557545426e-23 5348
2.2 5.886338908511238e-25 3.245902277868037e-23 4308
2.25 4.754676498152139e-25 2.88664492359481e-23 3563
2.3 3.031136182755132e-25 2.029511904293838e-23 2448
2.35 2.619946228628597e-25 1.650264700688913e-23 1868
2.4 1.695839352992287e-25 1.154310418452303e-23 1358
2.45 1.458768353696479e-25 1.015792585552094e-23 1062
2.5 1.04925503207089e-25 6.86211369950166e-24 776
2.55 6.179135907254619e-26 3.93904926921494e-24 432
2.6 2.94518572525164e-26 1.879795094066394e-24 200
2.65 1.967193080341575e-26 1.483127989155878e-24 168
2.7 5.760396140906631e-27 3.873351200000324e-25 56
2.75 1.474271222539463e-27 4.247746588887686e-26 7

0.05 6.662764668412469e-16 9.846570759263361e-18 18
0.1 8.496528887852041e-16 3.742194665801761e-16 62
0.15 1.634991849500686e-15 2.691476325451845e-16 98
0.2 2.334034352595611e-15 2.221397518692191e-15 210
0.25 3.548168269115188e-15 5.006914390488709e-15 350
0.3 3.870528716327468e-15 7.89310062775837e-15 450
0.35 4.130981141950172e-15 1.277062696008913e-14 602
0.4 6.27856361577702e-15 2.402983942531648e-14 762
0.45 8.932914074152566e-15 4.254588228752387e-14 1142
0.5 1.003354900019538e-14 5.780748224117209e-14 1250
0.55 1.19748815505469e-14 8.110550250411907e-14 1458
0.6 1.521155477983941e-14 1.147088680066313e-13 1814
0.65 1.799539225857798e-14 1.761455233889442e-13 2178
0.7 2.128880713979591e-14 2.147838590518669e-13 2498
0.75 2.212254014854929e-14 2.60808019288009e-13 2622
0.8 2.911560657582277e-14 3.832661052681094e-13 3338
0.85 3.084543466526204e-14 4.696776405025097e-13 3722
0.9 3.448222726717331e-14 6.139930050288796e-13 4170
0.95 3.753287426409562e-14 6.701595559627991e-13 4358
1 4.332569081095609e-14 8.736849713575953e-13 5034
1.05 5.136650881480944e-14 1.055634109430531e-12 5714
1.1 5.345202321264734e-14 1.206956735828515e-12 5982
1.15 5.984751438003923e-14 1.47975045327225e-12 6602
1.2 6.568823413153198e-14 1.674473283853165e-12 7130
1.25 7.340622642066102e-14 2.105794759318406e-12 8034
1.3 8.119066537334284e-14 2.33853378379733e-12 8606
1.35 8.878797195792113e-14 2.625011312792575e-12 9066
1.4 9.934327782024821e-14 3.08394955141892e-12 9962
1.45 1.068719707813544e-13 3.525854829508479e-12 10550
1.5 1.16252210364564e-13 3.992575376627442e-12 11226
1.55 1.27752685475262e-13 4.502876262014717e-12 12146
1.6 1.313348754180887e-13 4.818488851987569e-12 12303
1.65 1.285018054712146e-13 5.233845373817977e-12 12584
1.7 1.239371148956965e-13 5.171642112434435e-12 12120
1.75 1.190182022274549e-13 5.063506770569339e-12 11180
1.8 1.18563932463871e-13 5.378279222102707e-12 11096
1.85 1.094940780107518e-13 5.093186238467018e-12 10056
1.9 1.040078994862e-13 5.118096903551981e-12 9716
1.95 9.469238357688528e-14 4.853482313258641e-12 8604
2 4.211860741276326e-14 2.449711160564705e-12 8060
2.05 8.77341033640557e-25 4.842892712947732e-23 7320
2.1 7.545126405924129e-25 4.182233338752984e-23 6356
2.15 6.463651061361141e-25 3.738523877608033e-23 5348
2.2 5.215774259272438e-25 3.217852330239313e-23 4308
2.25 4.379983958448802e-25 2.764349815996234e-23 3563
2.3 2.821063701657939e-25 1.924110139055663e-23 2448
2.35 2.388616476686643e-25 1.591528878712994e-23 1868
2.4 1.601629914755054e-25 1.076752814102934e-23 1358
2.45 1.308322537332964e-25 9.977447070402617e-24 1062
2.5 9.229633500488733e-26 6.87193752980908e-24 776
2.55 5.316622613950187e-26 4.038864028487037e-24 432
2.6 2.340342557664129e-26 2.069861313955787e-24 200
2.65 1.914917370300301e-26 1.339514742730974e-24 168
2.7 4.566274429975656e-27 4.236875284080232e-25 56
2.75 5.788574377331629e-28 9.732635988064861e-26 7

0.05 4.142097364982245e-16 3.241217576802357e-17 18
0.1 1.127534807816569e-15 1.777801508220557e-16 62
0.15 3.553783653491576e-16 1.095488290208001e-15 98
0.2 1.857992383320288e-15 2.510842066229844e-15 210
0.25 2.923245875466219e-15 5.500573872659543e-15 350
0.3 3.136855737165939e-15 8.57443924427743e-15 450
0.35 3.555501973559915e-15 1.306756611708104e-14 602
0.4 5.722815897970155e-15 2.329382463078088e-14 762
0.45 8.042860800508627e-15 4.200032378689218e-14 1142
0.5 9.058355595471904e-15 5.657055814630173e-14 1250
0.55 1.061410780515986e-14 8.111738106691858e-14 1458
0.6 1.292203354331171e-14 1.191821078794611e-13 1814
0.65 1.62360323069022e-14 1.726309986038173e-13 2178
0.7 1.832774624317805e-14 2.20787603536077e-13 2498
0.75 1.914485954434176e-14 2.659380265029219e-13 2622
0.8 2.605811986431296e-14 3.793153337620884e-13 3338
0.85 2.777116318297518e-14 4.61322604891443e-13 3722
0.9 3.283124003394402e-14 5.708580009443428e-13 4170
0.95 3.442899954205933e-14 6.471892458144695e-13 4358
1 3.976656573465207e-14 8.430642195028051e-13 5034
1.05 4.705948502044524e-14 1.018091118560668e-12 5714
1.1 4.799927465521672e-14 1.187373778799681e-12 5982
1.15 5.484620014872946e-14 1.429635112160443e-12 6602
1.2 5.872657864339192e-14 1.6528646313852e-12 7130
1.25 6.795614186258871e-14 2.010230898099717e-12 8034
1.3 7.577655042382112e-14 2.21818314395143e-12 8606
1.35 7.876020425484747e-14 2.624543036101256e-12 9066
1.4 9.078004509744222e-14 2.980820808367883e-12 9962
1.45 9.554459873923268e-14 3.481409339617298e-12 10550
1.5 1.072227374065414e-13 3.839950514030976e-12 11226
1.55 1.1631851545416e-13 4.382250721470652e-12 12146
1.6 1.180091814789507e-13 4.702629147471288e-12 12303
1.65 1.19014455101739e-13 5.006891692009868e-12 12584
1.7 1.146792807912398e-13 4.927577396434203e-12 12120
1.75 1.064699983487376e-13 4.999646333335598e-12 11180
1.8 1.116398414341277e-13 5.04570405606515e-12 11096
1.85 9.782567008730494e-14 5.049577916911279e-12 10056
1.9 9.600585166124826e-14 4.896208553779883e-12 9716
1.95 8.976589478188043e-14 4.530870470062894e-12 8604
2 3.993546867493995e-14 2.272426720838102e-12 8060
2.05 8.024510939184208e-25 4.679661825059514e-23 7320
2.1 6.803885225184867e-25 4.101215965306268e-23 6356
2.15 5.838526732178207e-25 3.653352751019932e-23 5348
2.2 4.797604574664894e-25 3.104772377078989e-23 4308
2.25 4.173309378114192e-25 2.566442289346552e-23 3563
2.3 2.641126630354826e-25 1.813186195013366e-23 2448
2.35 2.200740722352474e-25 1.528208534890582e-23 1868
2.4 1.458940409669006e-25 1.043692855667001e-23 1358
2.45 1.312857771872667e-25 8.816853770945137e-24 1062
2.5 8.669316766907979e-26 6.461693250751243e-24 776
2.55 4.665096756068787e-26 4.060111398043406e-24 432
2.6 2.169254779961115e-26 1.971665309635538e-24 200
2.65 1.785260110378784e-26 1.271574838482991e-24 168
2.7 4.284001192251398e-27 4.030859701317478e-25 56
2.75 5.123620320571477e-28 9.582831489187437e-26 7

0.05 4.178584007203551e-16 2.658632643166233e-17 18
0.1 1.355259038703045e-15 1.604452603870872e-16 62
0.15 1.056871185031155e-15 4.811766134099238e-16 98
0.2 1.645031859626729e-15 2.432425516645916e-15 210
0.25 2.452099916261704e-15 5.593117193164832e-15 350
0.3 3.421071637216292e-15 7.022274201641345e-15 450
0.35 3.51377445876761e-15 1.182035584007907e-14 602
0.4 5.408321142828614e-15 2.192369923989167e-14 762
0.45 7.379547301315942e-15 4.04563905403293e-14 1142
0.5 8.675648007427271e-15 5.233594660873492e-14 1250
0.55 1.003946198702191e-14 7.587715236996446e-14 1458
0.6 1.25649480947424e-14 1.091272748302634e-13 1814
0.65 1.512484085684658e-14 1.64214371790648e-13 2178
0.7 1.763503491378679e-14 2.030960108707582e-13 2498
0.75 1.83531050258143e-14 2.465372810724101e-13 2622
0.8 2.421735901945226e-14 3.611356246858256e-13 3338
0.85 2.629204262000588e-14 4.323495566568481e-13 3722
0.9 3.023436091244892e-14 5.494801137534819e-13 4170
0.95 3.160399087114771e-14 6.244100774959239e-13 4358
1 3.739828953364711e-14 7.956708477783257e-13 5034
1.05 4.327189764998437e-14 9.81465135552042e-13 5714
1.1 4.587215667462817e-14 1.101465445883232e-12 5982
1.15 5.148332696758875e-14 1.34827274666018e-12 6602
1.2 5.31411468625982e-14 1.618288930629209e-12 7130
1.25 6.554960211205715e-14 1.847640863711716e-12 8034
1.3 6.761988154817016e-14 2.203258608163548e-12 8606
1.35 7.438761935189273e-14 2.467337591144266e-12 9066
1.4 8.216352055587823e-14 2.911927343346487e-12 9962
1.45 9.038235097700435e-14 3.254865803079926e-12 10550
1.5 1.002130618846899e-13 3.638958949118989e-12 11226
1.55 1.099443578693183e-13 4.083962651312055e-12 12146
1.6 1.114916261347638e-13 4.456581290965413e-12 12303
1.65 1.117250828058202e-13 4.726069551139537e-12 12584
1.7 1.04957777116255e-13 4.772873955001644e-12 12120
1.75 1.006131735276009e-13 4.698655466710506e-12 11180
1.8 1.006452072498871e-13 4.968925771821089e-12 11096
1.85 9.095772231138279e-14 4.804817567410634e-12 10056
1.9 8.779723838111157e-14 4.744735037293088e-12 9716
1.95 8.002950510550271e-14 4.509802084572033e-12 8604
2 3.796280063898972e-14 2.128688483575112e-12 8060
2.05 7.414705303937054e-25 4.500003546578151e-23 7320
2.1 6.436719634352324e-25 3.838511730391826e-23 6356
2.15 5.346246731091531e-25 3.529103968910115e-23 5348
2.2 4.558665536900086e-25 2.895883406469981e-23 4308
2.25 3.796785003164404e-25 2.501468930560879e-23 3563
2.3 2.327183114934534e-25 1.820788217222104e-23 2448
2.35 2.076510969766029e-25 1.435399770919816e-23 1868
2.4 1.38257053958246e-25 9.762237516863019e-24 1358
2.45 1.131012015095166e-25 9.048928657080979e-24 1062
2.5 7.99143726189398e-26 6.219144111792855e-24 776
2.55 4.301106032943203e-26 3.893294191811159e-24 432
2.6 1.877712383137293e-26 1.997545127876542e-24 200
2.65 1.641098213551914e-26 1.226779749772678e-24 168
2.7 4.038993844138926e-27 3.771772707495671e-25 56
2.75 9.638564718620824e-28 5.143377059763018e-26 7

0.05 3.327655514962523e-16 2.774045982058648e-17 18
0.1 3.688748224987159e-16 5.574669802980517e-16 62
0.15 2.468430161298228e-16 1.083495905596888e-15 98
0.2 1.193002905867692e-15 2.894311258863979e-15 210
0.25 2.925160259454344e-15 4.309609290197627e-15 350
0.3 2.548692411415189e-15 8.297467385269977e-15 450
0.35 3.205052024162045e-15 1.154046286289678e-14 602
0.4 4.904093477172444e-15 2.139562209270976e-14 762
0.45 6.864704922547229e-15 3.87365556024533e-14 1142
0.5 7.922020490713238e-15 5.09218297441677e-14 1250
0.55 9.392928125696175e-15 7.223787588682724e-14 1458
0.6 1.159033550220814e-14 1.053890335426677e-13 1814
0.65 1.409650400895587e-14 1.571099186110236e-13 2178
0.7 1.613285996852842e-14 1.982270748096553e-13 2498
0.75 1.661657610608204e-14 2.426070374059608e-13 2622
0.8 2.169380833985296e-14 3.59444575451707e-13 3338
0.85 2.463588033227462e-14 4.110794287569325e-13 3722
0.9 2.73239694958366e-14 5.413505930762437e-13 4170
0.95 2.918823490162734e-14 6.010781916509479e-13 4358
1 3.340201811420448e-14 7.903685673049373e-13 5034
1.05 3.887391368649097e-14 9.724598471604907e-13 5714
1.1 4.181705822820169e-14 1.078328263699471e-12 5982
1.15 4.649524780173086e-14 1.331953507779042e-12 6602
1.2 4.995581032095302e-14 1.536391896608691e-12 7130
1.25 5.862872766694166e-14 1.841977231703637e-12 8034
1.3 6.301931964252739e-14 2.099086990249472e-12 8606
1.35 6.768035918335682e-14 2.415012553916174e-12 9066
1.4 7.577479413380502e-14 2.821146842899716e-12 9962
1.45 8.417564369507625e-14 3.118273003203021e-12 10550
1.5 9.149410330655533e-14 3.538042955451911e-12 11226
1.55 9.902034890196527e-14 4.051020304095542e-12 12146
1.6 1.026538542911924e-13 4.306465231633583e-12 12303
1.65 1.027847598734827e-13 4.571854294562784e-12 12584
1.7 9.899072858668702e-14 4.509018321692825e-12 12120
1.75 9.112500937998536e-14 4.623870662313177e-12 11180
1.8 9.229970479897625e-14 4.82775411703115e-12 11096
1.85 8.317115299088507e-14 4.68511070264815e-12 10056
1.9 7.965598146947282e-14 4.654494935403899e-12 9716
1.95 7.572744583429217e-14 4.240322020008176e-12 8604
2 3.416572375456738e-14 2.104457044323945e-12 8060
2.05 6.987792248390686e-25 4.254882007964263e-23 7320
2.1 5.77961205851584e-25 3.822990047552894e-23 6356
2.15 5.048185455921267e-25 3.33584984540082e-23 5348
2.2 4.097051128309378e-25 2.876169756482711e-23 4308
2.25 3.412426519428437e-25 2.475795326128041e-23 3563
2.3 2.304104248111649e-25 1.645107923305282e-23 2448
2.35 1.898185722535283e-25 1.400884833320014e-23 1868
2.4 1.278001653937677e-25 9.411432960320334e-24 1358
2.45 1.077066030536653e-25 8.500106651153025e-24 1062
2.5 6.855046242206455e-26 6.425864185018987e-24 776
2.55 4.638649046430555e-26 3.215092483949154e-24 432
2.6 2.339575530854027e-26 1.426943705877147e-24 200
2.65 1.40487129597041e-26 1.274860604201816e-24 168
2.7 4.166912612838513e-27 3.26659588366995e-25 56
2.75 4.808907173878931e-28 8.562947572910921e-26 7

0.05 4.752534173395978e-16 2.700419192243732e-17 18
0.1 4.833287132015089e-16 4.049344810119564e-16 62
0.15 7.668659090316856e-16 5.990829759985991e-16 98
0.2 1.430501450784186e-15 2.204807273263789e-15 210
0.25 2.899507846825018e-15 3.79312194915338e-15 350
0.3 3.063376843474948e-15 6.142213480580476e-15 450
0.35 3.077672290314891e-15 1.07436776962939e-14 602
0.4 4.367750140798326e-15 2.139067214740376e-14 762
0.45 6.911603090095978e-15 3.4268363757416e-14 1142
0.5 7.062127475863625e-15 5.124876958328958e-14 1250
0.55 8.474144498270947e-15 7.175550678643753e-14 1458
0.6 1.036069649223329e-14 1.048741201063077e-13 1814
0.65 1.33690394032499e-14 1.479000477021748e-13 2178
0.7 1.445506673533455e-14 1.972626599707427e-13 2498
0.75 1.533837873447695e-14 2.346263293936857e-13 2622
0.8 2.158417768025574e-14 3.220755731315806e-13 3338
0.85 2.227462803436904e-14 4.056965150407758e-13 3722
0.9 2.585674531108732e-14 5.103213594440097e-13 4170
0.95 2.555312027142002e-14 6.113769572905681e-13 4358
1 3.255376403204039e-14 7.250310886154552e-13 5034
1.05 3.544497186652504e-14 9.527688623049564e-13 5714
1.1 3.811858922320975e-14 1.054963500747222e-12 5982
1.15 4.431808557085871e-14 1.24653161128373e-12 6602
1.2 4.806953632409171e-14 1.424196392185316e-12 7130
1.25 5.438131390880273e-14 1.77585911672708e-12 8034
1.3 5.888752286930118e-14 2.014882997093441e-12 8606
1.35 6.416159261954662e-14 2.275729019000753e-12 9066
1.4 6.869379639338769e-14 2.775081742644677e-12 9962
1.45 7.742006667428647e-14 3.030574501714841e-12 10550
1.5 8.465340188376211e-14 3.425670229750125e-12 11226
1.55 9.39195470285681e-14 3.819188256954059e-12 12146
1.6 9.528118758381829e-14 4.129462745872226e-12 12303
1.65 9.50490779312171e-14 4.40537029758408e-12 12584
1.7 9.175523201876981e-14 4.356902444296332e-12 12120
1.75 8.373674370014285e-14 4.480435114685881e-12 11180
1.8 8.473174999553624e-14 4.694064019989174e-12 11096
1.85 7.748731617311945e-14 4.487037052121345e-12 10056
1.9 7.516348494987847e-14 4.402262971794476e-12 9716
1.95 7.053589297274849e-14 4.062913310090668e-12 8604
2 3.094906887073229e-14 2.073402697411366e-12 8060
2.05 6.394200265045936e-25 4.148481725190467e-23 7320
2.1 5.441346312355364e-25 3.617238570820052e-23 6356
2.15 4.558056698387671e-25 3.296427599888742e-23 5348
2.2 3.834229634880908e-25 2.730969778573511e-23 4308
2.25 3.227088707236125e-25 2.341177101787069e-23 3563
2.3 2.111784450011358e-25 1.600795273551661e-23 2448
2.35 1.702742146864857e-25 1.394840151210623e-23 1868
2.4 1.142942823818287e-25 9.411062876961901e-24 1358
2.45 1.007941725800808e-25 8.088752914895015e-24 1062
2.5 7.076904104271795e-26 5.579485541240354e-24 776
2.55 3.882457365106319e-26 3.446288427245566e-24 432
2.6 1.688848277812742e-26 1.785234145282526e-24 200
2.65 1.352683607384388e-26 1.184501287438203e-24 168
2.7 4.150075164655492e-27 2.906417601453207e-25 56
2.75 8.166258930526881e-28 4.889473234207906e-26 7

0.05 4.408165915606516e-16 1.258978456058152e-17 18
0.1 8.29318707125712e-16 1.878774656364801e-16 62
0.15 3.426806041620466e-16 9.797416962665674e-16 98
0.2 8.386431886629285e-16 2.894449373384207e-15 210
0.25 2.278989806220337e-15 4.495750944238561e-15 350
0.3 2.552596782826389e-15 6.673019682834464e-15 450
0.35 2.780657350662342e-15 1.067715841471145e-14 602
0.4 4.202641812910933e-15 2.011474652586822e-14 762
0.45 6.206570432127861e-15 3.425961025976538e-14 1142
0.5 6.406208057912516e-15 5.041532838090212e-14 1250
0.55 7.521137550913803e-15 7.232344370039313e-14 1458
0.6 9.568557563351111e-15 1.018167413793109e-13 1814
0.65 1.215284478209377e-14 1.461831132897919e-13 2178
0.7 1.360037314567993e-14 1.882775645178699e-13 2498
0.75 1.472519733925032e-14 2.188915359642902e-13 2622
0.8 1.929799068019947e-14 3.237911371037312e-13 3338
0.85 2.066068013931869e-14 3.925377154680546e-13 3722
0.9 2.391297936530144e-14 4.953761054215163e-13 4170
0.95 2.625351396443592e-14 5.343658535520272e-13 4358
1 2.969335042300821e-14 7.142058574108547e-13 5034
1.05 3.377329142341737e-14 8.96571935765152e-13 5714
1.1 3.597583713658545e-14 1.001548218624328e-12 5982
1.15 4.003150429321051e-14 1.237527084280612e-12 6602
1.2 4.408694248283372e-14 1.394810035963042e-12 7130
1.25 4.95577541889321e-14 1.747821219469017e-12 8034
1.3 5.366868396774994e-14 1.974753198475896e-12 8606
1.35 5.798149040149209e-14 2.25223322466002e-12 9066
1.4 6.590610367805695e-14 2.598066633693719e-12 9962
1.45 7.16855016072488e-14 2.940498681336897e-12 10550
1.5 7.929170663215509e-14 3.275043963583083e-12 11226
1.55 8.49224555094666e-14 3.784823119523661e-12 12146
1.6 8.761674629241365e-14 4.032396992086335e-12 12303
1.65 8.800362330352255e-14 4.270375940822649e-12 12584
1.7 8.360711584313112e-14 4.272819723128463e-12 12120
1.75 8.137667935645011e-14 4.150021818102139e-12 11180
1.8 7.777862649976175e-14 4.584026760802412e-12 11096
1.85 7.490908661757211e-14 4.162288683874026e-12 10056
1.9 7.139538518257719e-14 4.155627283934244e-12 9716
1.95 6.274961429486058e-14 4.099989623509883e-12 8604
2 3.047107081574993e-14 1.887684711368715e-12 8060
2.05 5.91108086491498e-25 4.028600903429041e-23 7320
2.1 5.105370322789563e-25 3.464789639994327e-23 6356
2.15 4.39784117234219e-25 3.065420772336446e-23 5348
2.2 3.552416658806991e-25 2.653389795470701e-23 4308
2.25 3.016262371592163e-25 2.243522764550138e-23 3563
2.3 1.934333396282069e-25 1.562066163115199e-23 2448
2.35 1.696958892699136e-25 1.248501996617911e-23 1868
2.4 1.07105684946893e-25 8.999503264029813e-24 1358
2.45 9.539168794665632e-26 7.654907019139385e-24 1062
2.5 6.726982904832325e-26 5.250764208849224e-24 776
2.55 3.666509769562954e-26 3.268153726174161e-24 432
2.6 1.572208170777329e-26 1.719080819994879e-24 200
2.65 1.253080285934594e-26 1.149106966498315e-24 168
2.7 3.772978193664861e-27 2.874299025888292e-25 56
2.75 5.617380042482397e-28 6.534422860028124e-26 7

0.05 1.511019119451041e-16 5.924390111026175e-17 18
0.1 1.004541354689312e-15 1.79071560029876e-16 62
0.15 7.271221252530349e-16 5.560717774845919e-16 98
0.2 1.740229550624145e-15 1.489127578442323e-15 210
0.25 2.474468650414323e-15 3.667821621387328e-15 350
0.3 2.068621208598848e-15 7.323695809128624e-15 450
0.35 2.760751229500312e-15 9.610226028250351e-15 602
0.4 4.219795258770727e-15 1.784589481270854e-14 762
0.45 5.656341781431167e-15 3.381773561165297e-14 1142
0.5 6.232555806854352e-15 4.674703819112776e-14 1250
0.55 7.510924220835891e-15 6.506911620329591e-14 1458
0.6 9.328620405735833e-15 9.382848351434862e-14 1814
0.65 1.181259272148958e-14 1.350819568436352e-13 2178
0.7 1.311570826413415e-14 1.753930316060287e-13 2498
0.75 1.415812609689747e-14 2.043838016066325e-13 2622
0.8 1.705077274364083e-14 3.276322944146707e-13 3338
0.85 1.93289466810063e-14 3.7677605803941e-13 3722
0.9 2.249973460410299e-14 4.724058387163832e-13 4170
0.95 2.405632388723425e-14 5.252455348335455e-13 4358
1 2.702518088769218e-14 7.039189289603833e-13 5034
1.05 3.23342147340467e-14 8.41813023016059e-13 5714
1.1 3.412220004680011e-14 9.5041265862228e-13 5982
1.15 3.792364216964892e-14 1.173396778981988e-12 6602
1.2 4.121149634862899e-14 1.335837138833926e-12 7130
1.25 4.663948034229864e-14 1.665190553146698e-12 8034
1.3 5.196121005549186e-14 1.835393592283006e-12 8606
1.35 5.522312716282606e-14 2.119684752313995e-12 9066
1.4 6.187532927654396e-14 2.481513621450234e-12 9962
1.45 6.821352112889726e-14 2.773584953848747e-12 10550
1.5 7.413513342077396e-14 3.144380290054293e-12 11226
1.55 8.125093719922201e-14 3.554972421528037e-12 12146
1.6 8.10786028512261e-14 3.903196925286716e-12 12303
1.65 8.338063290351213e-14 4.054305522566916e-12 12584
1.7 7.806286354996949e-14 4.119295600675102e-12 12120
1.75 7.682488069797616e-14 3.941548954330675e-12 11180
1.8 7.469643658130982e-14 4.286862950642861e-12 11096
1.85 6.791262165405105e-14 4.122819130822043e-12 10056
1.9 6.377031986252184e-14 4.178869605117404e-12 9716
1.95 6.033589374191193e-14 3.83260986563862e-12 8604
2 2.857201911059832e-14 1.802688521554748e-12 8060
2.05 5.517208340211189e-25 3.868949065701472e-23 7320
2.1 4.632705173592274e-25 3.419650605302523e-23 6356
2.15 4.04520856964912e-25 2.995528474710042e-23 5348
2.2 3.33641831317097e-25 2.536133130648248e-23 4308
2.25 2.831785412622134e-25 2.140079811577628e-23 3563
2.3 1.787913492637888e-25 1.519057601511575e-23 2448
2.35 1.523769015180357e-25 1.252456260877532e-23 1868
2.4 1.007688424891399e-25 8.587521101653889e-24 1358
2.45 8.702030341033837e-26 7.539061062829861e-24 1062
2.5 6.12027442980726e-26 5.196071336369047e-24 776
2.55 3.685858353005632e-26 2.908688925661784e-24 432
2.6 1.700071023837207e-26 1.440113519863068e-24 200
2.65 1.126663528165331e-26 1.142397049900205e-24 168
2.7 2.917841183377631e-27 3.331473405974722e-25 56
2.75 4.379998865885731e-28 7.050156876045334e-26 7

0.05 3.5751947837845e-16 5.823615308562149e-17 18
0.1 3.735115006644232e-16 3.757468130313867e-16 62
0.15 3.675891693358555e-16 9.106219802598015e-16 98
0.2 8.125431950948177e-16 2.685001971973861e-15 210
0.25 1.631094036838986e-15 4.819354083390693e-15 350
0.3 1.943785365919928e-15 7.14725444700533e-15 450
0.35 2.460220823549634e-15 9.716801436151044e-15 602
0.4 3.69425995649905e-15 1.84549885394566e-14 762
0.45 5.00412679276554e-15 3.4545056681728e-14 1142
0.5 5.959247356466036e-15 4.390802520191599e-14 1250
0.55 7.087248099375644e-15 6.221416144310425e-14 1458
0.6 8.395668267034577e-15 9.408003713756351e-14 1814
0.65 1.062370813774003e-14 1.351301308258625e-13 2178
0.7 1.201391502877227e-14 1.723453974639385e-13 2498
0.75 1.24519117411891e-14 2.09506469917126e-13 2622
0.8 1.67600421889219e-14 3.016452897331903e-13 3338
0.85 1.818181660405266e-14 3.607899646342903e-13 3722
0.9 2.106569757150834e-14 4.548349644912729e-13 4170
0.95 2.177927537550299e-14 5.220814124312166e-13 4358
1 2.498603721152904e-14 6.863824722100405e-13 5034
1.05 2.943145658896403e-14 8.337808021845611e-13 5714
1.1 3.111503200237778e-14 9.384275331177581e-13 5982
1.15 3.582001323317822e-14 1.122534221996491e-12 6602
1.2 3.777245968717097e-14 1.318465696926943e-12 7130
1.25 4.404004046995226e-14 1.593153892439322e-12 8034
1.3 4.800663374059633e-14 1.795049898232593e-12 8606
1.35 5.046893510187371e-14 2.085481348496883e-12 9066
1.4 5.712376985450635e-14 2.42904263172548e-12 9962
1.45 6.225788387472338e-14 2.728505582932886e-12 10550
1.5 6.759230921526888e-14 3.108873417846194e-12 11226
1.55 7.514956517439762e-14 3.46512610582559e-12 12146
1.6 7.721516116364664e-14 3.698873151753552e-12 12303
1.65 7.613036175693164e-14 4.014019470068167e-12 12584
1.7 7.229180449142321e-14 3.992507092256045e-12 12120
1.75 6.855463353117029e-14 3.982890182853469e-12 11180
1.8 6.718213353403795e-14 4.298945867740716e-12 11096
1.85 6.244164108620524e-14 4.049823228314292e-12 10056
1.9 6.092172615180449e-14 3.951138253682457e-12 9716
1.95 5.493854265201118e-14 3.789181835246271e-12 8604
2 2.680755940342342e-14 1.738020173265899e-12 8060
2.05 5.179248274255973e-25 3.725883770377506e-23 7320
2.1 4.317324018552853e-25 3.316818303663814e-23 6356
2.15 3.843361187346862e-25 2.8454156723863e-23 5348
2.2 3.044583114114791e-25 2.50214995835467e-23 4308
2.25 2.571052425048507e-25 2.127845683402337e-23 3563
2.3 1.709831066788909e-25 1.433189478857499e-23 2448
2.35 1.38935835499447e-25 1.239949539560332e-23 1868
2.4 9.127622972070311e-26 8.542569761936854e-24 1358
2.45 8.195013807817232e-26 7.218548832200281e-24 1062
2.5 5.296034272869691e-26 5.401868802796736e-24 776
2.55 2.97213147406585e-26 3.255623135822558e-24 432
2.6 1.492773964914476e-26 1.479631656953184e-24 200
2.65 1.134501683513e-26 1.017894542617534e-24 168
2.7 3.346193356066596e-27 2.661400212853973e-25 56
2.75 4.501829067830631e-28 6.372348056853062e-26 7

0.05 1.334749480035603e-16 5.512111293247764e-17 18
0.1 5.961486238624176e-16 2.681665645029269e-16 62
0.15 7.635453272710138e-16 4.644232188605362e-16 98
0.2 9.840291518711218e-16 2.150868523638181e-15 210
0.25 1.412712698709238e-15 4.709310770581573e-15 350
0.3 1.93411697183056e-15 6.441669448245542e-15 450
0.35 2.283409796642694e-15 9.509284203697104e-15 602
0.4 3.203957195067024e-15 1.915977641826191e-14 762
0.45 4.791431288503329e-15 3.250660624576359e-14 1142
0.5 5.19091651232942e-15 4.540890448888641e-14 1250
0.55 6.516355355422708e-15 6.109830946537998e-14 1458
0.6 7.98486224096282e-15 8.934370567088485e-14 1814
0.65 1.021739440689139e-14 1.268885444727881e-13 2178
0.7 1.123377678521985e-14 1.665299150469623e-13 2498
0.75 1.204413701445931e-14 1.959198536727585e-13 2622
0.8 1.658098817150943e-14 2.747915736230697e-13 3338
0.85 1.721145687130737e-14 3.446344856175103e-13 3722
0.9 1.944190374348642e-14 4.456578048193948e-13 4170
0.95 2.062471902860675e-14 4.982269120593895e-13 4358
1 2.390297307301175e-14 6.480341567324641e-13 5034
1.05 2.785525102625871e-14 7.952372960967907e-13 5714
1.1 2.931107795979601e-14 8.986895899208387e-13 5982
1.15 3.297370638459599e-14 1.096374619088821e-12 6602
1.2 3.658554211948012e-14 1.228851760579965e-12 7130
1.25 4.176065756406051e-14 1.51997511612478e-12 8034
1.3 4.546936586004602e-14 1.709372583001206e-12 8606
1.35 4.815324339525301e-14 1.983737729376942e-12 9066
1.4 5.386400207246499e-14 2.32381021803327e-12 9962
1.45 6.003216006865845e-14 2.566038056730032e-12 10550
1.5 6.503678346650568e-14 2.926523861057815e-12 11226
1.55 7.072132508498385e-14 3.326969059416081e-12 12146
1.6 6.913727281770453e-14 3.726259499474179e-12 12303
1.65 7.087809482177426e-14 3.876452987046728e-12 12584
1.7 6.821147846708187e-14 3.83767214994956e-12 12120
1.75 6.394837352923235e-14 3.846367660208449e-12 11180
1.8 6.550673046323385e-14 3.980774982699561e-12 11096
1.85 6.001162638652042e-14 3.800353519985192e-12 10056
1.9 5.718625057546207e-14 3.798956573684024e-12 9716
1.95 5.295368008207947e-14 3.560831306454703e-12 8604
2 2.46460340622433e-14 1.706494212592944e-12 8060
2.05 4.77255507105675e-25 3.646381734171855e-23 7320
2.1 4.180599199834721e-25 3.092855865741983e-23 6356
2.15 3.485135166829182e-25 2.825410643838418e-23 5348
2.2 2.921978488739311e-25 2.355794575729168e-23 4308
2.25 2.411006613639551e-25 2.047699979161788e-23 3563
2.3 1.595339841665107e-25 1.389504703281699e-23 2448
2.35 1.306709452845615e-25 1.191025323684283e-23 1868
2.4 8.788974659145211e-26 8.011616035879714e-24 1358
2.45 7.236005464815776e-26 7.37415295698393e-24 1062
2.5 5.100668940434038e-26 5.082036852926579e-24 776
2.55 3.279542450934391e-26 2.652745881316855e-24 432
2.6 1.462905080177167e-26 1.366180964746327e-24 200
2.65 1.05775487252906e-26 9.929129725300602e-25 168
2.7 3.15910971467848e-27 2.496432886225413e-25 56
2.75 5.667782385125746e-28 4.726287830855683e-26 7

0.05 1.76409912322933e-16 6.675169519772677e-17 18
0.1 3.238210669993738e-16 4.479093776033282e-16 62
0.15 3.984564048130977e-16 7.902421487444662e-16 98
0.2 5.973706191203581e-16 2.776013304328731e-15 210
0.25 1.951671937818035e-15 3.385420406092632e-15 350
0.3 1.706624396592929e-15 6.617797762956438e-15 450
0.35 2.125202179686574e-15 9.194828075049977e-15 602
0.4 3.172470885027704e-15 1.76240457853907e-14 762
0.45 4.645259846712379e-15 3.029125035748442e-14 1142
0.5 5.125566318949601e-15 4.218733216587041e-14 1250
0.55 5.933107109050392e-15 6.075168909689134e-14 1458
0.6 7.268947677528993e-15 8.885110080535609e-14 1814
0.65 9.523982556410296e-15 1.234932580518062e-13 2178
0.7 1.059865921010762e-14 1.599039148266952e-13 2498
0.75 1.077188189767656e-14 1.981856059009409e-13 2622
0.8 1.459508244364699e-14 2.834439668604724e-13 3338
0.85 1.577954552781393e-14 3.401314948022009e-13 3722
0.9 1.794503511644795e-14 4.370320796166882e-13 4170
0.95 1.893285986815428e-14 4.918067946024638e-13 4358
1 2.227222953492541e-14 6.306849979755993e-13 5034
1.05 2.543476709486234e-14 7.896214860642109e-13 5714
1.1 2.797619312175755e-14 8.535455887515967e-13 5982
1.15 3.092139109403919e-14 1.062238637030502e-12 6602
1.2 3.293834047863014e-14 1.234970996362171e-12 7130
1.25 3.817646127394826e-14 1.502054625014188e-12 8034
1.3 4.204226808976781e-14 1.673013232904428e-12 8606
1.35 4.480269494791064e-14 1.936063427940794e-12 9066
1.4 5.060295383747547e-14 2.245209213221438e-12 9962
1.45 5.469093613321222e-14 2.548554520802084e-12 10550
1.5 5.950354858969566e-14 2.883666343994359e-12 11226
1.55 6.517332497396292e-14 3.267416461653333e-12 12146
1.6 6.649325624541014e-14 3.509258405122519e-12 12303
1.65 6.772489075222654e-14 3.675091681649117e-12 12584
1.7 6.47372715225764e-14 3.659304544121799e-12 12120
1.75 6.006777330002148e-14 3.708557589854014e-12 11180
1.8 6.214522323199916e-14 3.798162944885595e-12 11096
1.85 5.605284373669691e-14 3.692867054592879e-12 10056
1.9 5.416033927820322e-14 3.63209038900632e-12 9716
1.95 4.867919390779928e-14 3.507621040341407e-12 8604
2 2.318806075515416e-14 1.647325088809816e-12 8060
2.05 4.514539940722029e-25 3.503864495930343e-23 7320
2.1 3.813674451277454e-25 3.069160193212244e-23 6356
2.15 3.30616030680463e-25 2.704895047474693e-23 5348
2.2 2.718447071838194e-25 2.296717135690973e-23 4308
2.25 2.29922960421165e-25 1.950750898769607e-23 3563
2.3 1.499911862750257e-25 1.337730578533953e-23 2448
2.35 1.210464724510746e-25 1.167551276619579e-23 1868
2.4 8.169119164283194e-26 7.828395267403788e-24 1358
2.45 6.948243182999777e-26 6.980039703625768e-24 1062
2.5 4.686408987350211e-26 5.000658283745249e-24 776
2.55 3.043751467088361e-26 2.597681554232455e-24 432
2.6 1.355606920574273e-26 1.336890245643632e-24 200
2.65 9.937678321610183e-27 9.588057420671148e-25 168
2.7 2.830464407942377e-27 2.529247660964561e-25 56
2.75 2.971511062252257e-28 6.919236658455845e-26 7

0.05 1.844331297796734e-16 4.532469394697055e-17 18
0.1 6.430944717976874e-16 1.610950663794163e-16 62
0.15 7.26333492441869e-16 3.947290573073995e-16 98
0.2 6.807018293236257e-16 2.224243136818781e-15 210
0.25 1.941899518579831e-15 3.143041783999859e-15 350
0.3 1.850258737590619e-15 5.604614334485831e-15 450
0.35 2.014420359085069e-15 8.852295033110824e-15 602
0.4 3.118014567923741e-15 1.622282722770908e-14 762
0.45 4.387736227451626e-15 2.927207066208731e-14 1142
0.5 4.54617752033292e-15 4.260737940599171e-14 1250
0.55 5.85529530283449e-15 5.570905407999129e-14 1458
0.6 7.113529191939697e-15 8.246405536911794e-14 1814
0.65 8.781590054097201e-15 1.214169474959265e-13 2178
0.7 9.968932176658223e-15 1.542489797988086e-13 2498
0.75 1.089306062222688e-14 1.780980105080392e-13 2622
0.8 1.359430914721856e-14 2.760740843423037e-13 3338
0.85 1.4588202670003e-14 3.338190866563815e-13 3722
0.9 1.758646592354742e-14 4.050702183226569e-13 4170
0.95 1.824331337732691e-14 4.644118053127077e-13 4358
1 2.086568281252616e-14 6.104479838310148e-13 5034
1.05 2.463370929359163e-14 7.39864186088475e-13 5714
1.1 2.519129384234567e-14 8.615338064919735e-13 5982
1.15 2.853191869365245e-14 1.044644671140089e-12 6602
1.2 3.158920799633451e-14 1.167173014398913e-12 7130
1.25 3.694171316871751e-14 1.410714256960729e-12 8034
1.3 3.93421911252706e-14 1.623774725909542e-12 8606
1.35 4.230329803255469e-14 1.860010714541311e-12 9066
1.4 4.750442271117248e-14 2.168151615198564e-12 9962
1.45 5.254733482484365e-14 2.409101167004077e-12 10550
1.5 5.557916507758623e-14 2.819168774483285e-12 11226
1.55 5.957757943105592e-14 3.240126786601853e-12 12146
1.6 6.228363715847579e-14 3.413983270964461e-12 12303
1.65 6.287805098100353e-14 3.584559840588558e-12 12584
1.7 6.150075091868133e-14 3.503369024591921e-12 12120
1.75 5.563672103701337e-14 3.636736995657973e-12 11180
1.8 5.578210129432505e-14 3.850403857215042e-12 11096
1.85 5.087054085192443e-14 3.685009858595033e-12 10056
1.9 4.921113002884499e-14 3.62945358920845e-12 9716
1.95 4.434587679758439e-14 3.487455673291887e-12 8604
2 2.132169969719478e-14 1.6200237470582e-12 8060
2.05 4.385619183073764e-25 3.261032779797469e-23 7320
2.1 3.607242632368623e-25 2.948600701420047e-23 6356
2.15 3.090396985162366e-25 2.618690347482387e-23 5348
2.2 2.457708880297045e-25 2.29927764061845e-23 4308
2.25 2.205956690005262e-25 1.843390880318075e-23 3563
2.3 1.407298096968973e-25 1.292418833700268e-23 2448
2.35 1.155544755235117e-25 1.106285122499555e-23 1868
2.4 7.64144794061896e-26 7.583180158257163e-24 1358
2.45 6.623049767820946e-26 6.64317374966374e-24 1062
2.5 4.311415484679671e-26 4.934267996690161e-24 776
2.55 2.571645601866694e-26 2.805690024375151e-24 432
2.6 1.351632579188343e-26 1.208363554869813e-24 200
2.65 8.959641951408515e-27 9.640954049297388e-25 168
2.7 2.189606528423644e-27 2.959450569972031e-25 56
2.75 5.803540611453999e-28 3.553252319361987e-26 7

