1:binCentralValue 2:valuesAverage 3:valuesAverage 4:multiplicity
0.05 6.4013824674725e-14 6.181152505639889e-16 18
0.1 2.874946571322035e-13 4.378035126533204e-15 62
0.15 5.043013566431888e-13 1.267739595203206e-14 98
0.2 9.327353086953871e-13 3.573785226720607e-14 210
0.25 1.686102118963345e-12 1.323147579818063e-13 350
0.3 2.056289605412769e-12 1.777938466409531e-13 450
0.35 2.824538643899302e-12 3.633006091200879e-13 602
0.4 3.627639058430318e-12 5.536793302557842e-13 762
0.45 4.768562439924251e-12 9.73311902370252e-13 1142
0.5 5.629612701388516e-12 1.391320077557298e-12 1250
0.55 7.030790675414404e-12 2.033876127414699e-12 1458
0.6 8.421520453526238e-12 2.945190564999261e-12 1814
0.65 1.013593700174298e-11 4.187165662838497e-12 2178
0.7 1.169584877690746e-11 5.193894843766762e-12 2498
0.75 1.213270387572668e-11 6.661662019089008e-12 2622
0.8 1.48263440137325e-11 9.608191565008285e-12 3338
0.85 1.680307796266513e-11 1.26648990827545e-11 3722
0.9 1.972386441485816e-11 1.558734093059777e-11 4170
0.95 2.023137597311846e-11 1.839782810282511e-11 4358
1 2.362457015523674e-11 2.292065078158998e-11 5034
1.05 2.621700451070208e-11 2.827153639416542e-11 5714
1.1 2.800304657121733e-11 3.360690162322273e-11 5982
1.15 3.029087233658404e-11 3.964174069431756e-11 6602
1.2 3.275264275241491e-11 4.637138138348114e-11 7130
1.25 3.654241988567124e-11 5.780619055085141e-11 8034
1.3 4.029170170563029e-11 6.831346271386482e-11 8606
1.35 4.163241852265385e-11 7.416584237911572e-11 9066
1.4 4.655429923611877e-11 9.126533900626827e-11 9962
1.45 4.91593486364656e-11 9.889099569915433e-11 10550
1.5 5.23579128824402e-11 1.147486736709665e-10 11226
1.55 5.573770384419325e-11 1.344105496319081e-10 12146
1.6 5.676851173508645e-11 1.422887273432637e-10 12303
1.65 5.786376176867532e-11 1.536852655047197e-10 12584
1.7 5.644618542170197e-11 1.582042132570849e-10 12120
1.75 5.180852871186507e-11 1.56444782838774e-10 11180
1.8 5.246296952215387e-11 1.628883040843556e-10 11096
1.85 4.639406644723455e-11 1.542195919216331e-10 10056
1.9 4.436203300847885e-11 1.601993172202666e-10 9716
1.95 4.025879732614401e-11 1.471896842779883e-10 8604
2 1.87383145690463e-11 7.32059474559952e-11 8060
2.05 4.011000524913049e-42 8.928357888374113e-42 7320
2.1 3.541460493028341e-42 7.744124139507448e-42 6356
2.15 2.845784964593429e-42 6.392363666591486e-42 5348
2.2 2.328563265025874e-42 5.182690398853887e-42 4308
2.25 1.857474846796948e-42 4.300276207817558e-42 3563
2.3 1.180490009838249e-42 2.780102528481378e-42 2448
2.35 8.971646216369061e-43 2.121617187484434e-42 1868
2.4 6.123749140908853e-43 1.372229313018057e-42 1358
2.45 4.460369886029417e-43 1.02048532091791e-42 1062
2.5 3.217355433123463e-43 7.291230253155993e-43 776
2.55 1.600916473383144e-43 3.045439933540296e-43 432
2.6 7.290694549392001e-44 1.286945724578683e-43 200
2.65 4.852600447052465e-44 1.160827619840481e-43 168
2.7 1.998068722230401e-44 3.31809899984692e-44 56
2.75 3.495535373989589e-46 3.739275948634739e-45 7

0.05 2.921491382207518e-14 2.653400686530221e-16 18
0.1 1.253129408012123e-13 2.574058062730395e-15 62
0.15 1.802976726595165e-13 9.024639190377418e-15 98
0.2 3.934898727168202e-13 2.573480483604956e-14 210
0.25 8.019610471390874e-13 7.273717526878431e-14 350
0.3 7.891713141318061e-13 1.29277610330253e-13 450
0.35 1.181914990435879e-12 2.509854604859883e-13 602
0.4 1.473312357821212e-12 3.604232411690642e-13 762
0.45 2.026806078597549e-12 6.20295868079931e-13 1142
0.5 2.390311143163708e-12 8.933815928720225e-13 1250
0.55 2.930276598268575e-12 1.331000355789362e-12 1458
0.6 3.510037232385829e-12 1.923750155476042e-12 1814
0.65 4.163777113735342e-12 2.769299794078653e-12 2178
0.7 4.786663131862345e-12 3.471150221347001e-12 2498
0.75 5.23281417068695e-12 4.188738864256423e-12 2622
0.8 6.84185056673115e-12 5.668095152083377e-12 3338
0.85 8.448670566067588e-12 6.895199592102979e-12 3722
0.9 9.427475302141874e-12 8.897679008472545e-12 4170
0.95 1.015916016052725e-11 1.016559676742166e-11 4358
1 1.164405319606994e-11 1.295896194698984e-11 5034
1.05 1.264726008069493e-11 1.654597059789643e-11 5714
1.1 1.344828100416575e-11 2.00115840491178e-11 5982
1.15 1.440230211120311e-11 2.377839059499257e-11 6602
1.2 1.495775995767907e-11 2.88772038005171e-11 7130
1.25 1.656868123583831e-11 3.633733741179224e-11 8034
1.3 1.797032140649631e-11 4.326805616263667e-11 8606
1.35 1.831682072372325e-11 4.720413973734113e-11 9066
1.4 2.101274013485341e-11 5.669683929163076e-11 9962
1.45 2.268211516477364e-11 6.013578766510921e-11 10550
1.5 2.533004850321514e-11 6.691787667625806e-11 11226
1.55 2.817698631919174e-11 7.563259228061603e-11 12146
1.6 2.995973671228797e-11 7.650117378593078e-11 12303
1.65 3.263147925582374e-11 7.72934636415902e-11 12584
1.7 3.341506781220963e-11 7.573246424235149e-11 12120
1.75 3.330787782911602e-11 6.904174930173336e-11 11180
1.8 3.470387365338916e-11 6.922029905735772e-11 11096
1.85 3.176896840799413e-11 6.386868421336748e-11 10056
1.9 3.136990816119136e-11 6.546164385640817e-11 9716
1.95 2.71652997902796e-11 6.396712114972376e-11 8604
2 1.270048175982215e-11 3.24867661519625e-11 8060
2.05 2.654058791203926e-41 8.267858589570548e-41 7320
2.1 2.177389125565237e-41 7.205112379354827e-41 6356
2.15 1.878827066964035e-41 6.377951125701856e-41 5348
2.2 1.484328044598282e-41 5.250315419607564e-41 4308
2.25 1.180236676709864e-41 4.770866886079405e-41 3563
2.3 8.13352371460465e-42 3.335263604092767e-41 2448
2.35 5.821533084556709e-42 2.517124837331196e-41 1868
2.4 4.496362529949161e-42 1.950749892597959e-41 1358
2.45 3.498948965146169e-42 1.528046521204421e-41 1062
2.5 2.520342273988177e-42 1.176121307846343e-41 776
2.55 1.222980409093893e-42 6.385927701124399e-42 432
2.6 5.264251978700648e-43 2.799066608198191e-42 200
2.65 5.673805552245089e-43 2.473252717979106e-42 168
2.7 1.952692762760019e-43 8.687148944086914e-43 56
2.75 5.480132556070726e-44 6.018592315203776e-44 7

0.05 1.314862722251339e-14 1.839092918487443e-16 18
0.1 4.608908876823359e-14 2.179564358685536e-15 62
0.15 8.242741757536847e-14 5.809132490574046e-15 98
0.2 1.687251427757633e-13 1.910207669958311e-14 210
0.25 3.599088383181192e-13 5.980131859333176e-14 350
0.3 4.563595068645095e-13 8.274393241627196e-14 450
0.35 7.281700016713719e-13 1.50179881460373e-13 602
0.4 7.81990585210971e-13 2.61229632587792e-13 762
0.45 1.085815038863935e-12 4.445917917452144e-13 1142
0.5 1.280914229348993e-12 6.430445049055842e-13 1250
0.55 1.547656362689359e-12 9.739987837341904e-13 1458
0.6 1.851422255938527e-12 1.398269644629253e-12 1814
0.65 2.358158108887032e-12 1.888154332569284e-12 2178
0.7 2.652503690998085e-12 2.422894276468101e-12 2498
0.75 2.827166285706423e-12 3.052154614138102e-12 2622
0.8 3.395981145429889e-12 4.495984013295033e-12 3338
0.85 3.887295020197577e-12 5.852253809704003e-12 3722
0.9 4.6897386517281e-12 6.976793955652218e-12 4170
0.95 5.40626407820736e-12 7.378482624615054e-12 4358
1 6.232048337657349e-12 9.376410280045726e-12 5034
1.05 6.609851182443388e-12 1.229273284485699e-11 5714
1.1 6.963321643058613e-12 1.492847444392893e-11 5982
1.15 7.367290830376343e-12 1.782783583816423e-11 6602
1.2 8.091856003313815e-12 2.045412324912152e-11 7130
1.25 9.703375280749511e-12 2.386062880997912e-11 8034
1.3 1.099897592713237e-11 2.73530126913951e-11 8606
1.35 1.187120021431723e-11 2.860692187902913e-11 9066
1.4 1.335971412602634e-11 3.55263597851584e-11 9962
1.45 1.352230504075782e-11 4.049027825782668e-11 10550
1.5 1.43183873010152e-11 4.776743759353753e-11 11226
1.55 1.586295541675113e-11 5.448385893111218e-11 12146
1.6 1.63440375023166e-11 5.693746490458036e-11 12303
1.65 1.721870919008233e-11 5.92633488624472e-11 12584
1.7 1.669955262066872e-11 6.071540037179679e-11 12120
1.75 1.560887454152434e-11 5.904401922392637e-11 11180
1.8 1.66753133438784e-11 5.808198804582768e-11 11096
1.85 1.535344002687176e-11 5.361216471343031e-11 10056
1.9 1.493939100643486e-11 5.603386789391872e-11 9716
1.95 1.250601302543167e-11 5.583130748006474e-11 8604
2 5.841220701546075e-12 2.791230003688052e-11 8060
2.05 2.62252378554834e-41 1.198667200298189e-40 7320
2.1 2.214483842379294e-41 1.104313627302857e-40 6356
2.15 1.803196095567197e-41 9.25942184068092e-41 5348
2.2 1.471767197482843e-41 7.951292003719672e-41 4308
2.25 1.280485631817043e-41 6.623222189039464e-41 3563
2.3 8.360187636926625e-42 4.757970495810395e-41 2448
2.35 6.259014550350644e-42 3.552455378800645e-41 1868
2.4 5.09635193857983e-42 2.768131524566294e-41 1358
2.45 3.717826198387101e-42 2.068304981293549e-41 1062
2.5 2.894314394072745e-42 1.623026434443116e-41 776
2.55 1.314866435785547e-42 9.348120531162372e-42 432
2.6 7.004572094366534e-43 4.402431310992022e-42 200
2.65 5.558419636501074e-43 3.257265608134753e-42 168
2.7 1.600400699503517e-43 1.153028231916462e-42 56
2.75 4.116147498798355e-44 3.324873541744913e-43 7

0.05 5.02568230221499e-15 1.502991611246988e-16 18
0.1 2.895848489119715e-14 1.391964137782019e-15 62
0.15 6.751555609951035e-14 3.679114489175637e-15 98
0.2 1.413619786092499e-13 1.232005195783978e-14 210
0.25 2.632842306305265e-13 4.266798988037746e-14 350
0.3 2.844303660306121e-13 6.607417393279137e-14 450
0.35 4.495069975775684e-13 1.207071197062474e-13 602
0.4 5.031622238844527e-13 2.04796455586577e-13 762
0.45 6.871358196128646e-13 3.542132292281566e-13 1142
0.5 7.884330353152193e-13 5.253111072990186e-13 1250
0.55 1.000102303282777e-12 7.577480443741844e-13 1458
0.6 1.238895006776165e-12 1.05694700635204e-12 1814
0.65 1.442599285335291e-12 1.569769477576822e-12 2178
0.7 1.614827935929048e-12 2.011890214533214e-12 2498
0.75 1.871446147981127e-12 2.309042399047007e-12 2622
0.8 2.228625981843441e-12 3.471426876028661e-12 3338
0.85 2.425067952017613e-12 4.734436107101857e-12 3722
0.9 3.012705340248367e-12 5.479650982212148e-12 4170
0.95 3.362861259171039e-12 6.039432982760854e-12 4358
1 3.751101669040447e-12 7.929893960580482e-12 5034
1.05 4.012955585658602e-12 1.009849359761482e-11 5714
1.1 4.491445832305109e-12 1.150114856166458e-11 5982
1.15 4.948882320649741e-12 1.331535259596524e-11 6602
1.2 5.368126266918072e-12 1.571456970666991e-11 7130
1.25 6.010933740963491e-12 1.969730276497414e-11 8034
1.3 7.019258468023399e-12 2.200291597851621e-11 8606
1.35 7.394236213905661e-12 2.338201133587955e-11 9066
1.4 8.506946631766114e-12 2.832685181213808e-11 9962
1.45 8.599698013514811e-12 3.228507982495275e-11 10550
1.5 9.488509941092559e-12 3.647724955253023e-11 11226
1.55 1.025986380854564e-11 4.247980589764305e-11 12146
1.6 1.049656747430428e-11 4.428766814758593e-11 12303
1.65 1.116199644570837e-11 4.608388500453816e-11 12584
1.7 1.065258183151024e-11 4.866886637866103e-11 12120
1.75 1.000396378790234e-11 4.708723198102196e-11 11180
1.8 1.020807237182828e-11 4.848805269951155e-11 11096
1.85 8.960651833825644e-12 4.646660750362787e-11 10056
1.9 8.322299931091018e-12 4.988270335607117e-11 9716
1.95 7.504180118484521e-12 4.578966382810445e-11 8604
2 3.491062662174175e-12 2.301104458778982e-11 8060
2.05 2.378216061891733e-41 1.445999479070862e-40 7320
2.1 1.992010085909121e-41 1.312368541791151e-40 6356
2.15 1.688794011503242e-41 1.088489262491463e-40 5348
2.2 1.364949463841742e-41 9.111201168842982e-41 4308
2.25 1.172530760474031e-41 7.628940912237398e-41 3563
2.3 7.888320339891863e-42 5.587808591422949e-41 2448
2.35 6.039061070910147e-42 4.291515928381037e-41 1868
2.4 4.601410697813391e-42 3.257025675519473e-41 1358
2.45 3.261554805154308e-42 2.438604306813958e-41 1062
2.5 2.598679007841773e-42 1.906088005225633e-41 776
2.55 1.313886250898295e-42 1.186966219069028e-41 432
2.6 5.83598623981024e-43 5.527930118190205e-42 200
2.65 5.57663073632427e-43 4.176921347459817e-42 168
2.7 1.739630976252372e-43 1.384526350959788e-42 56
2.75 5.570011020070514e-44 3.042408393907596e-43 7

0.05 2.742065261477213e-15 1.03145477133796e-16 18
0.1 3.249064508420633e-14 6.844076655499476e-16 62
0.15 3.991706182793954e-14 3.593204645289583e-15 98
0.2 7.852925576765261e-14 1.148258655871056e-14 210
0.25 1.855635907499918e-13 3.184575342186573e-14 350
0.3 1.902766249411864e-13 5.476887623106427e-14 450
0.35 2.897970866138666e-13 1.034348514347906e-13 602
0.4 3.37543067883036e-13 1.681834062207646e-13 762
0.45 4.625899152601917e-13 2.892676807730311e-13 1142
0.5 5.253867761085461e-13 4.323004756742153e-13 1250
0.55 6.706001978399138e-13 6.244856154997011e-13 1458
0.6 8.020333183331028e-13 8.988813260071815e-13 1814
0.65 1.024466965163577e-12 1.213494812472471e-12 2178
0.7 1.085653568847319e-12 1.65110920089127e-12 2498
0.75 1.257063989826218e-12 1.894873480535581e-12 2622
0.8 1.487190711035627e-12 2.862282618550561e-12 3338
0.85 1.757871120525157e-12 3.615470890203524e-12 3722
0.9 2.097817972298356e-12 4.366347757511706e-12 4170
0.95 2.038084116234966e-12 5.492260418687424e-12 4358
1 2.4344375390357e-12 6.667653856349182e-12 5034
1.05 2.779526961410939e-12 8.083508562652505e-12 5714
1.1 3.090189286047103e-12 9.301968157795898e-12 5982
1.15 3.364799992961769e-12 1.08694674105038e-11 6602
1.2 3.631594476543872e-12 1.281676923480309e-11 7130
1.25 4.027873353708143e-12 1.614775917167762e-11 8034
1.3 4.678056329566802e-12 1.808205536772371e-11 8606
1.35 4.890028520494003e-12 1.953486318078877e-11 9066
1.4 5.54476890472316e-12 2.397838672617652e-11 9962
1.45 5.992154536413824e-12 2.538085093473549e-11 10550
1.5 6.588737452090265e-12 2.891589585265432e-11 11226
1.55 7.340302299753679e-12 3.277702302284265e-11 12146
1.6 7.162632613872146e-12 3.605037023430677e-11 12303
1.65 7.260824823742339e-12 3.922265637040384e-11 12584
1.7 7.006162643811856e-12 4.067702410555534e-11 12120
1.75 6.678028628823331e-12 3.89800261118885e-11 11180
1.8 6.859639459355012e-12 3.957319482445274e-11 11096
1.85 6.206095315962563e-12 3.697057835803991e-11 10056
1.9 5.880430971504473e-12 3.941115864472544e-11 9716
1.95 5.083483100780353e-12 3.759172413877865e-11 8604
2 2.396059344437293e-12 1.855183763604705e-11 8060
2.05 2.124257149917299e-41 1.554351021556238e-40 7320
2.1 1.791063602381184e-41 1.418755143942002e-40 6356
2.15 1.509763285240757e-41 1.188377120296132e-40 5348
2.2 1.244732734529399e-41 9.876707640219382e-41 4308
2.25 1.002200534669488e-41 8.650478884324956e-41 3563
2.3 6.86586716621274e-42 6.276890715958616e-41 2448
2.35 5.379897406141745e-42 4.693760552162184e-41 1868
2.4 4.076345085011632e-42 3.422960512521564e-41 1358
2.45 3.116814961148871e-42 2.626289185381082e-41 1062
2.5 2.289486475219914e-42 2.064188150290413e-41 776
2.55 1.268230062797467e-42 1.182502040852981e-41 432
2.6 5.306580557641645e-43 6.177364008497676e-42 200
2.65 4.894536946627831e-43 4.598985098659253e-42 168
2.7 1.612694561480373e-43 1.60248923218762e-42 56
2.75 4.407012980091436e-44 4.43459473060446e-43 7

0.05 3.459108211845979e-15 5.505874737112524e-17 18
0.1 1.669681148635935e-14 9.833566177514057e-16 62
0.15 2.926406619568733e-14 2.826246553971723e-15 98
0.2 5.911115071889204e-14 1.004848275667196e-14 210
0.25 1.148250693682025e-13 3.153393093607922e-14 350
0.3 1.380881592757607e-13 4.635823893349263e-14 450
0.35 2.111984718703307e-13 8.693096136254267e-14 602
0.4 2.35640719684643e-13 1.476904569721464e-13 762
0.45 3.323758367563448e-13 2.455238304377144e-13 1142
0.5 4.066729983509739e-13 3.43601975687514e-13 1250
0.55 4.882703926235126e-13 5.240269394779394e-13 1458
0.6 5.961834488869491e-13 7.43164812180232e-13 1814
0.65 7.395789693743916e-13 1.027056597181549e-12 2178
0.7 7.768166715197492e-13 1.411930472636716e-12 2498
0.75 8.878129761860271e-13 1.64942059068115e-12 2622
0.8 1.096469176401085e-12 2.367550864738585e-12 3338
0.85 1.328445887215004e-12 2.953951151603075e-12 3722
0.9 1.443582420558212e-12 3.88736692090435e-12 4170
0.95 1.580488404611244e-12 4.348937729255119e-12 4358
1 1.801742386475275e-12 5.553178531069056e-12 5034
1.05 2.002974824180984e-12 6.862150656918417e-12 5714
1.1 2.189118513918519e-12 8.009666685831532e-12 5982
1.15 2.424553430121029e-12 9.242142861855782e-12 6602
1.2 2.658093767007365e-12 1.072879852826457e-11 7130
1.25 3.025790412991365e-12 1.317795199926796e-11 8034
1.3 3.24576050567255e-12 1.600290389074332e-11 8606
1.35 3.42037025033699e-12 1.711751403746883e-11 9066
1.4 4.065034437180999e-12 1.999972016972733e-11 9962
1.45 4.272670178852451e-12 2.190059038249718e-11 10550
1.5 4.623460086314793e-12 2.51849316899737e-11 11226
1.55 5.173077682780657e-12 2.849468623609192e-11 12146
1.6 5.156271816307802e-12 3.0589138236029e-11 12303
1.65 5.171354594516355e-12 3.370680482496144e-11 12584
1.7 5.134269724295973e-12 3.394940528479365e-11 12120
1.75 4.787544228152309e-12 3.321357644488257e-11 11180
1.8 4.925897261216464e-12 3.39340089955942e-11 11096
1.85 4.400509922644225e-12 3.198061720759426e-11 10056
1.9 4.263330584612101e-12 3.308875056865631e-11 9716
1.95 3.80115692484305e-12 3.06796524164112e-11 8604
2 1.725942204161565e-12 1.574125563997666e-11 8060
2.05 1.877561295162209e-41 1.681503829010054e-40 7320
2.1 1.620466703387605e-41 1.450573372428357e-40 6356
2.15 1.384757094586531e-41 1.217585292306982e-40 5348
2.2 1.139128525527336e-41 1.0391136035204e-40 4308
2.25 9.117628143649458e-42 8.817208732113076e-41 3563
2.3 6.345178442715862e-42 6.480225464249905e-41 2448
2.35 5.023397729910594e-42 4.976381081547128e-41 1868
2.4 3.636534932950418e-42 3.595293133159071e-41 1358
2.45 2.809717877236157e-42 2.779305677239695e-41 1062
2.5 2.218477342784147e-42 2.231659280776399e-41 776
2.55 1.065796759538274e-42 1.367121193503459e-41 432
2.6 4.404900067368887e-43 7.230611502714784e-42 200
2.65 4.107337219010153e-43 4.733227471345606e-42 168
2.7 1.335297765616445e-43 1.787991331825112e-42 56
2.75 6.438702289680883e-44 2.288295688095691e-43 7

0.05 3.821375710490995e-15 3.262286429555301e-17 18
0.1 1.004701886217648e-14 8.033845415001327e-16 62
0.15 2.285729888084732e-14 2.301599579429151e-15 98
0.2 4.557544581143918e-14 7.445139645500585e-15 210
0.25 7.906777384853127e-14 2.809894209914637e-14 350
0.3 9.961434791867967e-14 3.902514828725994e-14 450
0.35 1.547105069344313e-13 7.286685267416065e-14 602
0.4 1.709105702823214e-13 1.238633700910615e-13 762
0.45 2.330981982855773e-13 2.132579896933054e-13 1142
0.5 2.730743802923776e-13 3.09797787121293e-13 1250
0.55 3.4587921450333e-13 4.503087019410524e-13 1458
0.6 4.269274524509824e-13 6.308896532917607e-13 1814
0.65 5.303798452154973e-13 8.725307991785175e-13 2178
0.7 5.578661003738873e-13 1.194986782340253e-12 2498
0.75 6.076225688559682e-13 1.464450016248779e-12 2622
0.8 7.890968979909679e-13 2.00875591942799e-12 3338
0.85 9.191815278678285e-13 2.588490336081638e-12 3722
0.9 1.045380897602285e-12 3.271707238980319e-12 4170
0.95 1.117127971512296e-12 3.73732752493665e-12 4358
1 1.285541315453621e-12 4.726590223347335e-12 5034
1.05 1.428748780579797e-12 5.856568914093091e-12 5714
1.1 1.581010064927185e-12 6.753764728097537e-12 5982
1.15 1.717780498420039e-12 7.93665106139544e-12 6602
1.2 1.912197165653836e-12 9.071277050041124e-12 7130
1.25 2.144774700539057e-12 1.132548466980164e-11 8034
1.3 2.478534242401993e-12 1.277808612721337e-11 8606
1.35 2.529364031488097e-12 1.414390611153479e-11 9066
1.4 2.873522201983139e-12 1.722739019661288e-11 9962
1.45 2.993188946266179e-12 1.894745825262713e-11 10550
1.5 3.281253509007736e-12 2.155465154179039e-11 11226
1.55 3.695218659502741e-12 2.419035280226211e-11 12146
1.6 3.691426948515588e-12 2.616676599776934e-11 12303
1.65 3.781545704299984e-12 2.797367371488282e-11 12584
1.7 3.637243972752935e-12 2.921076695917523e-11 12120
1.75 3.515205760136542e-12 2.759358034817576e-11 11180
1.8 3.402951774324244e-12 2.980493312633053e-11 11096
1.85 3.065025403811974e-12 2.789279028313599e-11 10056
1.9 3.053661512189617e-12 2.80995315001748e-11 9716
1.95 2.781673728828901e-12 2.556560542592716e-11 8604
2 1.334702826169961e-12 1.252046435777158e-11 8060
2.05 1.649062839423155e-41 1.680728916366564e-40 7320
2.1 1.376911168594695e-41 1.482823508194878e-40 6356
2.15 1.174970635810901e-41 1.24595580083575e-40 5348
2.2 9.564912380113384e-42 1.059569593364606e-40 4308
2.25 7.832183745531394e-42 8.902792102332816e-41 3563
2.3 5.39794840277802e-42 6.619643045593735e-41 2448
2.35 4.024591315557104e-42 5.349500933523201e-41 1868
2.4 2.826724149927969e-42 4.048569708997594e-41 1358
2.45 2.257803240457193e-42 3.184765411976044e-41 1062
2.5 1.75704230513255e-42 2.514178259283942e-41 776
2.55 9.89391649315536e-43 1.389590264539193e-41 432
2.6 4.730728657816611e-43 6.280686013620438e-42 200
2.65 3.597346263127429e-43 4.879125648200553e-42 168
2.7 1.305848247694681e-43 1.520513826692567e-42 56
2.75 2.095656998043092e-44 5.051417586405481e-43 7

0.05 2.526538670332616e-15 4.80525683486027e-17 18
0.1 1.2116607701842e-14 4.827480599207095e-16 62
0.15 1.472902259953742e-14 2.296900626340779e-15 98
0.2 3.577609423400275e-14 6.312765109940676e-15 210
0.25 6.496580871238139e-14 2.318863109531814e-14 350
0.3 7.859763054203791e-14 3.273898861968726e-14 450
0.35 1.14340440346302e-13 6.683874221376095e-14 602
0.4 1.40014562794339e-13 1.002783448764759e-13 762
0.45 1.837093317076104e-13 1.802504020917103e-13 1142
0.5 2.087195979367432e-13 2.711139313548087e-13 1250
0.55 2.650926775549991e-13 3.909969509134052e-13 1458
0.6 3.251678058728294e-13 5.505051818486705e-13 1814
0.65 3.889977912252965e-13 7.932396158886876e-13 2178
0.7 4.603424926697527e-13 9.622514574627295e-13 2498
0.75 4.93367957773476e-13 1.199105320020366e-12 2622
0.8 6.083995884400973e-13 1.728468270977162e-12 3338
0.85 7.007254200812399e-13 2.265844909294339e-12 3722
0.9 7.865405018036064e-13 2.886234552699601e-12 4170
0.95 8.380854553457615e-13 3.316593266411598e-12 4358
1 9.827817778296451e-13 4.109392581524291e-12 5034
1.05 1.130031344148103e-12 4.910233509779184e-12 5714
1.1 1.200087140445739e-12 5.926783187887888e-12 5982
1.15 1.348014140926514e-12 6.723691496950641e-12 6602
1.2 1.429848877913914e-12 8.026429459862782e-12 7130
1.25 1.652652863841224e-12 9.795226842458514e-12 8034
1.3 1.885128061945846e-12 1.119226592633643e-11 8606
1.35 1.893882440321223e-12 1.251700213776839e-11 9066
1.4 2.177328628895435e-12 1.507008358692914e-11 9962
1.45 2.328866544463133e-12 1.623596082934132e-11 10550
1.5 2.561632565149266e-12 1.836638382953835e-11 11226
1.55 2.827887905908156e-12 2.114050731928631e-11 12146
1.6 2.80010112035691e-12 2.282715601404865e-11 12303
1.65 2.862736162362237e-12 2.454401840869815e-11 12584
1.7 2.808286830397964e-12 2.515920495082969e-11 12120
1.75 2.65947581358932e-12 2.428874016513332e-11 11180
1.8 2.644323145909055e-12 2.559441414421048e-11 11096
1.85 2.375155155736637e-12 2.394705515367165e-11 10056
1.9 2.290634859591103e-12 2.497866623363163e-11 9716
1.95 2.084905683317024e-12 2.27082910201592e-11 8604
2 1.026072777536734e-12 1.082996305455144e-11 8060
2.05 1.506556924014526e-41 1.67063218675869e-40 7320
2.1 1.209519677099026e-41 1.515472585814901e-40 6356
2.15 1.046896404142296e-41 1.260700557294011e-40 5348
2.2 8.385498522290615e-42 1.09221744074921e-40 4308
2.25 7.243934641042463e-42 8.82893105521979e-41 3563
2.3 4.93276648944874e-42 6.743290443883011e-41 2448
2.35 3.663923669272004e-42 5.15900279071887e-41 1868
2.4 2.599281572216497e-42 4.071278306393246e-41 1358
2.45 2.041653454271426e-42 3.022335346491917e-41 1062
2.5 1.550693791613826e-42 2.50423313508636e-41 776
2.55 8.447201023099276e-43 1.332509329384696e-41 432
2.6 4.020981644530246e-43 6.153243060962364e-42 200
2.65 2.997314214757052e-43 4.544531093500843e-42 168
2.7 1.189694896223195e-43 1.782208002832281e-42 56
2.75 4.532119196442414e-44 4.4321957463309e-43 7

0.05 1.255464601281514e-15 5.547433852376097e-17 18
0.1 6.356010708093393e-15 6.3522711791703e-16 62
0.15 1.359108312884883e-14 1.709741969098673e-15 98
0.2 2.489984206512925e-14 6.299092446831598e-15 210
0.25 5.308137762295103e-14 1.934631157858819e-14 350
0.3 6.266563356153323e-14 2.785272108651261e-14 450
0.35 8.677322777758955e-14 5.92780728111251e-14 602
0.4 9.645911034796618e-14 9.879987268362791e-14 762
0.45 1.434673854297289e-13 1.558880469834334e-13 1142
0.5 1.664315967859988e-13 2.311513840980205e-13 1250
0.55 2.059257839953123e-13 3.417872074341805e-13 1458
0.6 2.552326696882052e-13 4.762022949952871e-13 1814
0.65 2.928432701028941e-13 7.139748514132858e-13 2178
0.7 3.255116648081678e-13 9.249169895746245e-13 2498
0.75 3.605932682120732e-13 1.113329215536835e-12 2622
0.8 4.698663920549828e-13 1.519859698514337e-12 3338
0.85 5.3992827726001e-13 1.99476533023643e-12 3722
0.9 6.090457398309711e-13 2.530371442472767e-12 4170
0.95 6.60243674728593e-13 2.856218480752399e-12 4358
1 7.587395108741404e-13 3.622748450806971e-12 5034
1.05 8.372756440319015e-13 4.505603435044058e-12 5714
1.1 9.40165951588403e-13 5.144632154595999e-12 5982
1.15 1.021470183315929e-12 6.010899698794076e-12 6602
1.2 1.136614883727927e-12 6.887913022225383e-12 7130
1.25 1.268795065142558e-12 8.648154768902762e-12 8034
1.3 1.445277225350895e-12 9.936724820906531e-12 8606
1.35 1.461277240128021e-12 1.102555552503873e-11 9066
1.4 1.66708544737457e-12 1.337608733509482e-11 9962
1.45 1.802403281002992e-12 1.423421853747535e-11 10550
1.5 1.946931952919722e-12 1.639827214860505e-11 11226
1.55 2.168459426896107e-12 1.8630348660896e-11 12146
1.6 2.184349075643281e-12 1.989402996628923e-11 12303
1.65 2.254675226891482e-12 2.124562170336463e-11 12584
1.7 2.194443122209348e-12 2.187558298599893e-11 12120
1.75 2.036238752939346e-12 2.150600614013928e-11 11180
1.8 2.041537044228695e-12 2.247798514219064e-11 11096
1.85 1.814766009736575e-12 2.131085526828135e-11 10056
1.9 1.786401414931379e-12 2.175409289195298e-11 9716
1.95 1.601802310170246e-12 2.006626962887748e-11 8604
2 7.640847994006758e-13 9.874205345658791e-12 8060
2.05 1.269951578824301e-41 1.701855781609521e-40 7320
2.1 1.097402357051727e-41 1.480172036445337e-40 6356
2.15 8.955332511314114e-42 1.272687947200718e-40 5348
2.2 7.530958956231521e-42 1.054748549457849e-40 4308
2.25 6.141642638388602e-42 9.218673215783425e-41 3563
2.3 4.21946336078948e-42 6.974316316553013e-41 2448
2.35 3.229916878901412e-42 5.074556177361955e-41 1868
2.4 2.314065804037609e-42 3.944215716398581e-41 1358
2.45 1.827776953976909e-42 2.950101912622077e-41 1062
2.5 1.392504047280204e-42 2.327504655083287e-41 776
2.55 7.643431923229371e-43 1.284515490074896e-41 432
2.6 3.599905939378442e-43 6.581947162442882e-42 200
2.65 2.436778567420294e-43 4.593625557268827e-42 168
2.7 1.051671395344838e-43 1.705512962841861e-42 56
2.75 1.775230319946937e-44 7.25882626721103e-43 7

0.05 1.152356987751111e-15 3.640203119692762e-17 18
0.1 6.016242016409357e-15 4.602711508305226e-16 62
0.15 1.086537827066836e-14 1.52222971856791e-15 98
0.2 1.749202100672657e-14 6.27444831397086e-15 210
0.25 4.41531851169418e-14 1.660721192167795e-14 350
0.3 4.788749384911006e-14 2.658276634730519e-14 450
0.35 6.408028257496088e-14 5.677226342589848e-14 602
0.4 8.521835666099234e-14 8.056635988375065e-14 762
0.45 1.108599696446227e-13 1.449877055903389e-13 1142
0.5 1.32606829072369e-13 2.078835834243195e-13 1250
0.55 1.651495689492391e-13 3.057999316209487e-13 1458
0.6 2.015348750592299e-13 4.33115615671343e-13 1814
0.65 2.531350031943916e-13 5.936987279252625e-13 2178
0.7 2.831201114109769e-13 7.64475264998082e-13 2498
0.75 2.874325794656099e-13 1.002415198143751e-12 2622
0.8 3.754294612138742e-13 1.366017560079775e-12 3338
0.85 4.40689604931593e-13 1.7534332799112e-12 3722
0.9 4.95886464640033e-13 2.231850222013638e-12 4170
0.95 5.169149755473817e-13 2.623611043472586e-12 4358
1 6.024223903022897e-13 3.269422763094012e-12 5034
1.05 6.820980340401307e-13 3.97292978025651e-12 5714
1.1 7.510145175731326e-13 4.617067949541161e-12 5982
1.15 8.323330647918066e-13 5.297998688555445e-12 6602
1.2 9.067590439828844e-13 6.18877531952326e-12 7130
1.25 1.011475027180879e-12 7.788533070874645e-12 8034
1.3 1.158043284837942e-12 8.890788622171239e-12 8606
1.35 1.162192247023102e-12 9.931647247450351e-12 9066
1.4 1.388191750479552e-12 1.157141400346541e-11 9962
1.45 1.416948280526767e-12 1.296253863631066e-11 10550
1.5 1.581897476153918e-12 1.448479460718723e-11 11226
1.55 1.720571126116399e-12 1.691502461343044e-11 12146
1.6 1.727629489735933e-12 1.806061197046254e-11 12303
1.65 1.772531910269226e-12 1.936001992276585e-11 12584
1.7 1.767515121022208e-12 1.950203156461426e-11 12120
1.75 1.638655380471359e-12 1.920262636227398e-11 11180
1.8 1.644919117722825e-12 2.003959920295114e-11 11096
1.85 1.473663340021125e-12 1.883917822708657e-11 10056
1.9 1.416641285518405e-12 1.969017410148499e-11 9716
1.95 1.28297931774743e-12 1.799508540104487e-11 8604
2 6.324407024284632e-13 8.519369407871113e-12 8060
2.05 1.160862403378777e-41 1.705187840854709e-40 7320
2.1 9.758247871462946e-42 1.495732844471698e-40 6356
2.15 8.247591173749956e-42 1.259036265059375e-40 5348
2.2 6.708389882742164e-42 1.078833985086533e-40 4308
2.25 5.486666871174206e-42 9.143308632173023e-41 3563
2.3 3.813337986269729e-42 6.725846545753179e-41 2448
2.35 2.793884893350253e-42 5.302774418138905e-41 1868
2.4 2.128748025707774e-42 3.893558717901872e-41 1358
2.45 1.576376970575526e-42 2.984055955206671e-41 1062
2.5 1.239856605400596e-42 2.270052005223707e-41 776
2.55 6.844890064603715e-43 1.330698434132761e-41 432
2.6 3.223470848254654e-43 6.994804196957282e-42 200
2.65 2.149691808097583e-43 4.276541442414331e-42 168
2.7 9.516869693476847e-44 1.633288804689223e-42 56
2.75 1.483523539779728e-44 5.356062193202346e-43 7

0.05 1.126035189605357e-15 2.753805264626446e-17 18
0.1 5.253127105050228e-15 4.199777082802544e-16 62
0.15 6.214775581103829e-15 1.843381339431344e-15 98
0.2 1.484661359177155e-14 5.426782136643863e-15 210
0.25 3.65880912058604e-14 1.422337299701034e-14 350
0.3 3.518565560622225e-14 2.576770672026039e-14 450
0.35 5.713940062095212e-14 4.627796275426908e-14 602
0.4 6.769813246904742e-14 7.229209042922167e-14 762
0.45 8.997722058616989e-14 1.288138249684407e-13 1142
0.5 1.048206660753252e-13 1.888030531030373e-13 1250
0.55 1.301233919511012e-13 2.789510324841094e-13 1458
0.6 1.553935627606125e-13 4.024937681716579e-13 1814
0.65 1.902815659776496e-13 5.658618636290514e-13 2178
0.7 2.200773267856643e-13 7.04898808087582e-13 2498
0.75 2.314714826876694e-13 8.951324062827487e-13 2622
0.8 2.952221867965876e-13 1.250361576168686e-12 3338
0.85 3.536334767110237e-13 1.570949772064039e-12 3722
0.9 4.018681042216276e-13 1.980608610256585e-12 4170
0.95 4.23674605854696e-13 2.294182889977247e-12 4358
1 4.947899291408466e-13 2.860779504932621e-12 5034
1.05 5.484469119240458e-13 3.547521599517489e-12 5714
1.1 5.956101409713052e-13 4.181429725154368e-12 5982
1.15 6.550902024558662e-13 4.850624661985422e-12 6602
1.2 7.028922272736671e-13 5.739807613234553e-12 7130
1.25 8.389167046051295e-13 6.735230726963521e-12 8034
1.3 9.088322431434281e-13 8.120502803496271e-12 8606
1.35 9.646769997625779e-13 8.607797300275045e-12 9066
1.4 1.083426573474977e-12 1.060812818064628e-11 9962
1.45 1.157342976736976e-12 1.143810561093261e-11 10550
1.5 1.239700624297535e-12 1.329969442150594e-11 11226
1.55 1.403759320726947e-12 1.486962080957086e-11 12146
1.6 1.406587823512416e-12 1.593408614098477e-11 12303
1.65 1.440475170698311e-12 1.715363120366299e-11 12584
1.7 1.432400489194947e-12 1.728642762278713e-11 12120
1.75 1.28664994153053e-12 1.75549361535199e-11 11180
1.8 1.290714966197443e-12 1.830598470589264e-11 11096
1.85 1.182466843258911e-12 1.684257086793947e-11 10056
1.9 1.180006131622203e-12 1.696133440155026e-11 9716
1.95 1.036343940982985e-12 1.599023530381068e-11 8604
2 4.76337973936589e-13 8.148892211142276e-12 8060
2.05 1.017442344298873e-41 1.674231478414521e-40 7320
2.1 8.666499102882433e-42 1.520051795720568e-40 6356
2.15 7.209012405772354e-42 1.264687610715857e-40 5348
2.2 5.990144834993235e-42 1.068325450323111e-40 4308
2.25 4.856322411266446e-42 9.362159808962263e-41 3563
2.3 3.427831810287826e-42 6.611905468428408e-41 2448
2.35 2.550723094017033e-42 5.333633790374597e-41 1868
2.4 1.942363455872164e-42 3.740182323802541e-41 1358
2.45 1.423938463078462e-42 2.897464964604589e-41 1062
2.5 1.102325552018249e-42 2.334804455557417e-41 776
2.55 6.434412787989395e-43 1.356091874771871e-41 432
2.6 3.161063167749739e-43 6.60603483858468e-42 200
2.65 1.680679033660693e-43 4.389556805908594e-42 168
2.7 9.905711718637342e-44 1.7528523399659e-42 56
2.75 1.958787823583462e-44 3.239543128509963e-43 7

0.05 7.352912120199591e-16 3.70177133357225e-17 18
0.1 3.448447947623329e-15 4.296668355763212e-16 62
0.15 7.572734260600361e-15 1.19248858813599e-15 98
0.2 1.394616672878576e-14 4.420147128782689e-15 210
0.25 3.025393346911991e-14 1.276999373005548e-14 350
0.3 2.960231306702324e-14 2.261647029993432e-14 450
0.35 4.210846609547772e-14 4.677323715932517e-14 602
0.4 5.379778812740657e-14 6.854495513816212e-14 762
0.45 7.540415368073527e-14 1.14744571664873e-13 1142
0.5 8.695929224226035e-14 1.698751690640081e-13 1250
0.55 1.090813845602779e-13 2.483288807049643e-13 1458
0.6 1.355273113070316e-13 3.45475972647593e-13 1814
0.65 1.567231327181574e-13 5.143654329077329e-13 2178
0.7 1.787385712256339e-13 6.479507910290846e-13 2498
0.75 1.854757327429243e-13 8.332417602418088e-13 2622
0.8 2.520692841769429e-13 1.090558738750437e-12 3338
0.85 2.810820919226244e-13 1.475556522935936e-12 3722
0.9 3.229300858208607e-13 1.840927522835066e-12 4170
0.95 3.548816709745349e-13 2.045470569414616e-12 4358
1 4.04723623987181e-13 2.613190021417833e-12 5034
1.05 4.48114582352645e-13 3.244710428393314e-12 5714
1.1 4.971785037401208e-13 3.740618040442727e-12 5982
1.15 5.327309955996462e-13 4.446177927392608e-12 6602
1.2 5.922763675973649e-13 5.089748862854874e-12 7130
1.25 6.863154946609588e-13 6.156811371446844e-12 8034
1.3 7.656454566061711e-13 7.222554810386519e-12 8606
1.35 7.909991869664969e-13 7.858890685264146e-12 9066
1.4 8.919667481665323e-13 9.652467176912731e-12 9962
1.45 9.48544281574943e-13 1.040724274566737e-11 10550
1.5 1.045321693029339e-12 1.175245324569828e-11 11226
1.55 1.133202594991463e-12 1.375984749462922e-11 12146
1.6 1.157784446134163e-12 1.448453525295863e-11 12303
1.65 1.182399718597776e-12 1.560752818918897e-11 12584
1.7 1.158713824494129e-12 1.592723236623242e-11 12120
1.75 1.061599396968214e-12 1.591006196504524e-11 11180
1.8 1.068817969218198e-12 1.652803561940958e-11 11096
1.85 9.683475701459238e-13 1.53710326136241e-11 10056
1.9 9.537111446175196e-13 1.571703707129557e-11 9716
1.95 8.444292660995412e-13 1.466284578071381e-11 8604
2 3.924132281536627e-13 7.389418221191068e-12 8060
2.05 9.060688464969018e-42 1.673612225178171e-40 7320
2.1 7.927609084265529e-42 1.477587143239224e-40 6356
2.15 6.544840055994965e-42 1.266754489289525e-40 5348
2.2 5.465150872958347e-42 1.075330375999558e-40 4308
2.25 4.482617117058656e-42 9.233335930091413e-41 3563
2.3 3.063498666754122e-42 6.662290118317821e-41 2448
2.35 2.361336948670276e-42 5.132562361510058e-41 1868
2.4 1.642806198385006e-42 4.026999436349038e-41 1358
2.45 1.270607366721873e-42 3.037458932978575e-41 1062
2.5 1.004684126719321e-42 2.310226340301932e-41 776
2.55 5.416387642254898e-43 1.40201218816375e-41 432
2.6 2.727699433395421e-43 6.673350983488127e-42 200
2.65 1.586090410758535e-43 4.085635889605689e-42 168
2.7 9.471308536312235e-44 1.433011395087416e-42 56
2.75 4.104316986312748e-45 4.28347014447247e-43 7

0.05 8.139410476553729e-16 2.484550681802847e-17 18
0.1 3.72005610110779e-15 3.206139895318967e-16 62
0.15 6.532996447595684e-15 9.745634773408599e-16 98
0.2 1.226480527439211e-14 3.793947746256567e-15 210
0.25 2.230488671843694e-14 1.327103826023362e-14 350
0.3 2.554253563042973e-14 2.021453737892074e-14 450
0.35 4.10483831196086e-14 3.588885117221454e-14 602
0.4 4.313842913129035e-14 6.469380154189398e-14 762
0.45 6.419793712705582e-14 1.014155545482243e-13 1142
0.5 7.430594865843073e-14 1.50161891797347e-13 1250
0.55 8.924465656585984e-14 2.297420329061927e-13 1458
0.6 1.091724479531216e-13 3.237954729178342e-13 1814
0.65 1.354669580303244e-13 4.506213884335374e-13 2178
0.7 1.473473267061945e-13 5.942322190824429e-13 2498
0.75 1.640156782178951e-13 7.120799350317423e-13 2622
0.8 1.954346945377603e-13 1.064355553780337e-12 3338
0.85 2.376850116387285e-13 1.319751835878341e-12 3722
0.9 2.614278819111262e-13 1.716109451501506e-12 4170
0.95 2.913390423968356e-13 1.886713760885051e-12 4358
1 3.347580701183689e-13 2.389317951832655e-12 5034
1.05 3.748074316639443e-13 2.926526160508452e-12 5714
1.1 4.057394692362547e-13 3.467763709059989e-12 5982
1.15 4.465361430691823e-13 4.01160523541695e-12 6602
1.2 4.935391093901306e-13 4.613591006244042e-12 7130
1.25 5.664042934202547e-13 5.634321954863595e-12 8034
1.3 6.260900736518546e-13 6.656414004414832e-12 8606
1.35 6.553741742813201e-13 7.161469165446361e-12 9066
1.4 7.458865034829793e-13 8.709286905933557e-12 9962
1.45 7.783669011776621e-13 9.589103737270384e-12 10550
1.5 8.640524493448819e-13 1.076728802203867e-11 11226
1.55 9.42114806075761e-13 1.252783659545688e-11 12146
1.6 9.627910055044703e-13 1.317825758165406e-11 12303
1.65 9.820206335892198e-13 1.421384836769247e-11 12584
1.7 9.643425856392625e-13 1.446834893790534e-11 12120
1.75 8.842775342254108e-13 1.4434078211743e-11 11180
1.8 8.803535261483323e-13 1.51804208897306e-11 11096
1.85 8.010418061369945e-13 1.403683427732775e-11 10056
1.9 7.750021317613311e-13 1.455999015131131e-11 9716
1.95 6.997076402640782e-13 1.337972483930452e-11 8604
2 3.206313282944651e-13 6.847219018861952e-12 8060
2.05 8.141540256574956e-42 1.684153554428922e-40 7320
2.1 7.11420720786123e-42 1.478474341963852e-40 6356
2.15 5.986648108206752e-42 1.247968009489776e-40 5348
2.2 5.009214052839179e-42 1.056098888772819e-40 4308
2.25 4.065642751073687e-42 9.138318574919942e-41 3563
2.3 2.730931025316503e-42 6.823464060943309e-41 2448
2.35 2.103585363630951e-42 5.064788303921118e-41 1868
2.4 1.498257059965505e-42 4.017441723374943e-41 1358
2.45 1.190096902028898e-42 2.949569859798405e-41 1062
2.5 9.138183558873845e-43 2.299820387268175e-41 776
2.55 5.154097564660697e-43 1.343721973021977e-41 432
2.6 2.424408254789569e-43 6.588483088670865e-42 200
2.65 1.500139567770918e-43 3.914262407300319e-42 168
2.7 7.970363630443487e-44 1.380105164611221e-42 56
2.75 5.294807017030722e-45 3.736590965682872e-43 7

0.05 7.219566140290207e-16 1.960441888940304e-17 18
0.1 2.477469238710997e-15 3.651002990234401e-16 62
0.15 4.392322594375501e-15 1.163988493123164e-15 98
0.2 1.040508386955917e-14 3.453569160642527e-15 210
0.25 1.677589872571885e-14 1.347006691314546e-14 350
0.3 2.198708484975645e-14 1.801068552147681e-14 450
0.35 2.963432500601287e-14 3.867485531624164e-14 602
0.4 3.502522670726082e-14 6.15359564278564e-14 762
0.45 5.415286025341576e-14 9.355419539073069e-14 1142
0.5 6.081206455287232e-14 1.428755919245616e-13 1250
0.55 7.717291653909722e-14 2.062303326401298e-13 1458
0.6 8.912110624861676e-14 3.079381243279899e-13 1814
0.65 1.154950015997387e-13 4.106563592974522e-13 2178
0.7 1.208062547585635e-13 5.634826716026078e-13 2498
0.75 1.368627642969716e-13 6.663395127503379e-13 2622
0.8 1.782183419836742e-13 9.066887931069559e-13 3338
0.85 2.074682298471294e-13 1.175607881429717e-12 3722
0.9 2.217603524297301e-13 1.573630921501539e-12 4170
0.95 2.406047055480525e-13 1.777183030828216e-12 4358
1 2.791098923626931e-13 2.224069934406902e-12 5034
1.05 3.20970080250794e-13 2.664666590425444e-12 5714
1.1 3.477785559483632e-13 3.148955281108935e-12 5982
1.15 3.836111616638133e-13 3.634478385158892e-12 6602
1.2 4.134602514881135e-13 4.287816464920441e-12 7130
1.25 4.695075369489795e-13 5.310892017529646e-12 8034
1.3 5.340447961172762e-13 6.093537372420474e-12 8606
1.35 5.323318834993084e-13 6.849494732170489e-12 9066
1.4 6.464520609569953e-13 7.815701399645733e-12 9962
1.45 6.711844311459715e-13 8.640823875317775e-12 10550
1.5 7.156461863055473e-13 1.015089388781628e-11 11226
1.55 8.147394883263042e-13 1.124324790608109e-11 12146
1.6 8.221929504032767e-13 1.197199709628471e-11 12303
1.65 8.302855609384244e-13 1.304853929717693e-11 12584
1.7 8.072096704309496e-13 1.343179638908086e-11 12120
1.75 7.642817287516519e-13 1.301414522357595e-11 11180
1.8 7.642088671623413e-13 1.361021361705002e-11 11096
1.85 6.890935495919546e-13 1.269037925526497e-11 10056
1.9 6.645628856282098e-13 1.323730855883281e-11 9716
1.95 5.976528036450427e-13 1.217054166885315e-11 8604
2 2.975244485666334e-13 5.717324251527783e-12 8060
2.05 7.564628586372145e-42 1.679889491772182e-40 7320
2.1 6.671411147229783e-42 1.453881943339586e-40 6356
2.15 5.420361258075819e-42 1.271264820596979e-40 5348
2.2 4.486817032497944e-42 1.078773395691338e-40 4308
2.25 3.600179408576941e-42 9.370465795961547e-41 3563
2.3 2.586485048472144e-42 6.532557025661886e-41 2448
2.35 1.902374703805787e-42 5.040636085861222e-41 1868
2.4 1.381062967580807e-42 3.857115451732074e-41 1358
2.45 9.964286191564431e-43 3.260906065530438e-41 1062
2.5 7.706981028554805e-43 2.510751537395776e-41 776
2.55 4.631716765377499e-43 1.366558017022835e-41 432
2.6 2.266991262241165e-43 6.660443331531446e-42 200
2.65 1.374461086533607e-43 4.152689809170801e-42 168
2.7 4.811126304159792e-44 1.895958724402207e-42 56
2.75 1.443373877601009e-44 1.240588832347506e-43 7

0.05 2.739704204352671e-16 3.292367640869158e-17 18
0.1 2.495806740616319e-15 2.864191155767487e-16 62
0.15 3.588172898031188e-15 1.147437685861051e-15 98
0.2 8.840645275384737e-15 3.128554005608241e-15 210
0.25 1.723600296524633e-14 1.019606803844822e-14 350
0.3 1.71575062812485e-14 1.807546796565547e-14 450
0.35 2.701907451827669e-14 3.387333062426598e-14 602
0.4 2.9268001938873e-14 5.723804294844147e-14 762
0.45 4.231779163082219e-14 9.402320567913606e-14 1142
0.5 5.192416310244149e-14 1.303565025982898e-13 1250
0.55 6.48635328519372e-14 1.918278660082338e-13 1458
0.6 7.712316907158953e-14 2.785996800263747e-13 1814
0.65 9.597808553779109e-14 3.85985760244738e-13 2178
0.7 1.106799758460406e-13 4.814555184410915e-13 2498
0.75 1.182857532921718e-13 5.997811363093159e-13 2622
0.8 1.56065926299221e-13 8.059139685428465e-13 3338
0.85 1.735192715944437e-13 1.097687625335454e-12 3722
0.9 1.9645439470966e-13 1.385385319106921e-12 4170
0.95 2.061230094993134e-13 1.61849591887673e-12 4358
1 2.406149309975108e-13 2.016333590964845e-12 5034
1.05 2.558297255076428e-13 2.602800012379176e-12 5714
1.1 2.95046419671156e-13 2.89720348199499e-12 5982
1.15 3.263290741030809e-13 3.328395276742828e-12 6602
1.2 3.581832333274692e-13 3.85706375530385e-12 7130
1.25 4.152407448436356e-13 4.672952973730588e-12 8034
1.3 4.503765489149042e-13 5.646223857588931e-12 8606
1.35 4.562997184613948e-13 6.252534095042326e-12 9066
1.4 5.341100535554256e-13 7.401733808105014e-12 9962
1.45 5.762840977197478e-13 7.855292374703937e-12 10550
1.5 6.277532857587324e-13 8.97775460475683e-12 11226
1.55 6.791678419928127e-13 1.049437346674379e-11 12146
1.6 6.908752418999454e-13 1.115408634095945e-11 12303
1.65 6.785142461769863e-13 1.247327455287989e-11 12584
1.7 6.870255946492715e-13 1.23043061022475e-11 12120
1.75 6.255825485300987e-13 1.236750393459549e-11 11180
1.8 6.442378818361115e-13 1.259256938435165e-11 11096
1.85 5.744441010443473e-13 1.191824543755807e-11 10056
1.9 5.671472944240923e-13 1.209776606487769e-11 9716
1.95 5.114742768819796e-13 1.111971327981875e-11 8604
2 2.342500694102132e-13 5.694498390160734e-12 8060
2.05 7.06803773370811e-42 1.624372236114069e-40 7320
2.1 5.898081431302576e-42 1.493302245192719e-40 6356
2.15 4.987641624868971e-42 1.262567478208238e-40 5348
2.2 4.227776381054473e-42 1.065650233289928e-40 4308
2.25 3.320672966179901e-42 8.989549055780321e-41 3563
2.3 2.325232924188132e-42 6.446577221848688e-41 2448
2.35 1.750837006972956e-42 4.959352130430381e-41 1868
2.4 1.285054455213632e-42 3.690697189985978e-41 1358
2.45 1.045400327001705e-42 2.811466743122229e-41 1062
2.5 7.822336439412071e-43 2.180250551080953e-41 776
2.55 4.470351380268056e-43 1.272019220639312e-41 432
2.6 1.985510885641861e-43 6.828195528086974e-42 200
2.65 1.27449934946094e-43 4.183332038799365e-42 168
2.7 4.780477542411332e-44 1.751291898871548e-42 56
2.75 1.156451374999317e-44 1.506773435092005e-43 7

0.05 4.980153685009395e-16 1.770099427658014e-17 18
0.1 2.113406795360151e-15 2.695541198485179e-16 62
0.15 3.29966329721324e-15 1.020112362873164e-15 98
0.2 7.847182854875378e-15 2.746551672924954e-15 210
0.25 1.42442646985351e-14 1.002797465560378e-14 350
0.3 1.554920580734605e-14 1.596619355943116e-14 450
0.35 2.253692342734037e-14 3.226894665601682e-14 602
0.4 2.618863204250421e-14 5.105349454241829e-14 762
0.45 3.893189904883048e-14 8.101606276967566e-14 1142
0.5 4.47217250170966e-14 1.209254029201465e-13 1250
0.55 5.464691803719716e-14 1.813851559110545e-13 1458
0.6 6.76479661178431e-14 2.532166011904997e-13 1814
0.65 7.923678762045046e-14 3.719351974451383e-13 2178
0.7 9.014652375991771e-14 4.711850949859548e-13 2498
0.75 1.003215916364035e-13 5.63630831567055e-13 2622
0.8 1.317039918043003e-13 7.622231732834683e-13 3338
0.85 1.460893595656426e-13 1.038707306989579e-12 3722
0.9 1.636358443338094e-13 1.32803856060594e-12 4170
0.95 1.768423235577956e-13 1.501961375399073e-12 4358
1 2.001903272971964e-13 1.928472178879805e-12 5034
1.05 2.219512851745438e-13 2.39486456443044e-12 5714
1.1 2.551128588508188e-13 2.667647738413756e-12 5982
1.15 2.685812225921582e-13 3.228432236716618e-12 6602
1.2 2.996623331196426e-13 3.674536314744852e-12 7130
1.25 3.435786302312156e-13 4.490288083526127e-12 8034
1.3 3.815735825470919e-13 5.291466180939489e-12 8606
1.35 3.946661296169921e-13 5.759289353746042e-12 9066
1.4 4.673691880672748e-13 6.722392293827105e-12 9962
1.45 4.817658947775679e-13 7.491873593660225e-12 10550
1.5 5.401263922128495e-13 8.326157215135602e-12 11226
1.55 5.978676428069425e-13 9.514304985457019e-12 12146
1.6 6.068122331121754e-13 1.005467024849883e-11 12303
1.65 6.010922546709795e-13 1.122512002513461e-11 12584
1.7 5.789564298026662e-13 1.167891210854818e-11 12120
1.75 5.435478100783462e-13 1.134530865347379e-11 11180
1.8 5.49439623111033e-13 1.17597529305015e-11 11096
1.85 4.950525748669418e-13 1.100353421581484e-11 10056
1.9 4.904611294163284e-13 1.11559837001919e-11 9716
1.95 4.368967465149762e-13 1.035107900122776e-11 8604
2 2.064716806479704e-13 5.13547411732967e-12 8060
2.05 6.507925290745104e-42 1.615712819730856e-40 7320
2.1 5.589408634028869e-42 1.455765098837595e-40 6356
2.15 4.605278428417819e-42 1.259614306292554e-40 5348
2.2 3.799042820644641e-42 1.09124714301273e-40 4308
2.25 3.030363080153772e-42 8.853862596957499e-41 3563
2.3 2.122058390962866e-42 6.382472399739584e-41 2448
2.35 1.622499693023738e-42 4.906522147246481e-41 1868
2.4 1.174604853737642e-42 3.750512920617216e-41 1358
2.45 9.598188810877429e-43 2.820757068508186e-41 1062
2.5 7.146424769047858e-43 2.240849540335314e-41 776
2.55 4.064679323232494e-43 1.284077417019593e-41 432
2.6 1.887795807030826e-43 6.46562850994642e-42 200
2.65 1.173172485648104e-43 4.210920533164425e-42 168
2.7 4.054389267783481e-44 1.836409886779345e-42 56
2.75 1.144999370719357e-44 1.684520925675157e-43 7

0.05 5.020741562545542e-16 1.547741402150591e-17 18
0.1 1.499480985537067e-15 3.040257353246898e-16 62
0.15 2.818128394951561e-15 9.511195790900048e-16 98
0.2 6.842585077176801e-15 2.523966320284588e-15 210
0.25 1.157694064771863e-14 9.864848703883739e-15 350
0.3 1.479407306312584e-14 1.329532489393042e-14 450
0.35 1.772586105589686e-14 3.236846644758069e-14 602
0.4 2.452994406373722e-14 4.376002355482881e-14 762
0.45 3.222052754264147e-14 7.895036551178991e-14 1142
0.5 3.833061347236849e-14 1.131898044699046e-13 1250
0.55 4.706081496683696e-14 1.692318609556868e-13 1458
0.6 5.888744984565191e-14 2.333778614186923e-13 1814
0.65 7.271047736399972e-14 3.258668794401664e-13 2178
0.7 8.297705077924868e-14 4.108093694017824e-13 2498
0.75 8.830699661572324e-14 5.148236165409637e-13 2622
0.8 1.117269405378106e-13 7.241672621316625e-13 3338
0.85 1.256150181045558e-13 9.717469414215779e-13 3722
0.9 1.488261361451953e-13 1.172533072029389e-12 4170
0.95 1.561995656280809e-13 1.367331101596973e-12 4358
1 1.783576226286891e-13 1.744385027933138e-12 5034
1.05 2.040062757764749e-13 2.090692773960787e-12 5714
1.1 2.221826230520156e-13 2.464857044089298e-12 5982
1.15 2.352376981691652e-13 2.956609514286473e-12 6602
1.2 2.589005664807095e-13 3.418240557664554e-12 7130
1.25 3.057450510695738e-13 4.072423862315602e-12 8034
1.3 3.341720432514121e-13 4.855017789141063e-12 8606
1.35 3.421166523578008e-13 5.337443198623792e-12 9066
1.4 3.856667063021789e-13 6.561332281207735e-12 9962
1.45 4.216380999706342e-13 6.864880967095612e-12 10550
1.5 4.583654393889072e-13 7.860499088342674e-12 11226
1.55 5.099253311958067e-13 9.014143532676305e-12 12146
1.6 5.197703830164698e-13 9.487819536296492e-12 12303
1.65 5.283830447164918e-13 1.026738123868376e-11 12584
1.7 5.140655773806579e-13 1.0583887158522e-11 12120
1.75 4.724224580299568e-13 1.050348148494418e-11 11180
1.8 4.75191448598054e-13 1.093971704936623e-11 11096
1.85 4.265590273774722e-13 1.027814962114993e-11 10056
1.9 4.262965285077176e-13 1.03059748141194e-11 9716
1.95 3.832579638084776e-13 9.509361674262855e-12 8604
2 1.83145444526658e-13 4.656402910384515e-12 8060
2.05 5.90954146074763e-42 1.621044297928259e-40 7320
2.1 5.123612309164051e-42 1.460651143435811e-40 6356
2.15 4.373654925933697e-42 1.229529816869628e-40 5348
2.2 3.581763517002948e-42 1.050760658933365e-40 4308
2.25 2.843683914915298e-42 8.624695774507481e-41 3563
2.3 1.966639544183106e-42 6.299342615494435e-41 2448
2.35 1.487296778780786e-42 4.92597037385256e-41 1868
2.4 1.062627523504226e-42 3.668651597181201e-41 1358
2.45 7.790098790030423e-43 3.174076233429843e-41 1062
2.5 6.031602653691186e-43 2.467486774091644e-41 776
2.55 3.539230113764232e-43 1.319345912359012e-41 432
2.6 1.702396653151301e-43 6.292673607467365e-42 200
2.65 1.211361739264971e-43 4.128698089894241e-42 168
2.7 4.600632264899091e-44 1.368506213759256e-42 56
2.75 5.921692964823365e-45 2.924223685511737e-43 7

0.05 1.937340622876972e-16 2.591795965161728e-17 18
0.1 1.743515728059946e-15 2.084546400438286e-16 62
0.15 2.367537939476809e-15 9.107903913815389e-16 98
0.2 5.571243018842947e-15 2.627804436268889e-15 210
0.25 1.125091641695362e-14 8.316427674322671e-15 350
0.3 1.023987844823488e-14 1.553869472192159e-14 450
0.35 1.489431574897496e-14 3.114683349901166e-14 602
0.4 2.133529516827596e-14 4.144451803419053e-14 762
0.45 2.904640384266271e-14 7.125494681912867e-14 1142
0.5 3.399841405231085e-14 1.042326836642506e-13 1250
0.55 4.137358633505311e-14 1.571769507408721e-13 1458
0.6 4.839717303034857e-14 2.312248721655712e-13 1814
0.65 6.071214101764462e-14 3.189433849065041e-13 2178
0.7 6.71735899481835e-14 4.141733519664541e-13 2498
0.75 7.7541250836385e-14 4.790619351636794e-13 2622
0.8 9.460988713854025e-14 6.998612495118269e-13 3338
0.85 1.133623254705704e-13 8.789174087779815e-13 3722
0.9 1.259252697639873e-13 1.132194101273569e-12 4170
0.95 1.349215556640157e-13 1.29212624459678e-12 4358
1 1.548645609142892e-13 1.642016094869747e-12 5034
1.05 1.741084405496836e-13 2.01015750260051e-12 5714
1.1 1.891073782262632e-13 2.362868369694932e-12 5982
1.15 2.114549851132631e-13 2.692390001725391e-12 6602
1.2 2.247207865914439e-13 3.217129442572498e-12 7130
1.25 2.618092729923754e-13 3.880617236963808e-12 8034
1.3 2.918852079663502e-13 4.541860668988812e-12 8606
1.35 2.996671110566462e-13 4.969994780210864e-12 9066
1.4 3.423006304529979e-13 6.031907847635523e-12 9962
1.45 3.755242313029017e-13 6.296327144203797e-12 10550
1.5 3.934852238431201e-13 7.501101584483009e-12 11226
1.55 4.435490989430634e-13 8.453501987457465e-12 12146
1.6 4.481905389416534e-13 8.973252191939337e-12 12303
1.65 4.699538027710578e-13 9.407498681119276e-12 12584
1.7 4.374357583349788e-13 1.016369433506224e-11 12120
1.75 4.212554655599766e-13 9.618793116056302e-12 11180
1.8 4.100272684816014e-13 1.035739634900129e-11 11096
1.85 3.708722195465532e-13 9.646129746245652e-12 10056
1.9 3.819153981595288e-13 9.39403812327106e-12 9716
1.95 3.346568618343894e-13 8.894524171339549e-12 8604
2 1.54519701947159e-13 4.510018104747458e-12 8060
2.05 5.33413182127039e-42 1.63430943443736e-40 7320
2.1 4.70891527960415e-42 1.468137080831881e-40 6356
2.15 4.054533635376396e-42 1.219870445592273e-40 5348
2.2 3.306870840308653e-42 1.05129506915311e-40 4308
2.25 2.70770419252101e-42 8.381491081392063e-41 3563
2.3 1.793413489162555e-42 6.368860589580737e-41 2448
2.35 1.374241017089358e-42 4.951693936181554e-41 1868
2.4 1.005166596188353e-42 3.669421443532083e-41 1358
2.45 7.929400567421419e-43 2.845895407062133e-41 1062
2.5 5.848759125983276e-43 2.26575590039369e-41 776
2.55 3.478361082977639e-43 1.264403732843456e-41 432
2.6 1.727029852548655e-43 6.036873214534779e-42 200
2.65 1.051881766438488e-43 4.345354106114045e-42 168
2.7 4.126075556658616e-44 1.53442076212487e-42 56
2.75 4.31688938333095e-45 3.24527976899806e-43 7

0.05 3.38175044673183e-16 1.259308161741767e-17 18
0.1 1.414382480081287e-15 2.141830308346366e-16 62
0.15 2.07318615650384e-15 8.524744873938553e-16 98
0.2 4.702215141730548e-15 2.57965883327406e-15 210
0.25 9.039592182753563e-15 8.435254019134617e-15 350
0.3 1.014120288512367e-14 1.32617911329582e-14 450
0.35 1.327103176985195e-14 2.876735348467932e-14 602
0.4 1.845494155010658e-14 3.949885766934128e-14 762
0.45 2.495418017808025e-14 6.84162552624986e-14 1142
0.5 3.036077589197601e-14 9.581856333144083e-14 1250
0.55 3.631628157380386e-14 1.469505413751595e-13 1458
0.6 4.402419622043604e-14 2.093144266674034e-13 1814
0.65 5.549942456700946e-14 2.866172378772584e-13 2178
0.7 5.910642777947663e-14 3.872547362056242e-13 2498
0.75 6.588668310725356e-14 4.641864372090949e-13 2622
0.8 8.499551655621447e-14 6.390513237457103e-13 3338
0.85 9.813055058197505e-14 8.320669980036159e-13 3722
0.9 1.117969447423415e-13 1.048071615624711e-12 4170
0.95 1.155663513258294e-13 1.239326059972015e-12 4358
1 1.374436954666784e-13 1.518221998237082e-12 5034
1.05 1.539461585277562e-13 1.862412191040733e-12 5714
1.1 1.688156737304642e-13 2.170994260216004e-12 5982
1.15 1.824741435088202e-13 2.5603681813757e-12 6602
1.2 2.002797536381593e-13 2.964543595623401e-12 7130
1.25 2.247272080558435e-13 3.709820079911011e-12 8034
1.3 2.544160019822748e-13 4.270496877048837e-12 8606
1.35 2.641394685167591e-13 4.635324136626536e-12 9066
1.4 3.034014142581123e-13 5.578502727554154e-12 9962
1.45 3.170091617935425e-13 6.141716250959629e-12 10550
1.5 3.550355859179662e-13 6.816341770722495e-12 11226
1.55 3.968962432245355e-13 7.729925288627755e-12 12146
1.6 3.883232944716321e-13 8.488287229545439e-12 12303
1.65 4.003200102693224e-13 9.110329862175218e-12 12584
1.7 3.896599845141335e-13 9.335119389415929e-12 12120
1.75 3.610436681152777e-13 9.21056240961712e-12 11180
1.8 3.566486275936232e-13 9.776453465289615e-12 11096
1.85 3.284024959824681e-13 8.939449811096609e-12 10056
1.9 3.147920743395484e-13 9.358790581867618e-12 9716
1.95 2.835449431345062e-13 8.614578014421019e-12 8604
2 1.334895124216201e-13 4.285383947497485e-12 8060
2.05 5.142419697257482e-42 1.584839925171498e-40 7320
2.1 4.445971715098699e-42 1.432920801655271e-40 6356
2.15 3.738044820611492e-42 1.220978116370614e-40 5348
2.2 2.960873288197965e-42 1.084376278813716e-40 4308
2.25 2.395041142966607e-42 8.67713491556125e-41 3563
2.3 1.725645015036599e-42 6.233796887773388e-41 2448
2.35 1.281543511884209e-42 4.821536875334944e-41 1868
2.4 9.548842636023761e-43 3.612487192555396e-41 1358
2.45 7.402423582541145e-43 2.789415141769604e-41 1062
2.5 5.325574684275733e-43 2.228140007872693e-41 776
2.55 3.211175283360746e-43 1.223495170211833e-41 432
2.6 1.555197781850388e-43 6.097357544528342e-42 200
2.65 9.704081530992281e-44 4.291043706118314e-42 168
2.7 3.846812157517338e-44 1.595377961907649e-42 56
2.75 8.011990789412221e-45 2.081901315025735e-43 7

0.05 2.463955036475858e-16 1.924810769313061e-17 18
0.1 9.3376340826741e-16 2.686738710774458e-16 62
0.15 1.912127885413372e-15 7.732398265419529e-16 98
0.2 4.531757431404796e-15 2.149459140830646e-15 210
0.25 8.102360115492344e-15 7.916310662595285e-15 350
0.3 9.662999925438579e-15 1.148613628091955e-14 450
0.35 1.255565839374975e-14 2.545636038716084e-14 602
0.4 1.675800590555719e-14 3.590395070895754e-14 762
0.45 2.220926368825847e-14 6.382415127701844e-14 1142
0.5 2.696021177545068e-14 8.957401703195213e-14 1250
0.55 3.179746261753933e-14 1.395499572668541e-13 1458
0.6 4.101936347233343e-14 1.87248276519615e-13 1814
0.65 4.738968906177383e-14 2.784324087583618e-13 2178
0.7 5.3358612721979e-14 3.565061012042367e-13 2498
0.75 5.885606453081408e-14 4.305872176491531e-13 2622
0.8 7.214132874698302e-14 6.242647535583949e-13 3338
0.85 8.695496709852149e-14 7.81228695308641e-13 3722
0.9 1.00096663836622e-13 9.703141659942944e-13 4170
0.95 1.022639946355428e-13 1.163034892823508e-12 4358
1 1.199055625640733e-13 1.442379014852534e-12 5034
1.05 1.35475233002405e-13 1.754228354639468e-12 5714
1.1 1.50217617783006e-13 2.028109003211839e-12 5982
1.15 1.638615835626375e-13 2.367930408978961e-12 6602
1.2 1.736132679750322e-13 2.842443975931433e-12 7130
1.25 1.986190471523273e-13 3.485285559774215e-12 8034
1.3 2.326453965436678e-13 3.880553922274737e-12 8606
1.35 2.323578565895689e-13 4.379505814855393e-12 9066
1.4 2.7099549029926e-13 5.203870508986434e-12 9962
1.45 2.819742141812834e-13 5.723547818239077e-12 10550
1.5 3.03879713195345e-13 6.627535177239313e-12 11226
1.55 3.420096869559227e-13 7.458384908998828e-12 12146
1.6 3.516118146077689e-13 7.807169656965977e-12 12303
1.65 3.572504975045506e-13 8.469679223986711e-12 12584
1.7 3.446841423921235e-13 8.788320884780463e-12 12120
1.75 3.244931350623729e-13 8.51255111388287e-12 11180
1.8 3.23625561364482e-13 8.947912961793053e-12 11096
1.85 2.807354856267552e-13 8.680009676065271e-12 10056
1.9 2.842618044955663e-13 8.622295057055563e-12 9716
1.95 2.57115465518946e-13 7.879517210919906e-12 8604
2 1.194175898435861e-13 3.97027973414692e-12 8060
2.05 4.698222972689473e-42 1.593411566207995e-40 7320
2.1 4.15327688278187e-42 1.418394931647699e-40 6356
2.15 3.351877723535188e-42 1.275161064546086e-40 5348
2.2 2.789979909700926e-42 1.055442458476094e-40 4308
2.25 2.335619511679109e-42 8.337839968649194e-41 3563
2.3 1.5978367395962e-42 6.15301618102453e-41 2448
2.35 1.194187287551789e-42 4.683204567385693e-41 1868
2.4 8.840688615680698e-43 3.506795661943339e-41 1358
2.45 6.638786302689845e-43 2.811214661047948e-41 1062
2.5 5.033382624127779e-43 2.188197079994582e-41 776
2.55 2.911349568295078e-43 1.259460705340171e-41 432
2.6 1.349106214898404e-43 6.608832607336437e-42 200
2.65 9.643132299718815e-44 4.387859725705356e-42 168
2.7 3.630267818877381e-44 1.482730765927699e-42 56
2.75 3.390434510250283e-45 3.797310442552452e-43 7

0.05 2.581153669988237e-16 1.276903045569123e-17 18
0.1 1.067460006476758e-15 1.973452203170554e-16 62
0.15 1.818493725810093e-15 6.805774686861326e-16 98
0.2 3.702489133573482e-15 2.239817111756883e-15 210
0.25 7.556767605628573e-15 7.028032421111524e-15 350
0.3 8.285307544135593e-15 1.115046541128432e-14 450
0.35 1.205453018770246e-14 2.227861902182667e-14 602
0.4 1.387634775942756e-14 3.619499745771973e-14 762
0.45 1.896947418862696e-14 6.227882661538611e-14 1142
0.5 2.382403280936355e-14 8.48442857121993e-14 1250
0.55 2.968750390136921e-14 1.24885374420938e-13 1458
0.6 3.363304976920915e-14 1.89499275147632e-13 1814
0.65 4.189913648114479e-14 2.635816607406941e-13 2178
0.7 4.893797137490891e-14 3.243112698836194e-13 2498
0.75 5.100203580747864e-14 4.155850245099132e-13 2622
0.8 6.723308841611038e-14 5.606024255603306e-13 3338
0.85 7.633717211144927e-14 7.432619677745912e-13 3722
0.9 8.665767317273202e-14 9.391038317933667e-13 4170
0.95 9.303787643427756e-14 1.069327077755603e-12 4358
1 1.090153112452535e-13 1.32631623997531e-12 5034
1.05 1.218531533496561e-13 1.634244324766009e-12 5714
1.1 1.291213549125288e-13 1.976179314796025e-12 5982
1.15 1.420823566355583e-13 2.284753569222242e-12 6602
1.2 1.575133292115079e-13 2.616759973546431e-12 7130
1.25 1.820410056563529e-13 3.188093440763634e-12 8034
1.3 2.009963110315521e-13 3.752961105719539e-12 8606
1.35 2.071185213659203e-13 4.105329162479593e-12 9066
1.4 2.391908922695322e-13 4.91620106423316e-12 9962
1.45 2.477704941304524e-13 5.444335403860254e-12 10550
1.5 2.747912600975235e-13 6.152311625844151e-12 11226
1.55 3.082963082076814e-13 6.919649587322173e-12 12146
1.6 3.031333028579754e-13 7.569034599362111e-12 12303
1.65 3.152492369944485e-13 7.996635838842532e-12 12584
1.7 3.075833000507534e-13 8.240508805011146e-12 12120
1.75 2.841420511687941e-13 8.134816388306345e-12 11180
1.8 2.867662199648543e-13 8.452074495949194e-12 11096
1.85 2.607080944707569e-13 7.837416031202115e-12 10056
1.9 2.452883905063714e-13 8.334622489674532e-12 9716
1.95 2.242954822034305e-13 7.565238869782389e-12 8604
2 1.094684261932047e-13 3.612286950521944e-12 8060
2.05 4.486258039769886e-42 1.543536126814886e-40 7320
2.1 3.830684056136704e-42 1.422246027807382e-40 6356
2.15 3.17793049237277e-42 1.248732927978705e-40 5348
2.2 2.591864528849007e-42 1.0468095239214e-40 4308
2.25 2.152290231411485e-42 8.338898796698779e-41 3563
2.3 1.476050492145512e-42 6.234211291742486e-41 2448
2.35 1.104788347665895e-42 4.774997709506965e-41 1868
2.4 7.933738064475051e-43 3.69379371838187e-41 1358
2.45 6.155788621468406e-43 2.788594887286943e-41 1062
2.5 4.539240784078495e-43 2.146680394163791e-41 776
2.55 2.815591092850741e-43 1.183909369242335e-41 432
2.6 1.271476967192302e-43 6.396226298504827e-42 200
2.65 9.832938140136658e-44 4.226016889557338e-42 168
2.7 3.370035293208737e-44 1.760840993826422e-42 56
2.75 4.793141060487462e-45 2.676230103924172e-43 7

0.05 1.501115074582733e-16 1.765326767955301e-17 18
0.1 1.249184543031286e-15 1.292323024497099e-16 62
0.15 1.773365736890884e-15 5.760118486639383e-16 98
0.2 2.950969994334815e-15 2.323833205085249e-15 210
0.25 6.500671331870209e-15 6.883241891646873e-15 350
0.3 7.241263340364022e-15 1.076910022674551e-14 450
0.35 1.103975170317948e-14 2.06937126843539e-14 602
0.4 1.299451325716847e-14 3.285609924633313e-14 762
0.45 1.774146298111761e-14 5.660221613483111e-14 1142
0.5 2.09458228378878e-14 8.169571869567618e-14 1250
0.55 2.517301252286773e-14 1.245237251949699e-13 1458
0.6 3.241519997274874e-14 1.669201948389023e-13 1814
0.65 3.714321844680523e-14 2.508914610033063e-13 2178
0.7 4.212082479627779e-14 3.188708757017049e-13 2498
0.75 4.792044614397808e-14 3.729563640557907e-13 2622
0.8 5.832029083379434e-14 5.44808769614719e-13 3338
0.85 6.765138537874327e-14 7.083576244033201e-13 3722
0.9 7.743607808343921e-14 8.876214047222847e-13 4170
0.95 8.035596330912847e-14 1.044301758436339e-12 4358
1 9.353560505770863e-14 1.305969134574668e-12 5034
1.05 1.072000080908663e-13 1.565834215385894e-12 5714
1.1 1.203451231740034e-13 1.782978174657912e-12 5982
1.15 1.269347900626065e-13 2.158577915776474e-12 6602
1.2 1.407437739034133e-13 2.47547225488142e-12 7130
1.25 1.615545117890796e-13 3.032137456978933e-12 8034
1.3 1.788671061257239e-13 3.57561210580024e-12 8606
1.35 1.847881170245992e-13 3.872492092614602e-12 9066
1.4 2.15423770299338e-13 4.610006472854013e-12 9962
1.45 2.241229494801031e-13 5.103727505368736e-12 10550
1.5 2.446336576845297e-13 5.795063104101368e-12 11226
1.55 2.722586550281539e-13 6.634011032828172e-12 12146
1.6 2.792789007826922e-13 6.94466689440417e-12 12303
1.65 2.81589084154831e-13 7.564207909922667e-12 12584
1.7 2.769109277551889e-13 7.717026341487524e-12 12120
1.75 2.499120006373052e-13 7.809043512078314e-12 11180
1.8 2.592464222217045e-13 7.895637072144535e-12 11096
1.85 2.264313416742633e-13 7.600609167066862e-12 10056
1.9 2.257761861305283e-13 7.652271927400014e-12 9716
1.95 2.037377010844489e-13 7.026994420470014e-12 8604
2 9.881175271992096e-14 3.381299547757965e-12 8060
2.05 4.123522936872422e-42 1.574719343373554e-40 7320
2.1 3.546222006664675e-42 1.417689739560853e-40 6356
2.15 2.979595603366792e-42 1.225130902551558e-40 5348
2.2 2.518847555805891e-42 9.90204720439894e-41 4308
2.25 1.95560563479115e-42 8.552541828827447e-41 3563
2.3 1.404540375943855e-42 6.140208252033058e-41 2448
2.35 1.026998133377934e-42 4.850790281670891e-41 1868
2.4 7.582242623549064e-43 3.491901200629239e-41 1358
2.45 5.715747478085565e-43 2.794274720396528e-41 1062
2.5 4.43313714585692e-43 2.133718362392841e-41 776
2.55 2.64061064058793e-43 1.138578765242531e-41 432
2.6 1.137770091374887e-43 6.42923728981089e-42 200
2.65 8.609131739126336e-44 4.346267119331281e-42 168
2.7 3.04152847433252e-44 1.566384676639243e-42 56
2.75 1.953156199310019e-45 4.021824723876215e-43 7

0.05 2.143973590494338e-16 1.20035779838241e-17 18
0.1 7.14784162354102e-16 2.047507680625792e-16 62
0.15 1.721051496072366e-15 4.797571563989808e-16 98
0.2 2.766797107618504e-15 2.0987491531262e-15 210
0.25 5.864497790765487e-15 6.553011190203011e-15 350
0.3 6.517965800837403e-15 1.017371169563567e-14 450
0.35 9.920967109479721e-15 1.957922366548199e-14 602
0.4 1.166829304733607e-14 3.082545284380552e-14 762
0.45 1.55324552772055e-14 5.47801503750281e-14 1142
0.5 1.902610638358668e-14 7.620644511513887e-14 1250
0.55 2.360948415458489e-14 1.123774028193879e-13 1458
0.6 2.910542099601154e-14 1.575467821160325e-13 1814
0.65 3.292811180494615e-14 2.399017373870567e-13 2178
0.7 3.865336761817731e-14 2.944980703815294e-13 2498
0.75 4.079142892627043e-14 3.720364012080225e-13 2622
0.8 5.325462004598906e-14 5.068514682406202e-13 3338
0.85 6.050544903677173e-14 6.72141222426864e-13 3722
0.9 6.977606150120717e-14 8.360639184397448e-13 4170
0.95 7.508586948838857e-14 9.509493018187905e-13 4358
1 8.49142470680534e-14 1.221350861651522e-12 5034
1.05 9.471531039456814e-14 1.506194864866417e-12 5714
1.1 1.024253411215478e-13 1.784001571632442e-12 5982
1.15 1.133358826412434e-13 2.053093416887035e-12 6602
1.2 1.24686153407724e-13 2.369942879410938e-12 7130
1.25 1.431278782462919e-13 2.898335701618259e-12 8034
1.3 1.597938516726645e-13 3.384895774261917e-12 8606
1.35 1.676332473564112e-13 3.637589598892418e-12 9066
1.4 1.934742386304065e-13 4.351364877957128e-12 9962
1.45 1.991849554976291e-13 4.858896563683785e-12 10550
1.5 2.166066247705767e-13 5.569111245787062e-12 11226
1.55 2.462887713665535e-13 6.2046497320044e-12 12146
1.6 2.504612783095934e-13 6.562100600210891e-12 12303
1.65 2.500215264511909e-13 7.231266292321849e-12 12584
1.7 2.402871070276798e-13 7.555747102719862e-12 12120
1.75 2.311364356796126e-13 7.157051103728544e-12 11180
1.8 2.286882592060178e-13 7.583689671793264e-12 11096
1.85 2.040331172387479e-13 7.157173771318339e-12 10056
1.9 2.035133188443969e-13 7.201300510609611e-12 9716
1.95 1.823588075736796e-13 6.654803444791518e-12 8604
2 8.252264806267008e-14 3.441630551447207e-12 8060
2.05 3.969493710225497e-42 1.507819070924104e-40 7320
2.1 3.417681968359842e-42 1.37914108706759e-40 6356
2.15 2.893726751808143e-42 1.180471002275884e-40 5348
2.2 2.268357419153687e-42 1.015626074162321e-40 4308
2.25 1.867773497865837e-42 8.293497534918267e-41 3563
2.3 1.267502567556286e-42 6.285571449471252e-41 2448
2.35 9.947075592491028e-43 4.716422579536427e-41 1868
2.4 7.090712359794603e-43 3.484028448348237e-41 1358
2.45 5.663897547325025e-43 2.669834152820247e-41 1062
2.5 4.325886804289166e-43 2.062863597139572e-41 776
2.55 2.192792140830614e-43 1.288762382810341e-41 432
2.6 1.171909624147677e-43 5.805164595030983e-42 200
2.65 8.031217563361351e-44 4.330328055442969e-42 168
2.7 3.030147122854185e-44 1.629608163961036e-42 56
2.75 5.990562864439121e-45 9.754428707839594e-44 7

0.05 1.72324958063101e-16 1.287250195577036e-17 18
0.1 5.617940127502255e-16 2.180686910731339e-16 62
0.15 1.548420817348347e-15 4.531626776212086e-16 98
0.2 2.733755223511503e-15 1.855721068193706e-15 210
0.25 5.05376161688639e-15 6.476734662223019e-15 350
0.3 5.891010239390776e-15 9.636827041752152e-15 450
0.35 8.653199704191293e-15 1.912802847842101e-14 602
0.4 1.075084721272191e-14 2.866037439408033e-14 762
0.45 1.354679685756452e-14 5.338486087038096e-14 1142
0.5 1.673286583943158e-14 7.391903490704743e-14 1250
0.55 2.061989688528655e-14 1.102204544682476e-13 1458
0.6 2.481445640680443e-14 1.5748456873025e-13 1814
0.65 3.048497328733973e-14 2.217350388163303e-13 2178
0.7 3.360715295722942e-14 2.89728459753577e-13 2498
0.75 3.714279341554966e-14 3.494916163580612e-13 2622
0.8 4.793644839546711e-14 4.816996646410559e-13 3338
0.85 5.42541660542748e-14 6.412074439696654e-13 3722
0.9 6.347466486935577e-14 7.838924869567382e-13 4170
0.95 6.595177037013718e-14 9.244400217732796e-13 4358
1 7.824921707059995e-14 1.131395237423786e-12 5034
1.05 8.807148053729623e-14 1.382754808807122e-12 5714
1.1 9.436113158675495e-14 1.654062585637435e-12 5982
1.15 1.018409963661761e-13 1.950917581983664e-12 6602
1.2 1.157298952559884e-13 2.179368683380713e-12 7130
1.25 1.327216254207922e-13 2.676832871605539e-12 8034
1.3 1.484312297484801e-13 3.114023986238167e-12 8606
1.35 1.500259321211299e-13 3.470721469512665e-12 9066
1.4 1.728636954706931e-13 4.183842926065563e-12 9962
1.45 1.832105454164133e-13 4.528377546403255e-12 10550
1.5 1.982536764578426e-13 5.213681547655192e-12 11226
1.55 2.178129519912091e-13 6.017544309397975e-12 12146
1.6 2.224944514382434e-13 6.303921265790026e-12 12303
1.65 2.258898255578125e-13 6.862011288580317e-12 12584
1.7 2.153725862250532e-13 7.173027285899536e-12 12120
1.75 2.05742860246608e-13 6.882640326839737e-12 11180
1.8 2.096680210192346e-13 7.072445293867508e-12 11096
1.85 1.830241596180623e-13 6.835736021670162e-12 10056
1.9 1.839949565442581e-13 6.810609195705835e-12 9716
1.95 1.629703480144489e-13 6.367029888891596e-12 8604
2 7.946136695859563e-14 3.065519703286698e-12 8060
2.05 3.633337914949082e-42 1.54196962186549e-40 7320
2.1 3.209544706543949e-42 1.379187990444846e-40 6356
2.15 2.666256438421724e-42 1.184260263758308e-40 5348
2.2 2.244389610426655e-42 9.595114061033758e-41 4308
2.25 1.742011431563685e-42 8.310775071382807e-41 3563
2.3 1.193522672966239e-42 6.196958016773752e-41 2448
2.35 9.053999869382414e-43 4.825495357400967e-41 1868
2.4 6.774235656412075e-43 3.503766128116095e-41 1358
2.45 4.745567114594611e-43 2.955590492426018e-41 1062
2.5 3.889475065506939e-43 2.121420774683938e-41 776
2.55 2.258617305765823e-43 1.172903378953856e-41 432
2.6 9.876585672466569e-44 6.123650970326019e-42 200
2.65 6.759611633155478e-44 4.715908934735102e-42 168
2.7 3.178046643562849e-44 1.362605241954621e-42 56
2.75 4.840967988684603e-45 1.200335700514352e-43 7

0.05 1.106156509850024e-16 1.443399462415731e-17 18
0.1 7.907501793840628e-16 1.485810969959017e-16 62
0.15 1.169075972465298e-15 5.525832655778898e-16 98
0.2 2.414323382523926e-15 1.798490887296847e-15 210
0.25 4.50551434855864e-15 6.205010699786657e-15 350
0.3 5.294822934569988e-15 9.23100989000023e-15 450
0.35 7.347976821350474e-15 1.915871532420062e-14 602
0.4 9.061576407461644e-15 2.922893406604022e-14 762
0.45 1.257009342549154e-14 4.931773798234735e-14 1142
0.5 1.470911452269128e-14 7.223942646130831e-14 1250
0.55 1.854103820730916e-14 1.055648132460731e-13 1458
0.6 2.210116950498501e-14 1.519311824303614e-13 1814
0.65 2.902101286497086e-14 1.999412996040514e-13 2178
0.7 3.210834069461957e-14 2.60283221390262e-13 2498
0.75 3.419602869901239e-14 3.264650492937472e-13 2622
0.8 4.219972306154808e-14 4.709846269706592e-13 3338
0.85 5.152738676455907e-14 5.799658283451965e-13 3722
0.9 5.617868048111837e-14 7.623776538398292e-13 4170
0.95 5.903863420343001e-14 8.863407328932962e-13 4358
1 6.84147671401316e-14 1.114288239264323e-12 5034
1.05 7.785945197107717e-14 1.347294927816954e-12 5714
1.1 8.54899303223561e-14 1.568259006332724e-12 5982
1.15 9.342245513729666e-14 1.830504411805998e-12 6602
1.2 1.020211930272938e-13 2.129568593345749e-12 7130
1.25 1.168052575683652e-13 2.615986759410705e-12 8034
1.3 1.346076508520424e-13 2.950746307520562e-12 8606
1.35 1.394759093898125e-13 3.203051756478687e-12 9066
1.4 1.562985504816157e-13 3.972050936798641e-12 9962
1.45 1.615806458709549e-13 4.407048033970969e-12 10550
1.5 1.760413181630376e-13 5.052923779152442e-12 11226
1.55 1.928485086556345e-13 5.842274969305132e-12 12146
1.6 2.036733188803235e-13 5.9457949337508e-12 12303
1.65 2.0524409933419e-13 6.468273426279222e-12 12584
1.7 2.04573675780423e-13 6.504375690074322e-12 12120
1.75 1.79744020861831e-13 6.733084278485211e-12 11180
1.8 1.873734712332673e-13 6.795531168713202e-12 11096
1.85 1.646824879528952e-13 6.519129014393757e-12 10056
1.9 1.657345395028403e-13 6.493109016390824e-12 9716
1.95 1.466749053320895e-13 6.086515621187181e-12 8604
2 7.337675980796699e-14 2.840721052268214e-12 8060
2.05 3.395009319465404e-42 1.539835277958481e-40 7320
2.1 3.01440892373642e-42 1.353868738148456e-40 6356
2.15 2.519180998395992e-42 1.173201152236607e-40 5348
2.2 2.016675416401617e-42 9.926845672373769e-41 4308
2.25 1.691352872357666e-42 7.965439859899928e-41 3563
2.3 1.179885048187957e-42 5.819898254453426e-41 2448
2.35 9.144031951301214e-43 4.505161875245113e-41 1868
2.4 6.08891232633568e-43 3.578588633965336e-41 1358
2.45 4.509606338733802e-43 2.909692216382681e-41 1062
2.5 3.496791779460802e-43 2.088574080356431e-41 776
2.55 2.137603851451101e-43 1.193403531439175e-41 432
2.6 9.924067252533582e-44 5.687607069899019e-42 200
2.65 6.618545101974619e-44 4.44000192154626e-42 168
2.7 2.878451589080604e-44 1.621630215527991e-42 56
2.75 3.71105094368927e-45 1.291407996650775e-43 7

0.05 1.701588063542616e-16 9.825947097054518e-18 18
0.1 6.653644054435038e-16 1.432790166345048e-16 62
0.15 7.462395575452594e-16 6.96558983713271e-16 98
0.2 2.045578349954374e-15 1.810907084061144e-15 210
0.25 4.523929411561273e-15 5.37186062148321e-15 350
0.3 4.784120188994768e-15 8.832620781182223e-15 450
0.35 7.360797080870333e-15 1.676846465200202e-14 602
0.4 8.225140337840844e-15 2.790213637932533e-14 762
0.45 1.168155876674106e-14 4.580481580972091e-14 1142
0.5 1.394358801487131e-14 6.598863034754209e-14 1250
0.55 1.627346077680906e-14 1.036469450663304e-13 1458
0.6 1.943379098849423e-14 1.494194588419947e-13 1814
0.65 2.475541526913319e-14 2.033838649849491e-13 2178
0.7 2.866882544685595e-14 2.521337540771647e-13 2498
0.75 3.099781003284519e-14 3.114602985030965e-13 2622
0.8 3.953453041366143e-14 4.335468942950219e-13 3338
0.85 4.420660872823469e-14 5.836269128113027e-13 3722
0.9 5.015808820371371e-14 7.36815414976883e-13 4170
0.95 5.535116407571726e-14 8.16742152096658e-13 4358
1 6.506490335450279e-14 1.011086632458119e-12 5034
1.05 6.823306655941176e-14 1.326061017684096e-12 5714
1.1 7.754168811541448e-14 1.497368695359479e-12 5982
1.15 8.534629582106174e-14 1.730281046095755e-12 6602
1.2 9.314252853346285e-14 2.012216610229063e-12 7130
1.25 1.043559562071854e-13 2.52500568546185e-12 8034
1.3 1.199051303498844e-13 2.866368115896926e-12 8606
1.35 1.239768246364901e-13 3.134805842959034e-12 9066
1.4 1.403688367367599e-13 3.810902461022684e-12 9962
1.45 1.475463063928783e-13 4.162777850338082e-12 10550
1.5 1.632099920021501e-13 4.69880825794751e-12 11226
1.55 1.763069376977014e-13 5.494866881545725e-12 12146
1.6 1.81499842881059e-13 5.73297012447149e-12 12303
1.65 1.856915708507824e-13 6.190369244696851e-12 12584
1.7 1.829063072016711e-13 6.300651159355417e-12 12120
1.75 1.759597482478157e-13 5.950718822372029e-12 11180
1.8 1.699608409868123e-13 6.47377995965363e-12 11096
1.85 1.526238343307399e-13 6.074382514135868e-12 10056
1.9 1.455952327281442e-13 6.389703489073242e-12 9716
1.95 1.311504645131533e-13 5.882228014014454e-12 8604
2 6.295621198138027e-14 2.873674332348934e-12 8060
2.05 3.212832047670893e-42 1.522752965786883e-40 7320
2.1 2.838699534932094e-42 1.359046805654814e-40 6356
2.15 2.394800787452963e-42 1.157340737342041e-40 5348
2.2 1.920014120645367e-42 9.690806044447933e-41 4308
2.25 1.520006870286168e-42 8.160618007895393e-41 3563
2.3 1.117900656260383e-42 5.792103988262618e-41 2448
2.35 8.320793048824892e-43 4.662426650089577e-41 1868
2.4 5.87553811692157e-43 3.488974594254968e-41 1358
2.45 4.324032673007066e-43 2.709688132202649e-41 1062
2.5 3.655962121588216e-43 1.870344165402155e-41 776
2.55 1.876299503822847e-43 1.269977340087145e-41 432
2.6 8.739408432889142e-44 6.048766124067606e-42 200
2.65 7.513809627943345e-44 3.619762013060744e-42 168
2.7 2.531342110527161e-44 1.637290204339858e-42 56
2.75 1.91284201088701e-45 3.030613743542236e-43 7

0.05 1.078823426970415e-16 1.230281552447569e-17 18
0.1 5.4047932091625e-16 1.536154164851985e-16 62
0.15 6.394714234656723e-16 6.744459203767691e-16 98
0.2 1.9427339182083e-15 1.692027517824932e-15 210
0.25 4.12042294975889e-15 5.093951740572703e-15 350
0.3 4.354702361744469e-15 8.424507884042666e-15 450
0.35 6.348156008180268e-15 1.682718379467932e-14 602
0.4 7.62494206949481e-15 2.613942737395474e-14 762
0.45 9.885983151020205e-15 4.713337006657445e-14 1142
0.5 1.261728804630373e-14 6.337490109513108e-14 1250
0.55 1.493619887221579e-14 9.822752424577785e-14 1458
0.6 1.828428418499432e-14 1.383266169825683e-13 1814
0.65 2.3009048323179e-14 1.895257233624274e-13 2178
0.7 2.578927837383403e-14 2.435943004934105e-13 2498
0.75 2.817237115323479e-14 2.977331418167391e-13 2622
0.8 3.496898974973799e-14 4.263593137719438e-13 3338
0.85 4.168288525260032e-14 5.389012788347222e-13 3722
0.9 4.62061313231282e-14 6.964240418537891e-13 4170
0.95 4.937273001810156e-14 7.98570869436917e-13 4358
1 5.724311584274208e-14 1.000580145313167e-12 5034
1.05 6.372398909859227e-14 1.237907874801822e-12 5714
1.1 7.145894736939622e-14 1.411328440173702e-12 5982
1.15 7.746587387847676e-14 1.658721393611784e-12 6602
1.2 8.542567107243197e-14 1.908255965412662e-12 7130
1.25 9.546468213848273e-14 2.402967248993762e-12 8034
1.3 1.097915476214304e-13 2.725032144659594e-12 8606
1.35 1.097203387760144e-13 3.055239749821819e-12 9066
1.4 1.315317308138081e-13 3.538523491539706e-12 9962
1.45 1.338210597759267e-13 3.986994123401291e-12 10550
1.5 1.473428654798925e-13 4.508102579020834e-12 11226
1.55 1.66947207052867e-13 5.069287039188848e-12 12146
1.6 1.623159054975488e-13 5.580853419212342e-12 12303
1.65 1.682642637654014e-13 5.927683408046338e-12 12584
1.7 1.62378755612976e-13 6.163621805927822e-12 12120
1.75 1.560154523628976e-13 5.850141929212527e-12 11180
1.8 1.544575952567142e-13 6.200393441775351e-12 11096
1.85 1.38152933089805e-13 5.836102218449098e-12 10056
1.9 1.343971088467888e-13 6.009633644642155e-12 9716
1.95 1.23763118812393e-13 5.413935987442823e-12 8604
2 6.026637118771891e-14 2.600762671446959e-12 8060
2.05 3.052037555684974e-42 1.496850106964646e-40 7320
2.1 2.673575906689813e-42 1.341372313165321e-40 6356
2.15 2.278793859492943e-42 1.143389180904221e-40 5348
2.2 1.828323122022041e-42 9.514691063910715e-41 4308
2.25 1.49344769642063e-42 7.852614753130649e-41 3563
2.3 1.076511210963702e-42 5.688047463099833e-41 2448
2.35 7.802294738971379e-43 4.639185488366056e-41 1868
2.4 5.845571088256608e-43 3.258928987863953e-41 1358
2.45 4.197913274977353e-43 2.668506192372106e-41 1062
2.5 2.875815297064803e-43 2.107671697829044e-41 776
2.55 1.894363465997353e-43 1.180198757376817e-41 432
2.6 9.809569191314947e-44 5.009088369702616e-42 200
2.65 6.728108417229754e-44 3.790396410786721e-42 168
2.7 2.167547742315688e-44 1.685937643791945e-42 56
2.75 3.574163237855736e-45 2.192873080880738e-43 7

0.05 1.005008580532031e-16 1.155708825244792e-17 18
0.1 5.03567775342631e-16 1.463045087121725e-16 62
0.15 8.226116490437041e-16 4.932897865767338e-16 98
0.2 1.882845773640008e-15 1.488415380865329e-15 210
0.25 3.646112913534629e-15 5.026755872594952e-15 350
0.3 3.981059766487989e-15 8.049367390664096e-15 450
0.35 5.886480472637821e-15 1.579080257503601e-14 602
0.4 7.182062891267198e-15 2.421541878795331e-14 762
0.45 9.850372182055844e-15 4.134425717323159e-14 1142
0.5 1.100436375304164e-14 6.317974519578849e-14 1250
0.55 1.394565210677656e-14 9.194203928156813e-14 1458
0.6 1.786363299801375e-14 1.234186440154339e-13 1814
0.65 2.146500899698988e-14 1.773353773232853e-13 2178
0.7 2.406932231675904e-14 2.276798162273501e-13 2498
0.75 2.581837846081724e-14 2.835092222428359e-13 2622
0.8 3.170562779739833e-14 4.107026242114808e-13 3338
0.85 3.786276397590966e-14 5.170282641710319e-13 3722
0.9 4.308517511104334e-14 6.518491134939582e-13 4170
0.95 4.510321609395221e-14 7.627906123452099e-13 4358
1 5.198936376658592e-14 9.593738488182164e-13 5034
1.05 5.994141676131393e-14 1.145062051437397e-12 5714
1.1 6.50532597301411e-14 1.352504873557355e-12 5982
1.15 6.911847848593262e-14 1.625109563572364e-12 6602
1.2 7.475285433668867e-14 1.900634206757231e-12 7130
1.25 8.829451812356663e-14 2.270053712836757e-12 8034
1.3 9.494233724551998e-14 2.739363543634122e-12 8606
1.35 1.016469564059049e-13 2.884001845644235e-12 9066
1.4 1.184787037647335e-13 3.429553205750725e-12 9962
1.45 1.213328835265507e-13 3.842189965455213e-12 10550
1.5 1.366257561354002e-13 4.253577046626243e-12 11226
1.55 1.484182120153785e-13 4.965028861172545e-12 12146
1.6 1.525624422513621e-13 5.196272984993936e-12 12303
1.65 1.561582072930465e-13 5.567374667763441e-12 12584
1.7 1.503132022837141e-13 5.801498839157276e-12 12120
1.75 1.41519940053326e-13 5.640042531190661e-12 11180
1.8 1.418678356423453e-13 5.888938258292962e-12 11096
1.85 1.26152223054669e-13 5.577447290132812e-12 10056
1.9 1.245235409685255e-13 5.659637029069618e-12 9716
1.95 1.100053819101876e-13 5.317347056644903e-12 8604
2 5.233798379283965e-14 2.610326306199135e-12 8060
2.05 2.93659788830075e-42 1.456141908307668e-40 7320
2.1 2.554630307955474e-42 1.330509482423958e-40 6356
2.15 2.116291171191913e-42 1.146344161099483e-40 5348
2.2 1.715156578992301e-42 9.503184427288359e-41 4308
2.25 1.386388491295673e-42 7.946657893199045e-41 3563
2.3 9.546980461275082e-43 6.050797941951434e-41 2448
2.35 7.301653681806986e-43 4.639087624176954e-41 1868
2.4 5.328470847534399e-43 3.447889589359655e-41 1358
2.45 4.166152968594424e-43 2.531236818334799e-41 1062
2.5 2.933209036029363e-43 1.965512226141627e-41 776
2.55 1.851504680055642e-43 1.128082416927772e-41 432
2.6 9.477651342453596e-44 4.812675099342293e-42 200
2.65 6.369242378378262e-44 3.712340576029704e-42 168
2.7 2.109210877584834e-44 1.66117704337684e-42 56
2.75 2.442345678201275e-45 2.400753531247454e-43 7

0.05 1.295306338279687e-16 8.295096543450509e-18 18
0.1 4.737916066258606e-16 1.344627720498725e-16 62
0.15 8.458809657985051e-16 4.348079951195544e-16 98
0.2 1.483219235722063e-15 1.66530376505539e-15 210
0.25 3.250261922349101e-15 4.948259129002604e-15 350
0.3 3.693078987744206e-15 7.574505147129622e-15 450
0.35 5.355235910792482e-15 1.528122559907029e-14 602
0.4 6.785931165267139e-15 2.245353024806081e-14 762
0.45 9.091340869427909e-15 3.952447803138101e-14 1142
0.5 1.112832119178133e-14 5.482437258127198e-14 1250
0.55 1.316576303950179e-14 8.525133251143971e-14 1458
0.6 1.543235922504539e-14 1.257791898856487e-13 1814
0.65 1.902751754549494e-14 1.753528636150803e-13 2178
0.7 2.239140531048466e-14 2.144414101558268e-13 2498
0.75 2.353549201416309e-14 2.726284923073258e-13 2622
0.8 2.877784084620427e-14 3.967426998724137e-13 3338
0.85 3.461148869846595e-14 4.970003151270418e-13 3722
0.9 3.933191353013039e-14 6.269334924560852e-13 4170
0.95 4.178481707049281e-14 7.19289164985457e-13 4358
1 4.893164253765213e-14 8.958893487325206e-13 5034
1.05 5.491124528210385e-14 1.096177844469743e-12 5714
1.1 5.963921122557678e-14 1.291856520314482e-12 5982
1.15 6.280751788369353e-14 1.566646969134871e-12 6602
1.2 7.002934507739078e-14 1.78100159895777e-12 7130
1.25 8.089767319540046e-14 2.165339468900942e-12 8034
1.3 9.110589556753446e-14 2.514938232619226e-12 8606
1.35 9.49622706734236e-14 2.704710204543949e-12 9066
1.4 1.069408153846888e-13 3.327002039767739e-12 9962
1.45 1.128306628716022e-13 3.613302922486337e-12 10550
1.5 1.231364717519747e-13 4.157004137594652e-12 11226
1.55 1.362283815459834e-13 4.735844502704418e-12 12146
1.6 1.414336451600697e-13 4.922895026766712e-12 12303
1.65 1.415147839239066e-13 5.399025364981531e-12 12584
1.7 1.37711912850597e-13 5.576062795697495e-12 12120
1.75 1.307491647975934e-13 5.3524978094405e-12 11180
1.8 1.288568638907899e-13 5.686411983817739e-12 11096
1.85 1.15628611384734e-13 5.343247482899416e-12 10056
1.9 1.118364889480887e-13 5.547963919197121e-12 9716
1.95 1.030734286881763e-13 4.971294989651548e-12 8604
2 4.849266206616206e-14 2.473316384313931e-12 8060
2.05 2.818380420306632e-42 1.453503528254757e-40 7320
2.1 2.436830548923865e-42 1.311148009699543e-40 6356
2.15 1.98017598030755e-42 1.159960015856547e-40 5348
2.2 1.651669626943693e-42 9.352877151591209e-41 4308
2.25 1.299827129886288e-42 7.98743156540095e-41 3563
2.3 9.284519428626239e-43 5.740375319778338e-41 2448
2.35 7.223827968091128e-43 4.358855742199801e-41 1868
2.4 5.048704388721295e-43 3.390693281903671e-41 1358
2.45 3.799399486900762e-43 2.630022139259322e-41 1062
2.5 2.754614383582169e-43 1.986063964191309e-41 776
2.55 1.580939467896297e-43 1.206780817980659e-41 432
2.6 8.873976612711965e-44 5.089086673938455e-42 200
2.65 6.407204444339043e-44 3.557800961439972e-42 168
2.7 2.04990300496683e-44 1.533053836947385e-42 56
2.75 3.253862559376499e-45 2.384186174528163e-43 7

0.05 6.151168016735909e-17 1.2906124683794e-17 18
0.1 4.728782134940937e-16 1.185772982520376e-16 62
0.15 7.924536915899047e-16 4.246587395579549e-16 98
0.2 1.642644822653046e-15 1.33381028769989e-15 210
0.25 2.915308181809103e-15 4.850973678101805e-15 350
0.3 3.150391798517052e-15 7.80149200697357e-15 450
0.35 5.121885245659475e-15 1.404808028147049e-14 602
0.4 6.257761829630155e-15 2.146534983676434e-14 762
0.45 8.219299687351622e-15 3.831234576498605e-14 1142
0.5 9.951518952188212e-15 5.401046062686331e-14 1250
0.55 1.199133806617719e-14 8.239393851767766e-14 1458
0.6 1.479117400819992e-14 1.154417316902382e-13 1814
0.65 1.806213691643361e-14 1.630497448914846e-13 2178
0.7 1.971889821372115e-14 2.151381177973301e-13 2498
0.75 2.134288098880453e-14 2.644916248505034e-13 2622
0.8 2.655624670559868e-14 3.785495787845447e-13 3338
0.85 3.114014606878585e-14 4.865129328224547e-13 3722
0.9 3.683757805168559e-14 5.884972741065752e-13 4170
0.95 3.939320297361465e-14 6.720388433709566e-13 4358
1 4.356314627163344e-14 8.856148100221529e-13 5034
1.05 4.954727862778223e-14 1.069840458592464e-12 5714
1.1 5.491120927927613e-14 1.237729876735909e-12 5982
1.15 5.940374616143367e-14 1.458635886507496e-12 6602
1.2 6.484329891002068e-14 1.694821902362192e-12 7130
1.25 7.509909357521462e-14 2.055439760532083e-12 8034
1.3 8.325400097416764e-14 2.418113380903769e-12 8606
1.35 8.773414134461765e-14 2.576602956717298e-12 9066
1.4 9.894751974995877e-14 3.169695962818527e-12 9962
1.45 1.049589816333812e-13 3.433514004860803e-12 10550
1.5 1.131507496972377e-13 3.974143498057924e-12 11226
1.55 1.261266077653179e-13 4.508519868810772e-12 12146
1.6 1.279168771296021e-13 4.787570172296046e-12 12303
1.65 1.319966333539933e-13 5.100188910570065e-12 12584
1.7 1.28166770937375e-13 5.264107097881707e-12 12120
1.75 1.155075870328666e-13 5.321553862225316e-12 11180
1.8 1.175668566292925e-13 5.482020620429764e-12 11096
1.85 1.060235061381459e-13 5.127112674820332e-12 10056
1.9 1.056945895288278e-13 5.160534416161492e-12 9716
1.95 9.423945874253646e-14 4.795947767861629e-12 8604
2 4.391491052321133e-14 2.408939986446364e-12 8060
2.05 2.636505367975642e-42 1.465122832803405e-40 7320
2.1 2.355944159786259e-42 1.280634791288474e-40 6356
2.15 1.985971835010853e-42 1.092691437364562e-40 5348
2.2 1.546036452942687e-42 9.387855744198094e-41 4308
2.25 1.24970454378482e-42 7.795797057944391e-41 3563
2.3 8.607215769864645e-43 5.767827333712485e-41 2448
2.35 6.506671831575692e-43 4.594340074033673e-41 1868
2.4 4.839588749642921e-43 3.328518191229226e-41 1358
2.45 3.569670798821744e-43 2.638032218251084e-41 1062
2.5 2.696960549457677e-43 1.883978708967051e-41 776
2.55 1.619591551196578e-43 1.100711240203355e-41 432
2.6 7.32115995675569e-44 5.959463833178979e-42 200
2.65 5.118976884075075e-44 4.306359341944523e-42 168
2.7 2.014407926679291e-44 1.53829317949825e-42 56
2.75 1.808471581858587e-45 2.361738656095399e-43 7

0.05 1.15580159958042e-16 6.337210750449364e-18 18
0.1 4.479443834477184e-16 1.077500347293959e-16 62
0.15 8.180726203787362e-16 3.374526164780456e-16 98
0.2 1.226690580181377e-15 1.55482738292327e-15 210
0.25 2.676268112515566e-15 4.680537866695036e-15 350
0.3 3.160859985753902e-15 6.901302467260639e-15 450
0.35 4.361707405731049e-15 1.447816851019837e-14 602
0.4 5.653539529609469e-15 2.111049205037147e-14 762
0.45 7.400819317073695e-15 3.770081133550534e-14 1142
0.5 8.819028841225803e-15 5.386860339058313e-14 1250
0.55 1.054601207943908e-14 8.291021753548477e-14 1458
0.6 1.301107479544254e-14 1.159512566911365e-13 1814
0.65 1.640297059800758e-14 1.586228646165104e-13 2178
0.7 1.807553082027227e-14 2.071309614232217e-13 2498
0.75 2.013473396019791e-14 2.481825988072118e-13 2622
0.8 2.497604031746579e-14 3.562959504148465e-13 3338
0.85 2.919806068951393e-14 4.581174827480403e-13 3722
0.9 3.204156619170004e-14 5.97119358684192e-13 4170
0.95 3.567690544262548e-14 6.567899457805438e-13 4358
1 4.149942231503802e-14 8.203414078268095e-13 5034
1.05 4.515874149721804e-14 1.038085575950494e-12 5714
1.1 4.856819290105569e-14 1.234848713874221e-12 5982
1.15 5.385553146031994e-14 1.418229244970887e-12 6602
1.2 5.874849252236301e-14 1.651694643008925e-12 7130
1.25 6.707417785153989e-14 2.034521080808233e-12 8034
1.3 7.646301948394527e-14 2.327280704171225e-12 8606
1.35 7.624612641168282e-14 2.618399843963525e-12 9066
1.4 9.163105925049706e-14 3.021905854586112e-12 9962
1.45 9.513843609268929e-14 3.347053661407898e-12 10550
1.5 1.060916634781543e-13 3.739739063303289e-12 11226
1.55 1.150612340480248e-13 4.370785086815731e-12 12146
1.6 1.181578181675076e-13 4.581580837132966e-12 12303
1.65 1.211515453678278e-13 4.894317431340913e-12 12584
1.7 1.188041386761989e-13 5.029169706507229e-12 12120
1.75 1.143577145027118e-13 4.754866006794004e-12 11180
1.8 1.078949708278347e-13 5.28442764234171e-12 11096
1.85 9.779282237491972e-14 4.915873855092322e-12 10056
1.9 9.656424794112179e-14 4.993750071265238e-12 9716
1.95 8.470536621296477e-14 4.709613812334603e-12 8604
2 4.191106993002767e-14 2.231444072387107e-12 8060
2.05 2.486701741074766e-42 1.472741050095999e-40 7320
2.1 2.184354219656789e-42 1.2963131281125e-40 6356
2.15 1.831332322148162e-42 1.132238086774634e-40 5348
2.2 1.489889402277233e-42 9.263959563461415e-41 4308
2.25 1.24171954120467e-42 7.478302828545655e-41 3563
2.3 8.372148900205345e-43 5.737578670699647e-41 2448
2.35 6.449465320806212e-43 4.365674786750771e-41 1868
2.4 4.497067755315323e-43 3.405476001677319e-41 1358
2.45 3.473090458969978e-43 2.543139861297106e-41 1062
2.5 2.503570341212998e-43 1.930833989142513e-41 776
2.55 1.452965818701363e-43 1.190308979755861e-41 432
2.6 6.605623429541773e-44 6.276799862359316e-42 200
2.65 4.530098066726445e-44 4.776056185983936e-42 168
2.7 2.059112666553499e-44 1.505431476583305e-42 56
2.75 1.781748113380572e-45 2.285421628593625e-43 7

0.05 5.839139289618423e-17 1.220339938762033e-17 18
0.1 4.319157705549172e-16 9.58987591855939e-17 62
0.15 5.483498672153854e-16 4.657126336281958e-16 98
0.2 1.331044642629399e-15 1.293717858659668e-15 210
0.25 2.51416845360147e-15 4.42707307510148e-15 350
0.3 2.906622054360457e-15 6.708432595279227e-15 450
0.35 4.516509515291085e-15 1.253256749997512e-14 602
0.4 5.343689911461375e-15 1.970134380188213e-14 762
0.45 6.838436211369741e-15 3.616575552380985e-14 1142
0.5 8.301545378633211e-15 5.077361041742872e-14 1250
0.55 1.0484270658453e-14 7.37384301334031e-14 1458
0.6 1.234025622654442e-14 1.084615685657841e-13 1814
0.65 1.496714920743718e-14 1.540749192185336e-13 2178
0.7 1.65555826002617e-14 2.005425290750573e-13 2498
0.75 1.829387347968872e-14 2.422626889017794e-13 2622
0.8 2.346942147251075e-14 3.353746414198465e-13 3338
0.85 2.686774255017422e-14 4.424378895157272e-13 3722
0.9 3.089252698864869e-14 5.511630938423196e-13 4170
0.95 3.3521153007947e-14 6.197204890267233e-13 4358
1 3.69562905964478e-14 8.192758628551289e-13 5034
1.05 4.188178914406123e-14 9.937013265056283e-13 5714
1.1 4.73105432345318e-14 1.127176150524071e-12 5982
1.15 5.12180592607647e-14 1.322377293764318e-12 6602
1.2 5.411947436326547e-14 1.592213619436459e-12 7130
1.25 6.328908056292625e-14 1.91222731756325e-12 8034
1.3 6.995350850646897e-14 2.252845046052685e-12 8606
1.35 7.309001668615509e-14 2.425758906782459e-12 9066
1.4 8.26502906840563e-14 2.972752155080615e-12 9962
1.45 8.75426362658337e-14 3.21618445124733e-12 10550
1.5 9.573386339053091e-14 3.681870360369416e-12 11226
1.55 1.065042821173021e-13 4.181916373522195e-12 12146
1.6 1.110444639924622e-13 4.30905669272616e-12 12303
1.65 1.112166331998647e-13 4.734219674220599e-12 12584
1.7 1.071165790128484e-13 4.93564351623698e-12 12120
1.75 1.002654509264591e-13 4.824038928814883e-12 11180
1.8 1.009797919472973e-13 5.013990626659209e-12 11096
1.85 9.151663554196486e-14 4.665950129345968e-12 10056
1.9 9.001433486545941e-14 4.748447540082309e-12 9716
1.95 7.81815990176386e-14 4.533621323104523e-12 8604
2 3.878008823627063e-14 2.137080733800007e-12 8060
2.05 2.416888843254359e-42 1.432449055309369e-40 7320
2.1 2.054540245706754e-42 1.307169212663362e-40 6356
2.15 1.778231553151817e-42 1.104549923093035e-40 5348
2.2 1.420139402660936e-42 9.199554447215099e-41 4308
2.25 1.160690303136992e-42 7.488328968503597e-41 3563
2.3 7.899815854451032e-43 5.67300192696874e-41 2448
2.35 5.895057306167032e-43 4.549556019138055e-41 1868
2.4 4.445784248424577e-43 3.297234815175514e-41 1358
2.45 3.28194481382085e-43 2.57021992141549e-41 1062
2.5 2.385410464187162e-43 1.919383878198626e-41 776
2.55 1.458646639045183e-43 1.158820803163452e-41 432
2.6 6.753509490390993e-44 6.198780217625582e-42 200
2.65 4.959587400347355e-44 4.285730563199071e-42 168
2.7 1.799255123254178e-44 1.532103207475236e-42 56
2.75 2.537008199053282e-45 1.630723765497785e-43 7

0.05 8.565472246618019e-17 6.580315752940097e-18 18
0.1 4.51328422272221e-16 7.90450433510053e-17 62
0.15 5.274117697020356e-16 4.238978515418152e-16 98
0.2 1.281691067049112e-15 1.158855572573807e-15 210
0.25 2.355607479700038e-15 4.205206248770952e-15 350
0.3 2.503401800979741e-15 6.821321104241234e-15 450
0.35 3.919211288515216e-15 1.2826824468382e-14 602
0.4 4.759132267591434e-15 1.973129849436451e-14 762
0.45 6.642433501098422e-15 3.314177377651046e-14 1142
0.5 7.798264185596166e-15 4.816838759718719e-14 1250
0.55 9.173023516257953e-15 7.534788523307497e-14 1458
0.6 1.19488288793249e-14 9.962952898719569e-14 1814
0.65 1.398741891326684e-14 1.468550820568361e-13 2178
0.7 1.612155037917666e-14 1.834451288027696e-13 2498
0.75 1.663175680221537e-14 2.371713272443381e-13 2622
0.8 2.097599893030311e-14 3.347554009529592e-13 3338
0.85 2.470804817641597e-14 4.284065240704747e-13 3722
0.9 2.829342522921264e-14 5.355051964858897e-13 4170
0.95 3.064687690572344e-14 6.052447710062898e-13 4358
1 3.516012400065934e-14 7.667589244541474e-13 5034
1.05 3.828422523988105e-14 9.668286128080969e-13 5714
1.1 4.306279554544917e-14 1.100242550731406e-12 5982
1.15 4.565004511616997e-14 1.321660359051929e-12 6602
1.2 5.065700565329387e-14 1.516512409176601e-12 7130
1.25 5.858994675069809e-14 1.843047901820815e-12 8034
1.3 6.431367195778399e-14 2.186398600557964e-12 8606
1.35 6.879513458437961e-14 2.301170165348012e-12 9066
1.4 7.856001830142897e-14 2.796550193016213e-12 9962
1.45 8.166495740836579e-14 3.081724005754973e-12 10550
1.5 8.805644681125354e-14 3.557595904286581e-12 11226
1.55 9.918634965078194e-14 4.002434504011275e-12 12146
1.6 1.009583021713533e-13 4.247012873422469e-12 12303
1.65 1.042056527400868e-13 4.511061454010199e-12 12584
1.7 9.841067039675272e-14 4.782373992827133e-12 12120
1.75 9.245119871828666e-14 4.649865228107809e-12 11180
1.8 9.218479653231619e-14 4.886450458401518e-12 11096
1.85 8.64282803756873e-14 4.390858657948854e-12 10056
1.9 8.386914397626318e-14 4.549034511679195e-12 9716
1.95 7.293592145884834e-14 4.322058914027176e-12 8604
2 3.483544716910963e-14 2.124903332988054e-12 8060
2.05 2.257720010189041e-42 1.452972095931532e-40 7320
2.1 1.944616543283892e-42 1.29779981289509e-40 6356
2.15 1.696960817227231e-42 1.089962468874588e-40 5348
2.2 1.349774037021978e-42 9.275450841015502e-41 4308
2.25 1.076925709241089e-42 7.662980769029712e-41 3563
2.3 7.517582290709286e-43 5.566864302388287e-41 2448
2.35 5.742969794714852e-43 4.474688267186784e-41 1868
2.4 3.992223923497014e-43 3.395418978688374e-41 1358
2.45 3.113477244692348e-43 2.581878000583762e-41 1062
2.5 2.30908313264578e-43 1.860488676402084e-41 776
2.55 1.469243041530636e-43 1.147399755206635e-41 432
2.6 7.330923303780917e-44 5.325896750696744e-42 200
2.65 5.522033753325753e-44 3.760708741398777e-42 168
2.7 1.597308327644974e-44 1.321514778716276e-42 56
2.75 1.565617489526202e-45 1.705484460666379e-43 7

0.05 6.836380009467786e-17 9.444218397465418e-18 18
0.1 4.332084345019507e-16 7.269212282433739e-17 62
0.15 5.804232305105191e-16 3.470297193505892e-16 98
0.2 1.122830428978263e-15 1.217243633347264e-15 210
0.25 2.108206838630714e-15 4.19228877176383e-15 350
0.3 2.61068369552144e-15 5.895954314422498e-15 450
0.35 3.394646566580932e-15 1.310042263551023e-14 602
0.4 4.229909764120307e-15 1.978743670436465e-14 762
0.45 5.871378681614252e-15 3.347298553914437e-14 1142
0.5 7.117663313728371e-15 4.724175395912909e-14 1250
0.55 8.769719770514623e-15 7.032912012027282e-14 1458
0.6 1.056715343065079e-14 1.00474617699928e-13 1814
0.65 1.293287745313185e-14 1.419035364720569e-13 2178
0.7 1.392023326514654e-14 1.893599928249382e-13 2498
0.75 1.563556954124648e-14 2.253191117589131e-13 2622
0.8 2.010975431412251e-14 3.113137330522735e-13 3338
0.85 2.329507822984533e-14 4.052693174338329e-13 3722
0.9 2.609487173440015e-14 5.174972864494632e-13 4170
0.95 2.859974517630916e-14 5.778765812722002e-13 4358
1 3.207971785791815e-14 7.497848993605053e-13 5034
1.05 3.672480825011615e-14 9.011794104891276e-13 5714
1.1 3.996220139974989e-14 1.05850038753446e-12 5982
1.15 4.320406286879327e-14 1.246895387703451e-12 6602
1.2 4.7456150251219e-14 1.442523530857743e-12 7130
1.25 5.389193640660575e-14 1.787959376709397e-12 8034
1.3 6.064963143717554e-14 2.074823837662711e-12 8606
1.35 6.275632861638088e-14 2.254378006683321e-12 9066
1.4 7.303037656030116e-14 2.676744230523325e-12 9962
1.45 7.725997545177908e-14 2.907071219542771e-12 10550
1.5 8.455536059419432e-14 3.313484365893172e-12 11226
1.55 9.300880163536978e-14 3.813520282677133e-12 12146
1.6 9.407991916586354e-14 4.051632820831732e-12 12303
1.65 9.510746439698919e-14 4.414387006631948e-12 12584
1.7 9.120485752465941e-14 4.605018914415408e-12 12120
1.75 8.67619586043322e-14 4.425229219463276e-12 11180
1.8 8.774652561154854e-14 4.587635922366246e-12 11096
1.85 7.749724344596286e-14 4.381831284597291e-12 10056
1.9 7.513964589410813e-14 4.533030406532599e-12 9716
1.95 6.662994400124428e-14 4.228637942244402e-12 8604
2 3.278788601119888e-14 2.015133418206138e-12 8060
2.05 2.155402687479461e-42 1.455020331009104e-40 7320
2.1 1.930227483788388e-42 1.244577840653523e-40 6356
2.15 1.611776806968228e-42 1.096319128874328e-40 5348
2.2 1.314120718641153e-42 9.082905306058182e-41 4308
2.25 1.012846794412074e-42 7.737858334632296e-41 3563
2.3 7.366649080957995e-43 5.406180335999143e-41 2448
2.35 5.399028392671213e-43 4.499495376872198e-41 1868
2.4 3.924722122917804e-43 3.250079405143981e-41 1358
2.45 3.014737208886461e-43 2.543983569339063e-41 1062
2.5 2.249945931588942e-43 1.844002574729326e-41 776
2.55 1.386103517116878e-43 1.109583271872066e-41 432
2.6 6.58551954263112e-44 5.572971449215604e-42 200
2.65 4.946096288507177e-44 3.675148775630372e-42 168
2.7 1.167311533575575e-44 1.596702459941652e-42 56
2.75 1.980904824097187e-45 1.038430734322174e-43 7

0.05 5.174689218643899e-17 9.07273677605612e-18 18
0.1 3.632855606560021e-16 8.073263135864512e-17 62
0.15 4.932507489005518e-16 3.772212261625294e-16 98
0.2 9.232036812882024e-16 1.334035007572806e-15 210
0.25 1.883502702867206e-15 4.190514658858122e-15 350
0.3 2.074098311828105e-15 6.619489351948615e-15 450
0.35 3.226172122309011e-15 1.242701995607934e-14 602
0.4 3.97522021463148e-15 1.87940699982928e-14 762
0.45 5.342549980174083e-15 3.291975987817153e-14 1142
0.5 6.495366454586249e-15 4.636855002253688e-14 1250
0.55 8.145000620332662e-15 6.787591676414844e-14 1458
0.6 9.757475900493056e-15 9.763393837225726e-14 1814
0.65 1.197715542997464e-14 1.3750656457171e-13 2178
0.7 1.386044426822625e-14 1.711192418110696e-13 2498
0.75 1.488891922833636e-14 2.121612580109365e-13 2622
0.8 1.861277772602669e-14 3.02289337883558e-13 3338
0.85 2.143079699509254e-14 3.949340952240574e-13 3722
0.9 2.473012298328888e-14 4.901307334476893e-13 4170
0.95 2.49982749810275e-14 5.925679856210247e-13 4358
1 2.938064800653973e-14 7.334866606297972e-13 5034
1.05 3.418857775693861e-14 8.665562741308541e-13 5714
1.1 3.66598005076102e-14 1.036012817389452e-12 5982
1.15 4.021707324602894e-14 1.201453925365906e-12 6602
1.2 4.502405156746359e-14 1.367703910980382e-12 7130
1.25 5.021170456864006e-14 1.720247689718536e-12 8034
1.3 5.635316659844506e-14 2.004777866801427e-12 8606
1.35 5.69934654534148e-14 2.221392996661702e-12 9066
1.4 6.605250365319574e-14 2.655384180398408e-12 9962
1.45 7.081437215710634e-14 2.847592961868699e-12 10550
1.5 7.658763653556491e-14 3.280484067170896e-12 11226
1.55 8.643656734943629e-14 3.674414196684265e-12 12146
1.6 8.745712466488292e-14 3.909870776689376e-12 12303
1.65 8.815873062618576e-14 4.270534920634589e-12 12584
1.7 8.403808800062047e-14 4.46948098971813e-12 12120
1.75 7.964953705986112e-14 4.318976588600243e-12 11180
1.8 8.146588582995603e-14 4.432816274138423e-12 11096
1.85 7.015500477331456e-14 4.332661265799678e-12 10056
1.9 7.043069430855479e-14 4.333753531045594e-12 9716
1.95 6.459640712306768e-14 3.908541315663361e-12 8604
2 3.001879373791475e-14 1.964641020247383e-12 8060
2.05 2.106640107059801e-42 1.402473058140921e-40 7320
2.1 1.807873376462651e-42 1.255857800421981e-40 6356
2.15 1.563569899165452e-42 1.066540326322878e-40 5348
2.2 1.254552758182668e-42 9.060272488473187e-41 4308
2.25 9.964125562428436e-43 7.348432132721599e-41 3563
2.3 6.782198781198846e-43 5.626078580330358e-41 2448
2.35 5.590895895456503e-43 4.154509611879514e-41 1868
2.4 3.956415340572846e-43 3.156109706137329e-41 1358
2.45 2.892323997192023e-43 2.521023732575973e-41 1062
2.5 2.139960378253218e-43 1.848574151047311e-41 776
2.55 1.32380116880616e-43 1.091889701631978e-41 432
2.6 6.248876119304904e-44 5.408206530996901e-42 200
2.65 4.78261469950248e-44 3.701617418367903e-42 168
2.7 1.147223601670407e-44 1.487161952713637e-42 56
2.75 1.774141735672364e-45 1.232026634198555e-43 7

0.05 8.118169418705306e-17 5.377333788659588e-18 18
0.1 3.01699627758503e-16 8.933856786078844e-17 62
0.15 4.884503130485047e-16 3.340500289865506e-16 98
0.2 7.888105914421189e-16 1.361281398458322e-15 210
0.25 1.85552220686898e-15 3.836784564789266e-15 350
0.3 2.154800857835486e-15 5.778942619580169e-15 450
0.35 3.067160085751849e-15 1.180975419226537e-14 602
0.4 3.858629480699553e-15 1.748055919657968e-14 762
0.45 5.321849540657138e-15 2.985710552885923e-14 1142
0.5 5.928898451288286e-15 4.559590808133448e-14 1250
0.55 7.491127040260157e-15 6.622187222742765e-14 1458
0.6 9.07680978453484e-15 9.448753888457693e-14 1814
0.65 1.127276987619698e-14 1.310918541804035e-13 2178
0.7 1.250964149328263e-14 1.701700382558092e-13 2498
0.75 1.410119123936672e-14 2.008899217998816e-13 2622
0.8 1.702029536002977e-14 2.96616152703752e-13 3338
0.85 2.006627742717388e-14 3.786521270835083e-13 3722
0.9 2.284280363051638e-14 4.771459597535968e-13 4170
0.95 2.349941491511845e-14 5.662791645723718e-13 4358
1 2.798197611580112e-14 6.928841217938557e-13 5034
1.05 3.036727261007197e-14 8.763555473976135e-13 5714
1.1 3.324174492926792e-14 1.024138944751918e-12 5982
1.15 3.790944623095985e-14 1.144676326460682e-12 6602
1.2 4.08030134479748e-14 1.351681103623673e-12 7130
1.25 4.689489610642612e-14 1.651917011257184e-12 8034
1.3 5.209317648721199e-14 1.945160765831965e-12 8606
1.35 5.319169517516044e-14 2.133079766718561e-12 9066
1.4 6.088453032156112e-14 2.588557280843187e-12 9962
1.45 6.608625513434781e-14 2.741908106264943e-12 10550
1.5 7.198318240949409e-14 3.133190170239435e-12 11226
1.55 8.027213020116371e-14 3.56006445519119e-12 12146
1.6 7.84036042530573e-14 3.906141500692692e-12 12303
1.65 8.281299336342707e-14 4.073145055760591e-12 12584
1.7 8.087959475882192e-14 4.191320101220734e-12 12120
1.75 7.58411081034491e-14 4.083334232931347e-12 11180
1.8 7.581273000072053e-14 4.28215635540057e-12 11096
1.85 6.788989479950896e-14 4.023181588531486e-12 10056
1.9 6.671334810038529e-14 4.104312314011001e-12 9716
1.95 5.796817009107393e-14 3.91210293706272e-12 8604
2 2.736569695195446e-14 1.939153887480076e-12 8060
2.05 2.034945176991054e-42 1.385547995235458e-40 7320
2.1 1.749849706451991e-42 1.227868376505915e-40 6356
2.15 1.457984692026088e-42 1.078005554791392e-40 5348
2.2 1.180924167281849e-42 9.022682118256001e-41 4308
2.25 9.599234823516877e-43 7.29077541177133e-41 3563
2.3 6.79673152798478e-43 5.376733646065539e-41 2448
2.35 5.006912115104889e-43 4.331851929423643e-41 1868
2.4 3.753194121442032e-43 3.13798275840697e-41 1358
2.45 2.772492173507104e-43 2.514827936594589e-41 1062
2.5 2.053637554989162e-43 1.804890903793998e-41 776
2.55 1.254003454168242e-43 1.066668005390448e-41 432
2.6 6.025515930813655e-44 5.279745379617926e-42 200
2.65 4.402845246264188e-44 3.614125338693232e-42 168
2.7 1.528069628307147e-44 1.090949909853811e-42 56
2.75 7.558174858589981e-46 1.612326030102237e-43 7

0.05 3.0965709695931e-17 1.089276845325099e-17 18
0.1 2.720077202182588e-16 9.191208748013516e-17 62
0.15 4.046608528780165e-16 3.610046357839925e-16 98
0.2 9.452084200413421e-16 1.07781374394859e-15 210
0.25 1.900266780292121e-15 3.39706539274132e-15 350
0.3 1.978418109380351e-15 5.600360431932498e-15 450
0.35 2.931511642949353e-15 1.115474657926501e-14 602
0.4 3.400604053856928e-15 1.79447678008153e-14 762
0.45 4.84637126627158e-15 2.953540748575186e-14 1142
0.5 5.716973119903423e-15 4.258440231249283e-14 1250
0.55 7.154961336727421e-15 6.247031213400493e-14 1458
0.6 8.301190565528921e-15 9.311715377207437e-14 1814
0.65 1.032465614459333e-14 1.288506588938528e-13 2178
0.7 1.140819358518786e-14 1.67950113601181e-13 2498
0.75 1.229208576675286e-14 2.081203232368139e-13 2622
0.8 1.568629151463521e-14 2.899378291861636e-13 3338
0.85 1.860448040951603e-14 3.68160898981044e-13 3722
0.9 2.14716350679592e-14 4.572623804353886e-13 4170
0.95 2.282509373755972e-14 5.260165205609192e-13 4358
1 2.675799547479323e-14 6.524366504861924e-13 5034
1.05 3.00948441989906e-14 7.958181449148492e-13 5714
1.1 3.285867481890069e-14 9.357400322929746e-13 5982
1.15 3.417272096613506e-14 1.142582906344395e-12 6602
1.2 3.820482240954909e-14 1.302843368744187e-12 7130
1.25 4.397322221456639e-14 1.589679551528072e-12 8034
1.3 4.848394614627089e-14 1.877971563562195e-12 8606
1.35 4.922082724602315e-14 2.077858433307741e-12 9066
1.4 5.678886089966178e-14 2.496998920426683e-12 9962
1.45 6.20576200108129e-14 2.626121266738198e-12 10550
1.5 6.58703482706825e-14 3.08401346891658e-12 11226
1.55 7.257608588515968e-14 3.549516727019976e-12 12146
1.6 7.497979003191763e-14 3.685426447564899e-12 12303
1.65 7.675593499535736e-14 3.971908014258004e-12 12584
1.7 7.334897102748451e-14 4.155673742197876e-12 12120
1.75 7.172700662839097e-14 3.885278884109015e-12 11180
1.8 6.864899826875203e-14 4.242899351687967e-12 11096
1.85 6.432647914812413e-14 3.824333053605199e-12 10056
1.9 6.119502545491374e-14 4.029759162237293e-12 9716
1.95 5.539242066583269e-14 3.6964401847009e-12 8604
2 2.565657971362173e-14 1.868281724040645e-12 8060
2.05 1.941855703039018e-42 1.380594997037268e-40 7320
2.1 1.659160420082392e-42 1.234810798048892e-40 6356
2.15 1.401023907010164e-42 1.06571297625036e-40 5348
2.2 1.13613541234413e-42 9.005880959402799e-41 4308
2.25 9.015318500609576e-43 7.473554512318918e-41 3563
2.3 6.664412059829322e-43 5.261502363635261e-41 2448
2.35 4.946324613653034e-43 4.16405859063478e-41 1868
2.4 3.690390744646356e-43 3.078769023394098e-41 1358
2.45 2.618893293311613e-43 2.515491480697828e-41 1062
2.5 1.960985297073622e-43 1.85323043492256e-41 776
2.55 1.089903885780239e-43 1.163019832327244e-41 432
2.6 5.662235271105687e-44 5.438481416455087e-42 200
2.65 3.905080765360177e-44 4.093692963612713e-42 168
2.7 1.059693145275133e-44 1.405238555579898e-42 56
2.75 1.505786793882578e-45 9.496804746882124e-44 7

0.05 6.8160307030756e-17 5.116103560406977e-18 18
0.1 2.482099985550797e-16 9.357473429469611e-17 62
0.15 4.098762616776632e-16 3.332701997775437e-16 98
0.2 7.796354497462469e-16 1.152501357139393e-15 210
0.25 1.876854543072635e-15 3.075582066463183e-15 350
0.3 2.070122822143819e-15 4.798567867690343e-15 450
0.35 2.896029870414354e-15 1.009302954612606e-14 602
0.4 3.431917550136991e-15 1.587630598391754e-14 762
0.45 4.350958494669565e-15 2.956150824866044e-14 1142
0.5 5.217869576894694e-15 4.229056369104501e-14 1250
0.55 6.853861745735194e-15 5.881630416695655e-14 1458
0.6 7.780785949133427e-15 8.970164518857046e-14 1814
0.65 9.728892728466261e-15 1.239166186212916e-13 2178
0.7 1.090086529768394e-14 1.588196834796547e-13 2498
0.75 1.218608782410874e-14 1.891089022813165e-13 2622
0.8 1.476313313935997e-14 2.783003098856648e-13 3338
0.85 1.685378256486624e-14 3.66904402661737e-13 3722
0.9 1.9780530746915e-14 4.48124512787847e-13 4170
0.95 2.143327634335351e-14 5.056124847707972e-13 4358
1 2.424866426857331e-14 6.510306797750007e-13 5034
1.05 2.730778644773372e-14 7.938171894858877e-13 5714
1.1 2.953438680057808e-14 9.395497022629808e-13 5982
1.15 3.23788349373165e-14 1.094078790718135e-12 6602
1.2 3.507576428718398e-14 1.278439089336764e-12 7130
1.25 4.177447211716676e-14 1.513622263531806e-12 8034
1.3 4.426137693417267e-14 1.850027641600201e-12 8606
1.35 4.708510013397443e-14 1.96644468909134e-12 9066
1.4 5.450181895680229e-14 2.354814311750631e-12 9962
1.45 5.742113445675861e-14 2.550643428691453e-12 10550
1.5 6.279315140590955e-14 2.921205429124988e-12 11226
1.55 6.807131145492934e-14 3.409413029801553e-12 12146
1.6 6.986958311612574e-14 3.580974620002864e-12 12303
1.65 7.264401214415903e-14 3.782892869088876e-12 12584
1.7 6.893484849964774e-14 3.987348241563011e-12 12120
1.75 6.431192146337322e-14 3.915340317415169e-12 11180
1.8 6.635533088320337e-14 3.983012211792446e-12 11096
1.85 5.778855813878432e-14 3.841067678862451e-12 10056
1.9 5.837184961335913e-14 3.822344720676389e-12 9716
1.95 4.98831266256798e-14 3.694790530050063e-12 8604
2 2.447453437389373e-14 1.770314609696129e-12 8060
2.05 1.889881527018823e-42 1.348967286750472e-40 7320
2.1 1.638285646610796e-42 1.199805445314379e-40 6356
2.15 1.332381503461071e-42 1.070663039397144e-40 5348
2.2 1.133952219802558e-42 8.651906549555476e-41 4308
2.25 8.782352121493112e-43 7.312627664654323e-41 3563
2.3 6.08750150676363e-43 5.541891830241029e-41 2448
2.35 4.617413091680345e-43 4.300772055189595e-41 1868
2.4 3.411960494541503e-43 3.171705023122412e-41 1358
2.45 2.579001538375354e-43 2.412376750582318e-41 1062
2.5 1.851101722617159e-43 1.863412561185651e-41 776
2.55 1.120526998143608e-43 1.090953249307266e-41 432
2.6 5.093185027204508e-44 5.980010856322455e-42 200
2.65 3.524582714894226e-44 4.325512702581357e-42 168
2.7 1.103336580188527e-44 1.394247963915109e-42 56
2.75 1.915114432799137e-45 7.330022898125515e-44 7

0.05 4.749831203108147e-17 7.13504654313171e-18 18
0.1 2.192509290991102e-16 9.646057583644673e-17 62
0.15 4.271763838720157e-16 2.718668417458159e-16 98
0.2 6.740788893998349e-16 1.185807172530576e-15 210
0.25 1.518817899217568e-15 3.476374197980209e-15 350
0.3 1.737718799992965e-15 5.223906899100127e-15 450
0.35 2.52217340490261e-15 1.057968914046385e-14 602
0.4 3.120899463935365e-15 1.595029373851131e-14 762
0.45 4.05751600830696e-15 2.866165567166426e-14 1142
0.5 5.12544160035169e-15 3.892634116439328e-14 1250
0.55 6.365918175517584e-15 5.743405537707792e-14 1458
0.6 7.616125715762421e-15 8.290823875220092e-14 1814
0.65 8.794613179706581e-15 1.237423979922185e-13 2178
0.7 1.03712920307011e-14 1.514183997730529e-13 2498
0.75 1.089990496670937e-14 1.920022237686769e-13 2622
0.8 1.420597045314573e-14 2.622019140829785e-13 3338
0.85 1.620304674671432e-14 3.454812146794074e-13 3722
0.9 1.864044569418773e-14 4.30802937555064e-13 4170
0.95 1.987346444144566e-14 4.942884097194357e-13 4358
1 2.315655523750813e-14 6.175792877276854e-13 5034
1.05 2.553904296768689e-14 7.693822028482234e-13 5714
1.1 2.761852784619057e-14 9.135212948835562e-13 5982
1.15 3.066530307614201e-14 1.04572913098381e-12 6602
1.2 3.360866707722473e-14 1.21245856976016e-12 7130
1.25 3.931128006256282e-14 1.45848588362711e-12 8034
1.3 4.28776617001685e-14 1.738090266826814e-12 8606
1.35 4.456785566586761e-14 1.889465085102079e-12 9066
1.4 5.193335706012854e-14 2.244585316819269e-12 9962
1.45 5.417418200175954e-14 2.471977297361786e-12 10550
1.5 5.89840765489508e-14 2.82177041523729e-12 11226
1.55 6.556713350106301e-14 3.221329359881836e-12 12146
1.6 6.574540594328879e-14 3.438218074353201e-12 12303
1.65 6.740947813321143e-14 3.699995499161887e-12 12584
1.7 6.587426756072543e-14 3.796107634846725e-12 12120
1.75 6.039514291394797e-14 3.778963967252445e-12 11180
1.8 6.112577073560096e-14 3.916536004969642e-12 11096
1.85 5.499630101290166e-14 3.662520847620967e-12 10056
1.9 5.191307556378342e-14 3.886345116064117e-12 9716
1.95 4.844640060230868e-14 3.450406772202688e-12 8604
2 2.300773728279807e-14 1.701242019262558e-12 8060
2.05 1.776568076977013e-42 1.362750348607542e-40 7320
2.1 1.540960152211399e-42 1.220723455574087e-40 6356
2.15 1.30802054247601e-42 1.040013767757862e-40 5348
2.2 1.091509118339776e-42 8.719152650750656e-41 4308
2.25 8.477466716466619e-43 7.239256225050411e-41 3563
2.3 6.100224676121532e-43 5.268844918856991e-41 2448
2.35 4.593672754616869e-43 4.142028333973065e-41 1868
2.4 3.303129355645927e-43 3.186180715638934e-41 1358
2.45 2.333522572871097e-43 2.519249258594629e-41 1062
2.5 1.859828025176968e-43 1.799788378782116e-41 776
2.55 1.079440307093016e-43 1.083997282426315e-41 432
2.6 4.847712402131479e-44 5.931065057401915e-42 200
2.65 3.405844025867701e-44 4.168204057157354e-42 168
2.7 9.50731953474976e-45 1.522222120471813e-42 56
2.75 1.335705719813849e-45 1.077812309859656e-43 7

0.05 3.312267737145575e-17 9.003524534378647e-18 18
0.1 2.017660997528829e-16 9.450286636467035e-17 62
0.15 2.717368694023526e-16 3.892147424202852e-16 98
0.2 7.261576062378729e-16 1.034739124766864e-15 210
0.25 1.364727978410789e-15 3.455989739199481e-15 350
0.3 1.632681511781101e-15 5.090644508737472e-15 450
0.35 2.262720177307468e-15 1.071176668242944e-14 602
0.4 2.754689169018999e-15 1.633096677532594e-14 762
0.45 3.780917987119772e-15 2.793304215316642e-14 1142
0.5 4.51408606843102e-15 4.00343796474097e-14 1250
0.55 5.762422280923589e-15 5.775071241091314e-14 1458
0.6 6.749813159685285e-15 8.496222673407495e-14 1814
0.65 8.694134074553544e-15 1.139625271793105e-13 2178
0.7 9.802797674702996e-15 1.452809765429841e-13 2498
0.75 1.040318352669491e-14 1.829140512119215e-13 2622
0.8 1.31083976199548e-14 2.575567191475093e-13 3338
0.85 1.473253836214787e-14 3.445854901595596e-13 3722
0.9 1.746077199301285e-14 4.179101435076347e-13 4170
0.95 1.848888111742747e-14 4.829977606508233e-13 4358
1 2.147125129510882e-14 6.045000032994306e-13 5034
1.05 2.375524412465605e-14 7.49629265707562e-13 5714
1.1 2.628457034092732e-14 8.658155918007528e-13 5982
1.15 2.936285508809017e-14 9.899711833585821e-13 6602
1.2 3.169652950784638e-14 1.165539412595447e-12 7130
1.25 3.63644784203469e-14 1.42507503338006e-12 8034
1.3 4.083908758363458e-14 1.657998265535534e-12 8606
1.35 4.222603183339609e-14 1.801553791615634e-12 9066
1.4 4.855427843170603e-14 2.172925954168191e-12 9962
1.45 5.064913275261146e-14 2.393086754629605e-12 10550
1.5 5.513296877662019e-14 2.750345386368162e-12 11226
1.55 6.097479945595682e-14 3.128823533322448e-12 12146
1.6 6.257721513104227e-14 3.282608508599946e-12 12303
1.65 6.362495937080245e-14 3.544926734495708e-12 12584
1.7 6.21533651427065e-14 3.657881965330063e-12 12120
1.75 5.665635422162825e-14 3.653352520408648e-12 11180
1.8 5.79300600725019e-14 3.743054707569846e-12 11096
1.85 5.253660086433287e-14 3.472467391290711e-12 10056
1.9 5.132177472106095e-14 3.574395026042183e-12 9716
1.95 4.624593791036241e-14 3.285551829473503e-12 8604
2 2.093628175400397e-14 1.698691520652919e-12 8060
2.05 1.711315229307562e-42 1.35428034968192e-40 7320
2.1 1.469019753301811e-42 1.220681351930345e-40 6356
2.15 1.226384596858785e-42 1.049800191295988e-40 5348
2.2 1.039410484517665e-42 8.726898647536013e-41 4308
2.25 7.754420990717681e-43 7.58404609672381e-41 3563
2.3 5.681260529355829e-43 5.354642620562305e-41 2448
2.35 4.504361597014095e-43 4.04957624825292e-41 1868
2.4 3.153386266827226e-43 3.136301603621455e-41 1358
2.45 2.225782698732461e-43 2.583923529863306e-41 1062
2.5 1.683673745367604e-43 1.91571889544187e-41 776
2.55 1.014212694503721e-43 1.078962174032045e-41 432
2.6 5.398069167243295e-44 5.139956162821335e-42 200
2.65 3.983720831486648e-44 3.548175096312992e-42 168
2.7 1.343781036002389e-44 1.117420223097643e-42 56
2.75 1.069685860148972e-45 1.448581819818874e-43 7

