#t    E^kin_scal0    E^grad_scal0    E^kin_scal1    E^grad_scal1    Vpot_term_0    Vpot_term_1    E_tot
0    0.180772309552672    9.16519317618955e-09    1.91480025318028e-07    6.80355624209328e-10    0.361544577973591    1.95965744169416e-07    0.542317284817582
0.5    0.161279835676752    4.75929404992555e-09    7.79938671479768e-08    3.17751880742992e-10    0.163426184592921    8.52504107567858e-08    0.324706188590996
1    0.118048866854047    2.35530392106046e-09    3.30483663947546e-08    1.63419849832984e-10    0.0453440612727129    3.13334943452622e-08    0.163392995027344
1.49999999999999    0.0695612117225499    1.23747578573529e-09    1.1799277514839e-08    1.29612733199304e-10    0.00588341932327137    1.19577576687839e-08    0.075444656169945
1.99999999999998    0.0368097741370026    7.61856123339444e-10    3.61568709804345e-09    1.59897658710831e-10    0.000150966026949869    2.90755370474505e-09    0.0369607476089471
2.49999999999997    0.0204305919553357    5.1159893312332e-10    8.26103686732018e-10    3.99291602719903e-10    5.77694817669476e-07    6.65946346075727e-10    0.020431172053094
2.99999999999996    0.0120857003006706    3.6832091319034e-10    3.11788848602453e-09    6.09671563711874e-11    0.000411629533081044    2.48126461967852e-09    0.0124973358621928
3.49999999999995    0.0056988998795963    2.75884524746291e-10    3.18417771137015e-09    2.75749114443008e-11    0.00296618253615752    4.34936215881605e-09    0.00866509025275313
3.99999999999994    0.000713336165831411    2.09370438467118e-10    3.62305004563922e-09    1.59773771394587e-11    0.00676422151769118    3.90170777000073e-09    0.00747756543362822
4.49999999999993    0.00071812800115147    1.58581916379795e-10    2.56848245580421e-09    1.18687711261117e-11    0.00665705758371114    3.60520137274017e-09    0.00737519192899712
4.99999999999992    0.00355119708774773    1.18609801519621e-10    1.81632635240746e-09    9.70156473657836e-12    0.00287107103830996    2.1437108345766e-09    0.00642227221440624
5.4999999999999    0.00421366396024804    9.01617166617731e-11    9.8936590589102e-10    1.07846126646563e-11    0.000491176664453183    1.0592555413167e-09    0.004704842774269
5.99999999999989    0.00326291320969709    7.03220925682988e-11    3.64359423213822e-10    1.69498716828052e-11    1.59804934209249e-05    3.5475830508646e-10    0.00327889450950771
6.49999999999988    0.00234619726101166    5.61276609164988e-11    9.10687728756214e-11    5.27457243760701e-11    5.08400447597291e-08    8.80570534234239e-11    0.00234624838905564
6.99999999999987    0.00168690676791108    4.60962791809038e-11    4.94447648991764e-10    7.55575415089712e-12    5.25114551824821e-05    3.35587837024854e-10    0.00173941910678108
7.49999999999986    0.00093512159941096    3.82568039629017e-11    5.19752276866196e-10    4.00633700679294e-12    0.000436153478628994    7.2564984366856e-10    0.00137127636570522
7.99999999999985    0.000144107014128472    3.17963237705077e-11    6.1873910933388e-10    3.01000489337415e-12    0.00109158951942194    7.50445638523395e-10    0.00123569793754149
8.49999999999993    0.000113402968515016    2.66173047853608e-11    5.20902355154773e-10    2.0808234209843e-12    0.00111045177215761    6.87122970626075e-10    0.00122385597739608
9.00000000000001    0.000651284576877754    2.21323169922029e-11    3.87178981688491e-10    2.17387064244556e-12    0.000466165349749134    4.52058846987492e-10    0.0011174507901709
9.50000000000009    0.00083509889836798    1.85931639858636e-11    2.29186132959344e-10    2.5927297367345e-12    7.20601553342621e-05    2.28168269293177e-10    0.000907159532242538
10.0000000000002    0.000710075297134613    1.57727567084763e-11    7.76663236467589e-11    5.08368377682074e-12    1.44637794263676e-06    7.42790236599089e-11    0.000711521847879038
10.5000000000002    0.00056481807947298    1.35397074450686e-11    5.66950994056284e-11    7.07879755395464e-12    1.3732229839557e-07    2.95898842967261e-11    0.000564955508674864
11.0000000000003    0.000434634872720167    1.1678101507051e-11    1.35343758476363e-10    2.34416685684675e-12    2.26283397409994e-05    1.44214373543727e-10    0.000457263506041567
11.5000000000004    0.000234914163895616    1.01520046177662e-11    1.55467800615348e-10    1.2242010855852e-12    0.000153105726240232    2.60374729014737e-10    0.000388020317354583
12.0000000000005    2.34091878314726e-05    8.87018037190582e-12    1.70276640819081e-10    9.06223931045368e-13    0.000341218055665812    2.95239516520269e-10    0.000364627718789846
12.5000000000006    5.54057627414203e-05    7.80407913262596e-12    1.94690323712722e-10    7.37751389293308e-13    0.000306200714122589    2.02615257048804e-10    0.000361606882711421
13.0000000000006    0.000221933095342856    6.8198118554538e-12    1.17734901391226e-10    8.02622011321855e-13    0.000110685002080062    1.64402784189619e-10    0.000332618387183038
13.5000000000007    0.000268550062835684    6.00785812544482e-12    7.64907440657155e-11    1.03993731356102e-12    1.34610119499894e-05    7.27715641590182e-11    0.000282011231095777
14.0000000000008    0.000234583604893299    5.3173344017223e-12    2.1518000546844e-11    2.65316302611119e-12    9.04521462806057e-08    1.75369500123588e-11    0.000234674104065028
14.5000000000009    0.000196589564721761    4.74511293771163e-12    3.63278529457111e-11    2.24676060147692e-12    3.1482652003817e-07    2.62280019332191e-11    0.000196904460789527
15.0000000000009    0.000152874845136192    4.22449863501034e-12    5.5015041628985e-11    7.72519606252663e-13    1.46848655383459e-05    9.96538854778062e-11    0.000167559870340484
15.500000000001    7.27329934292457e-05    3.77651150075039e-12    1.16961445950118e-10    4.22583375761199e-13    7.63855992915611e-05    9.43642399564358e-11    0.000149118808245588
16.0000000000011    2.10810679826078e-06    3.41961418141029e-12    1.0568498565666e-10    3.7985676001663e-13    0.000142099486483703    1.26138254497227e-10    0.000144207828904675
16.500000000001    3.62809058684577e-05    3.06917104538382e-12    8.16853521572397e-11    3.14919687606646e-13    0.000106189758161974    1.19699441810042e-10    0.000142470868799317
17.0000000000009    9.9720634821663e-05    2.75324449773356e-12    6.47268897138659e-11    3.88961923150304e-13    3.13176492007586e-05    7.01694449523752e-11    0.000131038422060963
17.5000000000008    0.000111327483504936    2.49548613411011e-12    2.99226470909221e-11    5.60961990396558e-13    2.6798345681125e-06    3.75567701605326e-11    0.000114007388608914
18.0000000000007    9.83568697037861e-05    2.26734310595135e-12    6.23366723132595e-12    2.24859471131311e-12    1.17210885912376e-09    3.56094539213761e-12    9.83580561231956e-05
18.5000000000006    8.48441075616137e-05    2.04943151759742e-12    3.45327138226297e-11    6.07207591706574e-13    5.48367822451616e-07    1.49032196679475e-11    8.53925274766379e-05
19.0000000000005    6.38703155213554e-05    1.87338872841103e-12    5.6899680716057e-11    2.6340813374653e-13    1.126629126381e-05    4.09817605839297e-11    7.51367068034036e-05
19.5000000000004    2.4152974458309e-05    1.71845166870718e-12    4.57797773554813e-11    2.40364693684464e-13    4.50654042783605e-05    8.83645871092832e-11    6.92185148398503e-05
20.0000000000003    7.49899487559175e-08    1.5630578342973e-12    7.08476472884664e-11    1.80351319464055e-13    6.80781179859592e-05    6.25318662500224e-11    6.81532430576378e-05
20.5000000000002    2.56073898587115e-05    1.42980335685564e-12    5.66415654095505e-11    1.60177536945906e-13    4.12115699177529e-05    5.44244759373379e-11    6.68190724324866e-05
21.0000000000001    5.18569320952395e-05    1.32138258709238e-12    3.14137970260534e-11    2.60507607700809e-13    9.55404516789696e-06    4.16222272927113e-11    6.14110518810509e-05
21.5    5.39378703180994e-05    1.2108787450243e-12    1.6310381572832e-11    4.51309679894459e-13    4.94902153810774e-07    1.61636935852171e-11    5.44328066081738e-05
21.9999999999999    4.81261271823602e-05    1.12385076646463e-12    2.41478144600268e-12    2.57646660749035e-12    2.74821693428589e-11    1.27772201292173e-12    4.81261620573504e-05
22.4999999999998    4.19660105542992e-05    1.03936336276289e-12    1.50417548147274e-11    4.62336604582238e-13    8.02779361208833e-07    4.57505815167621e-11    4.27688522095443e-05
22.9999999999997    2.92830524047448e-05    9.53487732922964e-13    6.57272002990209e-11    1.45100185408829e-13    9.30584177688238e-06    3.83450055894329e-11    3.85889993524209e-05
23.4999999999996    7.63408701550749e-06    8.78761292800205e-13    5.26443098461807e-11    1.08917012775173e-13    2.88772129752288e-05    8.26297986096801e-11    3.6511436252523e-05
23.9999999999995    1.38525572311711e-06    8.13050508866501e-13    7.90745553508892e-11    1.17309924914815e-13    3.49021890403979e-05    4.7225276698325e-11    3.62875719937075e-05
24.4999999999994    1.84073282066711e-05    7.59632721534233e-13    4.13101217831421e-11    1.01646359868137e-13    1.68364156860609e-05    6.37514701415978e-11    3.52438498156029e-05
24.9999999999993    2.94612004424819e-05    7.09293117220509e-13    3.31601151242856e-11    1.43819388964632e-13    2.94893998923488e-06    2.98712978657582e-11    3.24102043162423e-05
25.4999999999992    2.90833610080664e-05    6.59565407907042e-13    1.28487446825975e-11    3.77362510762802e-13    7.06896375527929e-08    1.05475906484479e-11    2.91540750788825e-05
25.9999999999991    2.6231928615409e-05    6.15222419060189e-13    1.91259219043133e-11    4.82789362900433e-13    4.85741394009302e-09    6.70551203651128e-12    2.62368129587948e-05
26.499999999999    2.26713683031616e-05    5.74712714791985e-13    2.40401391031266e-11    1.76629699980711e-13    1.05201183509991e-06    6.31725759267803e-11    2.3723468102319e-05
26.9999999999989    1.39332390181885e-05    5.36623574514915e-13    5.23279679262727e-11    1.00896342874431e-13    7.91868599987341e-06    8.54069312437482e-11    2.1852063390481e-05
27.4999999999988    1.92438930746807e-06    5.00287359977293e-13    2.65339424437757e-11    9.22933442945194e-14    1.91860516192622e-05    1.47996336997829e-10    2.11106160495904e-05
27.9999999999987    2.65195949783547e-06    4.66574288228599e-13    1.00796918683533e-10    8.04552096550285e-14    1.83802330265802e-05    4.24862423055296e-11    2.10323363546062e-05
28.4999999999986    1.32649177011296e-05    4.396759776252e-13    5.50302502409764e-11    1.00124793814722e-13    6.97391278640642e-06    5.82468075314988e-11    2.02389443043945e-05
28.9999999999985    1.77821125209511e-05    4.15400069756917e-13    3.63210830657061e-11    1.1344545909423e-13    8.72418020838831e-07    2.72282576649458e-11    1.86545946199762e-05
29.4999999999984    1.69801876895012e-05    3.88822937232888e-13    1.32404103140688e-11    4.18785566575183e-13    5.2276646044123e-09    4.34084666304543e-12    1.69854337429711e-05
29.9999999999983    1.54624685353652e-05    3.64774667751901e-13    1.79790488376031e-11    4.46006318789742e-13    2.88027049036934e-08    1.23054409392497e-11    1.54913023355397e-05
30.4999999999982    1.2926055204496e-05    3.43609302253607e-13    3.90537344360685e-11    1.03663099718644e-13    1.27698898182284e-06    3.76888096547829e-11    1.42031213761353e-05
30.9999999999981    6.54894467787803e-06    3.23752694528776e-13    3.00986790696632e-11    1.13021543727441e-13    6.77289248532322e-06    8.54974105430642e-11    1.33219531960651e-05
31.499999999998    2.23815361118388e-07    3.04585398542077e-13    7.36220563671828e-11    5.72410263054576e-14    1.28473688339887e-05    4.70029414653394e-11    1.30713051819314e-05
31.9999999999979    3.29423206672644e-06    2.87565929781094e-13    4.80135388731644e-11    8.85102366133081e-14    9.69256911114484e-06    6.47376762562144e-11    1.29869143051626e-05
32.4999999999982    9.55043068703511e-06    2.71064120347016e-13    2.40956578982388e-11    1.07512099734508e-13    2.85008650305546e-06    5.6302668245391e-11    1.24005979669929e-05
32.9999999999984    1.12403841329291e-05    2.56582477694782e-13    1.74197735612419e-11    1.77879941487679e-13    2.32249641807951e-07    2.30030975842872e-11    1.14726746320706e-05
33.4999999999987    1.05522013092375e-05    2.44490809817473e-13    3.51403913383234e-12    5.75203467986931e-13    3.07857435374457e-11    1.17795768672031e-12    1.05522376066721e-05
33.9999999999989    9.6465781814592e-06    2.30189184780059e-13    1.39847397777327e-11    3.78818355955965e-13    7.85355828123554e-08    3.69714426808466e-11    9.72516532946156e-06
34.4999999999992    7.56200241402579e-06    2.18052735156759e-13    3.9579615585657e-11    1.42885840666373e-13    1.46212887011e-06    6.48477681056663e-11    9.02423607245805e-06
34.9999999999995    2.87307450984638e-06    2.05851070339147e-13    9.49058006912454e-11    5.80581218149744e-14    5.7305082097399e-06    3.81222929590099e-11    8.60371601158912e-06
35.4999999999997    1.95807785470149e-08    1.94224980292182e-13    1.56795911146116e-11    1.20942784865365e-13    8.50969770104949e-06    1.48265041075754e-10    8.52944273939646e-06
36    3.39221903123185e-06    1.85141173840513e-13    8.49648841451743e-11    5.84251641546686e-14    5.03034060419501e-06    3.41331007282373e-11    8.42267897697807e-06
36.5000000000002    6.8769402162314e-06    1.77415323197395e-13    6.93459375603057e-11    5.40037055661153e-14    1.12146278443803e-06    1.03168066543892e-11    7.99848289483267e-06
37.0000000000005    7.38405688892865e-06    1.68097105756905e-13    2.84537825431113e-11    1.40113164550377e-13    5.0422843744236e-08    8.3423579501891e-12    7.43451683702365e-06
37.5000000000007    6.89577412444303e-06    1.59740349727746e-13    2.09655224931168e-12    1.86755888646283e-12    4.64876026786383e-11    4.96478940729623e-12    6.8958297006866e-06
38.000000000001    6.25801316812075e-06    1.52777427562272e-13    5.05965946791986e-11    1.81689180158026e-13    1.51837190336249e-07    2.25284504626867e-11    6.40992381796875e-06
38.5000000000012    4.42073419689146e-06    1.4488436494512e-13    3.6024619256852e-11    1.83566824550617e-13    1.593677113136e-06    9.59781424400134e-11    6.01454364124034e-06
39.0000000000015    1.07686723241871e-06    1.3735639125298e-13    7.03850128015729e-11    9.27353615735549e-14    4.74145855471904e-06    9.50237684281841e-11    5.81849142601073e-06
39.5000000000018    2.94709590453573e-07    1.30952193236913e-13    1.0296426099866e-10    6.54886227165652e-14    5.50377065154785e-06    5.31404955646659e-11    5.79863654319881e-06
40.000000000002    3.14655566860737e-06    1.2478839239412e-13    1.47218810050579e-11    1.63688666981968e-13    2.53578990837842e-06    1.24329744728611e-10    5.68248491708858e-06
40.5000000000023    4.96642434797464e-06    1.20955677193003e-13    5.45368930192089e-11    8.13523327839368e-14    4.13348125646046e-07    2.39035584219922e-11    5.37985111638014e-06
41.0000000000025    5.01849536743255e-06    1.14945135452278e-13    2.33200989608009e-11    1.8148056021152e-13    7.29912555224944e-09    5.46513466957762e-12    5.02582357464412e-06
41.5000000000028    4.69238628016093e-06    1.09183777849322e-13    1.77282535076563e-11    3.79121182903983e-13    2.02326253693851e-09    7.19969673319733e-12    4.69443495895307e-06
42.000000000003    4.15388410106117e-06    1.04799789335462e-13    5.80203921601267e-11    1.10117365631836e-13    2.42059207143902e-07    2.51995022544922e-11    4.39602674301664e-06
42.5000000000033    2.50965332034967e-06    1.00311370183385e-13    5.46655563104893e-11    1.13405169167366e-13    1.66002077253773e-06    7.79807231436428e-11    4.16980695288339e-06
43.0000000000035    2.81547419357036e-07    9.55721109517033e-14    1.14604219439914e-10    4.20066506416706e-14    3.80255874057805e-06    2.95408592682106e-11    4.08425044259256e-06
43.5000000000038    6.29468788177598e-07    9.12626929251662e-14    4.11610002611284e-11    1.0685271189848e-13    3.4435370174407e-06    1.13613867184532e-10    4.07316077860115e-06
44.0000000000041    2.73413377581564e-06    8.76703317695493e-14    5.85281384214231e-11    9.30162283357719e-14    1.22706952143017e-06    5.10110122230696e-11    3.96131301708301e-06
44.5000000000043    3.60959441068054e-06    8.43367516089702e-14    5.12123417231703e-11    5.99491071996953e-14    1.37395833459346e-07    9.31948108032753e-12    3.74705092024855e-06
45.0000000000046    3.51765481025478e-06    8.10990949679876e-14    5.73926241731357e-12    8.1604040113409e-13    3.87810312779478e-10    9.14930194174524e-12    3.51805840627142e-06
45.5000000000048    3.29486024571161e-06    7.8486411820677e-14    1.70459025739749e-11    2.26196405442965e-13    1.05692323952824e-08    1.25715458280526e-11    3.30545940023811e-06
46.0000000000051    2.77598307699649e-06    7.51828809668265e-14    2.53007656457628e-11    1.43535654790006e-13    3.40500465543753e-07    4.19350396681526e-11    3.11655099706409e-06
46.5000000000053    1.33450344136531e-06    7.17406941904886e-14    5.7948618763073e-11    5.33319740790795e-14    1.65352544329497e-06    3.61823637096523e-11    2.98812314071542e-06
47.0000000000056    1.98566955134231e-08    6.8187710524786e-14    5.00234222884533e-11    6.01421061389353e-14    2.93516688828094e-06    5.81459342280077e-11    2.9551318814807e-06
47.5000000000058    8.68866824495243e-07    6.56056194878025e-14    6.74797679689433e-11    3.3574923533318e-14    2.06951123383331e-06    2.31085559810349e-11    2.93846874583305e-06
48.0000000000061    2.27666904415127e-06    6.37596994925799e-14    2.01740897135877e-11    1.15848641180214e-13    5.62688318389792e-07    4.86634258476382e-11    2.83942637966496e-06
48.5000000000064    2.64923926051326e-06    6.10896539634053e-14    1.61428557370671e-11    1.66008354968842e-13    3.87160329299654e-08    1.75991764574829e-11    2.68798926257343e-06
49.0000000000066    2.5355869127525e-06    5.8889260373301e-14    2.53434602976303e-12    6.09227745917037e-13    1.68567041869783e-14    4.47592799294048e-14    2.53559017683152e-06
49.5000000000069    2.36537113247366e-06    5.69632584498252e-14    1.62458793536667e-11    1.92522178557926e-13    2.90013765219515e-08    1.65157619131238e-11    2.39440552012231e-06
50.0000000000071    1.83541855659624e-06    5.45798986451113e-14    1.64548739487149e-11    1.1898577507898e-13    4.37336804455301e-07    4.87204325454184e-11    2.27282070992371e-06
50.5000000000074    6.29147010739834e-07    5.24066585361245e-14    1.97372987252119e-11    8.91023507717777e-14    1.57300599312667e-06    7.02163494138833e-11    2.20224309902365e-06
51.0000000000076    2.31233560826921e-08    5.01382967418932e-14    2.20442863700163e-11    7.75015881297982e-14    2.16846771282495e-06    7.34727072570255e-11    2.19168671354115e-06
51.5000000000079    9.80302522504308e-07    4.81431748814801e-14    3.97326120712431e-11    4.66504359232333e-14    1.18746014119818e-06    3.42860734537467e-11    2.16783677718163e-06
52.0000000000081    1.84449785828791e-06    4.66234784736313e-14    2.84090128215437e-11    5.91033471556912e-14    2.4041704619678e-07    1.99706461739707e-11    2.08496338987051e-06
52.5000000000084    1.96933117176498e-06    4.52664575396943e-14    1.39699260773728e-11    1.01692282862274e-13    8.21220638574542e-09    6.30909899995941e-12    1.97756380413455e-06
53.0000000000087    1.87324310963497e-06    4.37265341781653e-14    2.8995797700488e-12    1.16243248804313e-12    9.7457377391212e-11    7.11250948482279e-12    1.87335178526064e-06
53.5000000000089    1.7187965787991e-06    4.21647421596604e-14    5.47819568336441e-12    2.74466016208362e-13    5.81963269105769e-08    4.12195808938357e-11    1.77703992011701e-06
54.0000000000092    1.17632902423246e-06    4.05643158805951e-14    2.65656537900132e-11    1.08260511166464e-13    5.22211849322278e-07    5.28492524410713e-11    1.69862043728579e-06
54.5000000000094    2.3629446835628e-07    3.90079630699211e-14    6.4440225682462e-11    3.28651130315679e-14    1.42580090740222e-06    2.79066474833897e-11    1.66218779450475e-06
55.0000000000097    1.32079112888642e-07    3.76349118622458e-14    1.66289205807438e-11    1.13100352094024e-13    1.52660368228197e-06    8.79508498208127e-11    1.65878752567627e-06
55.5000000000099    9.83852204018943e-07    3.62658749040322e-14    5.36690762920324e-11    4.36194813790216e-14    6.46515749783138e-07    1.92079934557386e-11    1.63044091075719e-06
56.0000000000102    1.47036143167145e-06    3.53654198441973e-14    7.33285690509142e-12    1.89461340497312e-13    9.3324133409585e-08    3.89828754269129e-11    1.56373210564013e-06
56.5000000000105    1.48595850022017e-06    3.42445068481165e-14    5.94256564319936e-12    3.19480521087194e-13    9.84795828536793e-10    7.75404406677451e-12    1.48695734638344e-06
57.0000000000107    1.4123881766097e-06    3.31670801305227e-14    1.53452069096924e-11    4.28333219661285e-13    1.46077506844021e-09    1.09855251317844e-11    1.41387574391048e-06
57.500000000011    1.24995249645248e-06    3.2148053833767e-14    6.14078619753724e-12    3.19485160772867e-13    9.69269132370152e-08    6.54918583255142e-11    1.34695139396723e-06
58.0000000000112    7.11835895717307e-07    3.09563331675678e-14    9.86873359474233e-12    2.07172736686824e-13    5.85123882712478e-07    1.04259097353217e-10    1.2970741443898e-06
58.5000000000115    5.1988961175946e-08    2.99761590549375e-14    1.03951512649798e-11    1.73570136297889e-13    1.22802521221138e-06    1.29064080955483e-10    1.28015383616585e-06
59.0000000000117    2.56182679481214e-07    2.89669389694556e-14    9.32745818452504e-11    1.86523885716969e-14    1.02050325757309e-06    1.36136511541273e-11    1.27679287290663e-06
59.500000000012    9.15814563997799e-07    2.80808558516077e-14    3.95830106697114e-11    1.07609418438904e-13    3.31440270605443e-07    4.65845620162429e-11    1.2473411378662e-06
60.0000000000122    1.16336331558455e-06    2.73811376190177e-14    9.1846722293753e-12    3.15428187239902e-13    3.15679712796705e-08    3.81846629501502e-11    1.19497899900873e-06
60.5000000000125    1.13943300429206e-06    2.64400892341996e-14    3.69941363165074e-12    7.37715264075617e-13    2.2220974338568e-11    2.83248520450758e-12    1.13946252132059e-06
61.0000000000128    1.08088364866354e-06    2.59626431143156e-14    2.21792697746734e-11    5.45789750179034e-13    6.11476235017281e-09    3.03484131978541e-11    1.08705151044908e-06
61.500000000013    8.97767572758282e-07    2.51242877877687e-14    2.3072641897955e-11    3.43697394744215e-13    1.42247752841584e-07    8.9573121690678e-11    1.04012834018514e-06
62.0000000000133    3.91428572941005e-07    2.41015080236011e-14    1.13885355820292e-10    5.52651787359372e-14    6.17826392042893e-07    3.34601482196118e-11    1.00940238985462e-06
62.5000000000135    2.58184496121925e-10    2.32076599701545e-14    5.83444203207169e-11    1.70720957417944e-13    1.00231067272285e-06    1.19901762487656e-10    1.0027472973304e-06
63.0000000000138    3.5111127260882e-07    2.27001788295218e-14    1.06446709169699e-10    6.55181250029124e-14    6.45708332261457e-07    3.59957096009601e-11    9.96962135507353e-07
63.500000000014    8.10678805037984e-07    2.21578335147417e-14    2.50321626592856e-11    2.64065794909264e-13    1.58220278821396e-07    8.05624215972038e-11    9.69004964667264e-07
64.0000000000143    9.1984285328161e-07    2.15087573266823e-14    4.27608653496421e-12    6.4299674508579e-13    8.62075166929325e-09    4.48584468144721e-11    9.28513403989755e-07
64.5000000000138    8.87792253751654e-07    2.0972853301639e-14    4.50582367875899e-12    2.72805017537036e-12    5.37824005290576e-13    1.4920693642983e-12    8.87801538491731e-07
65.0000000000134    8.33788254963716e-07    2.0957325577693e-14    4.26476333201688e-12    9.65552593898564e-13    1.56343986522157e-08    9.17332202039233e-11    8.49519638109387e-07
65.5000000000129    6.26711433507381e-07    2.04600912550502e-14    1.55673932689439e-10    2.87690814962144e-14    1.89790975055283e-07    1.00866906814014e-11    8.16668218415208e-07
66.0000000000125    1.83013377642138e-07    1.97685294766091e-14    1.57587032454896e-10    9.12016538712801e-14    6.15550917823726e-07    5.90362251427181e-11    7.98781029693645e-07
66.500000000012    2.30011406658513e-08    1.90034368870488e-14    1.62124570670165e-10    9.06260106620589e-14    7.73398852973938e-07    5.97936503285608e-11    7.96622021490236e-07
67.0000000000116    4.02723704627273e-07    1.85373752045031e-14    1.11709802433845e-10    1.51079365333602e-13    3.85362420913958e-07    7.90734010048885e-11    7.8827707836141e-07
67.5000000000111    6.94119370040813e-07    1.80679506522181e-14    7.43705944557176e-11    2.1306069489544e-13    6.911054122818e-08    4.80561342763959e-11    7.63352569126371e-07
68.0000000000106    7.30592314071051e-07    1.73828225854128e-14    2.0472930798318e-11    7.37530712277193e-13    1.61534863119589e-09    2.54991024179338e-11    7.32254389648997e-07
68.5000000000102    7.01733139963056e-07    1.76336585000482e-14    4.56776966923787e-11    1.68976537741567e-13    1.58368296813354e-10    1.81072058490086e-12    7.01939183287343e-07
69.0000000000097    6.42745504201995e-07    1.81810373111215e-14    1.51728772522655e-10    4.17547754002319e-14    3.0705063686897e-08    5.59067546959396e-12    6.73607947272697e-07
69.5000000000093    4.16551041155887e-07    1.76239748248538e-14    7.80467356961394e-11    4.70968316052586e-13    2.34145058849018e-07    1.90231728431011e-10    6.50964867061323e-07
70.0000000000088    6.26200553270835e-08    1.69621072315277e-14    1.19441559054071e-10    3.28580187863236e-13    5.78478094438628e-07    2.10202321889124e-10    6.41428139188949e-07
70.5000000000084    7.70815892209377e-08    1.64339441975053e-14    2.25533527110646e-10    9.44901393525104e-14    5.6303229561309e-07    6.50695287737623e-11    6.40404598813995e-07
71.0000000000079    4.1421258638356e-07    1.60424408436128e-14    1.66896880389982e-10    1.52162026117518e-13    2.15888425775609e-07    6.55783910995779e-11    6.30333655635126e-07
71.5000000000075    5.82105436598826e-07    1.57572337698402e-14    1.07793598039879e-10    2.27347056559768e-13    2.68282258773312e-08    3.15241327610399e-11    6.09073223311249e-07
72.000000000007    5.85018773831722e-07    1.53768475208386e-14    2.68340966568278e-11    1.33391783640953e-12    1.31730421529464e-10    1.33479918800994e-11    5.85192035636473e-07
72.5000000000066    5.60918251982973e-07    1.83440761622332e-14    5.10511525235143e-12    2.86391048957123e-12    1.25677004143218e-09    9.15244119517548e-11    5.62274533806175e-07
73.0000000000061    4.89915962774726e-07    1.82273922475195e-14    3.9711522023001e-11    1.02087758514063e-12    5.10268592247149e-08    2.09321434483098e-10    5.41192894060925e-07
73.5000000000056    2.56143031386866e-07    1.74746317859457e-14    6.30344994349554e-11    6.7352504149993e-13    2.69508215409255e-07    3.21058156600596e-10    5.2603603045183e-07
74.0000000000052    8.93626874159157e-09    1.65726470584047e-14    3.52814257186733e-10    3.14024066335768e-14    5.12212154847558e-07    1.94198325287547e-11    5.21520705653919e-07
74.5000000000047    1.33642396679532e-07    1.57107580858939e-14    1.21022709892202e-10    4.7708301089952e-13    3.86017098793395e-07    2.76623261604693e-10    5.20057634238193e-07
75.0000000000043    3.96346708928224e-07    1.54243760426725e-14    1.724300168534e-10    3.20664594917844e-13    1.12685655860696e-07    9.94251038340017e-11    5.09304555998578e-07
75.5000000000038    4.82760194653121e-07    1.52376400673107e-14    4.59114037150407e-11    1.02249111259337e-12    8.78881514810613e-09    9.58685617182245e-11    4.91691827495413e-07
76.0000000000034    4.73243035219635e-07    1.5084325166776e-14    1.66336811256184e-11    8.1840139948416e-13    2.87522610419043e-13    4.73392894859493e-13    4.73261263301991e-07
76.5000000000029    4.51195355070251e-07    1.93716714148567e-14    7.11809433296274e-11    1.48849555741754e-12    4.3359223382495e-09    9.83720745355586e-11    4.55702338293595e-07
77.0000000000025    3.64413049115525e-07    1.97678486936879e-14    1.73494378469224e-11    1.20792747184208e-12    7.5296632454284e-08    3.31435385580988e-10    4.40059694088557e-07
77.500000000002    1.39216064874904e-07    1.90180136702626e-14    3.86308437090579e-10    7.00477450426872e-14    2.90686537325108e-07    3.4121570240746e-11    4.30323121273102e-07
78.0000000000015    1.39566895966149e-09    1.76728436919863e-14    3.65637247710911e-10    1.29910001264683e-13    4.26765396640516e-07    9.08795243992623e-11    4.28617729955133e-07
78.5000000000011    1.76833993393175e-07    1.66963191428134e-14    1.4432901024176e-10    5.86183762684062e-13    2.48742164455152e-07    2.94588417360736e-10    4.26015678156011e-07
79.0000000000006    3.6111105425972e-07    1.67269802837962e-14    1.72891152133114e-10    4.27066205128364e-13    5.41316400678274e-08    1.0832414543796e-10    4.15524353418304e-07
79.5000000000002    3.98874549949259e-07    1.65048861672819e-14    1.40870503780553e-11    2.28542689118202e-12    2.19496784145634e-09    1.12556987226611e-10    4.01198463760097e-07
79.9999999999997    3.86809441891981e-07    1.52865474102604e-14    2.59015453553585e-12    9.94261489852671e-12    7.75353148464053e-12    2.87232884532135e-11    3.868584667679e-07
80.4999999999993    3.62808036395562e-07    2.15772256825016e-14    1.55456175513689e-10    7.2761957383157e-13    1.02225630783793e-08    8.12037976842846e-11    3.73268008643939e-07
80.9999999999988    2.60128584054143e-07    2.13390567744467e-14    2.70400821429321e-11    1.19546016448422e-12    1.01252817932714e-07    4.06321045877972e-10    3.61815979914099e-07
81.4999999999984    6.1244185258543e-08    2.09227807383739e-14    2.28718303522122e-10    5.34760342348814e-13    2.94280041700695e-07    3.02317481820709e-10    3.56055818427704e-07
81.9999999999979    2.07489274430278e-08    1.99541311058671e-14    2.16082021850596e-10    4.98444324576836e-13    3.34189405819094e-07    3.27591122559126e-10    3.55482524804988e-07
82.4999999999975    2.01103090492296e-07    1.88358363096994e-14    1.81098335568295e-10    5.64293291063693e-13    1.50205311446399e-07    2.51961558234686e-10    3.51742044961626e-07
82.999999999997    3.18412567785523e-07    1.95452004838981e-14    5.3238937688891e-11    1.22753627087258e-12    2.34408144649356e-08    2.15467944310889e-10    3.4212333621393e-07
83.4999999999965    3.30149608315821e-07    1.88525181813216e-14    2.20982957270772e-11    3.43011206426872e-12    3.29147568493982e-10    6.92850023308577e-11    3.30573588146955e-07
83.9999999999961    3.18984815721768e-07    2.49809965298971e-14    7.78645681903694e-12    5.38871867090097e-12    2.19589252691924e-10    8.83750427383427e-11    3.19305980173684e-07
84.4999999999956    2.89113358547414e-07    2.69390231042518e-14    1.26050240940888e-10    1.09079071063625e-12    1.93211723094794e-08    1.76853945932843e-10    3.08738552773501e-07
84.9999999999952    1.74209052697301e-07    2.48352534734079e-14    3.17993468963801e-10    3.62132103263636e-13    1.25856308799719e-07    1.36169101907925e-10    3.00519911035249e-07
85.4999999999947    1.72577994912282e-08    2.39263729673835e-14    3.8283581450928e-10    2.26854222885756e-13    2.79660526606051e-07    1.49081044501904e-10    2.97450493736886e-07
85.9999999999943    5.07952815660578e-08    2.25282763317757e-14    8.82333031886122e-11    8.72609717751447e-13    2.45688230831538e-07    4.9399062199329e-10    2.97066631460771e-07
86.4999999999938    2.07583652791289e-07    2.25324061047218e-14    4.19575064500108e-11    1.11748528375064e-12    8.45747796627546e-08    3.84594260710531e-10    2.92586124238894e-07
86.9999999999934    2.75047998153387e-07    2.24585205074751e-14    6.88880247417227e-11    1.36020135854979e-12    8.82460976547689e-09    1.57416178252151e-10    2.84100294781737e-07
87.4999999999929    2.74763218818153e-07    2.20017462227183e-14    6.75648701393033e-12    7.378865590846e-12    1.30069162638915e-11    3.23173884662188e-11    2.74822700477234e-07
87.9999999999925    2.64552382232657e-07    3.36662128986471e-14    5.55440990210976e-11    2.78837602010085e-12    1.16087015746553e-09    1.08883929096628e-10    2.65880502460473e-07
88.499999999992    2.25802320912934e-07    3.29295296754704e-14    4.1262628030272e-11    1.66097986008589e-12    3.14953664635348e-08    3.47525055787539e-10    2.57688168969677e-07
88.9999999999915    1.05822495679503e-07    3.08117403634849e-14    5.48196062684786e-11    1.15829841607806e-12    1.45684181500939e-07    5.32651545180124e-10    2.52095337442047e-07
89.4999999999911    7.57009708332918e-10    2.83317251397093e-14    2.36487995772546e-10    6.14967528230365e-13    2.49301380131084e-07    3.91500888391572e-10    2.50687022022834e-07
89.9999999999906    7.99093570600387e-08    2.6159389094227e-14    1.92274839889835e-10    7.01235606423751e-13    1.69347889274786e-07    3.70280672929945e-10    2.4982052924264e-07
90.4999999999902    2.00650864878896e-07    2.70249209483356e-14    8.0260573373804e-11    1.18377171652789e-12    4.40161867797589e-08    3.14789861579797e-10    2.45063312890246e-07
90.9999999999897    2.34926129112818e-07    2.65118161492382e-14    1.52760485424764e-10    4.51844974226829e-13    2.69949264698575e-09    3.3918729714898e-11    2.37812779331734e-07
91.4999999999893    2.30318594614173e-07    2.64198396720485e-14    1.96766721287964e-11    5.71371232181058e-12    4.76137590574697e-15    5.15232101938625e-13    2.30344531411941e-07
91.9999999999888    2.19495794017305e-07    4.0214087763137e-14    2.38845957857389e-10    3.15517974024083e-13    3.42540787730469e-09    2.59572008541924e-11    2.23186360785383e-07
92.4999999999884    1.70399404413011e-07    4.04109160579825e-14    4.29650979492504e-10    1.6125409111064e-13    4.59855482596837e-08    4.98345875496707e-11    2.16864639904744e-07
92.9999999999879    5.5011411767908e-08    3.99689291766727e-14    6.02315581843348e-11    1.32913023749161e-12    1.57575699291872e-07    6.72512330516956e-10    2.13321224047648e-07
93.4999999999875    3.78430156502174e-09    3.66628800445265e-14    1.56711038055662e-10    9.88859692426009e-13    2.0825770940008e-07    6.02321163112361e-10    2.12802068688842e-07
93.999999999987    1.01506908208783e-07    3.46472310521223e-14    5.8416373034844e-11    1.34722097902926e-12    1.092168509919e-07    5.79091356221049e-10    2.11362648798148e-07
94.4999999999865    1.85392764336166e-07    3.59640561625712e-14    3.11526265804427e-10    2.69507048816713e-13    2.08570826241369e-08    6.44534609898204e-11    2.06626132158202e-07
94.9999999999861    1.99817681302875e-07    3.50316678297637e-14    5.07052039564867e-11    3.47218107357656e-12    5.8216250512645e-10    1.06994366261112e-10    2.0056105059096e-07
95.4999999999856    1.94368783994168e-07    4.02043711408563e-14    7.76425207656794e-11    4.8163344457068e-12    2.56048057021377e-11    3.51083997205719e-11    1.94511996259173e-07
95.9999999999852    1.80877950330568e-07    5.73130658091202e-14    6.31372208641643e-11    2.87405825371487e-12    7.47899101864085e-09    3.43454765774077e-10    1.88766464707166e-07
96.4999999999847    1.21948790345315e-07    6.26571551515084e-14    3.38374845351726e-10    1.01448018107183e-12    6.13974097981271e-08    3.30060243604665e-10    1.84015712369735e-07
96.9999999999843    2.15812368580586e-08    5.75117848115017e-14    5.69373571036964e-10    3.02736056791515e-13    1.59451286093817e-07    2.24909105458171e-10    1.81827165876212e-07
97.4999999999838    1.79315714056417e-08    5.32229590495601e-14    1.2176927719836e-10    1.40871917523004e-12    1.62892929059696e-07    7.86651563485438e-10    1.81734383248155e-07
97.9999999999834    1.13388628276518e-07    5.21597243898395e-14    1.67245166708306e-10    1.28872995915567e-12    6.56838222975436e-08    5.09185403006498e-10    1.7975022203346e-07
98.4999999999829    1.66208431321778e-07    5.33347367581554e-14    8.90373162864419e-11    2.39102402192404e-12    8.76768333399723e-09    3.0661259749431e-10    1.75374208928315e-07
98.9999999999824    1.70143991307401e-07    5.27955595800211e-14    8.91164448187236e-11    1.12927781963084e-12    6.06064146422007e-11    2.23427468232605e-11    1.70317238987065e-07
99.499999999982    1.64881911853409e-07    1.03198154091406e-13    1.75911610864737e-10    1.72114391977462e-12    2.77301482277559e-10    4.7309365392945e-11    1.65384258654019e-07
99.9999999999815    1.46630252256509e-07    1.07020061723463e-13    9.44756447999602e-11    2.09184170985965e-12    1.35370215106086e-08    5.14768427934212e-10    1.60778716701623e-07
100.499999999981    8.06057288697948e-08    1.71881004224978e-13    6.09254742330064e-10    6.6701981147155e-13    7.58086029119271e-08    2.5648345589651e-10    1.57280908880764e-07
100.999999999981    4.20706143037976e-09    1.39524419150815e-13    1.43997401234097e-10    1.33993873647761e-12    1.50935887195017e-07    1.01240450855989e-09    1.56300829998347e-07
101.49999999998    3.57369829839002e-08    8.5973711171541e-14    5.5256243183957e-10    2.90832631323923e-13    1.19188310343654e-07    4.03937794332816e-10    1.55882170360069e-07
101.99999999998    1.16319103347321e-07    8.19003871588753e-14    5.2276895005789e-10    3.61866688536762e-13    3.66114316221479e-08    1.74648860733401e-10    1.53628396547336e-07
102.499999999979    1.46246633856413e-07    1.01903967689603e-13    2.65451275756791e-10    4.13805314725181e-13    3.1199179718705e-09    1.15241387323626e-10    1.49747760200646e-07
102.999999999979    1.45509087254051e-07    1.29369335544757e-13    2.90635054698095e-11    1.07674740462854e-11    4.65710196208199e-13    1.50115966105343e-11    1.4556452490971e-07
103.499999999978    1.39783810846767e-07    2.35108853315181e-13    3.1015714563332e-10    1.97502697451369e-12    1.10726230073448e-09    3.12252744631504e-10    1.41515693173594e-07
103.999999999978    1.15120988377874e-07    1.38274680448267e-12    1.26318648000996e-10    1.22236676778142e-12    2.13962509350278e-08    1.23427985036282e-09    1.37880442924838e-07
104.499999999977    4.69550238774082e-08    2.5830425442684e-12    3.69190879346644e-10    6.75163340856044e-13    8.66397995109933e-08    1.57393944474354e-09    1.35541211918377e-07
104.999999999977    8.13348883716195e-11    1.40195278982468e-12    1.08753699502021e-09    7.69223267100222e-13    1.32830156715089e-07    8.79329220485857e-10    1.34880528995024e-07
105.499999999977    5.15679729632237e-08    4.53871841426778e-13    6.78036477231058e-10    5.2470072263034e-13    8.10538070627858e-08    1.11021610954156e-09    1.34411011185346e-07
105.999999999976    1.1218052623187e-07    4.40694286681101e-13    5.39639627074631e-10    1.05768015594395e-12    1.86305668595509e-08    6.63280157145138e-10    1.32015511250084e-07
106.499999999976    1.27216896124815e-07    1.21976768622358e-12    2.69625928352893e-10    2.00763130172595e-12    8.54437480243462e-10    2.77396667685999e-10    1.28621583600086e-07
106.999999999975    1.24962889512839e-07    2.08394294355883e-12    2.92109550356742e-11    1.53394736156005e-11    1.00147608626144e-12    1.38044709887648e-10    1.25148570070407e-07
107.499999999975    1.17402050323713e-07    5.24142969813906e-12    8.83840429761845e-10    2.2712838257858e-12    2.86557870934791e-09    6.47317826886297e-10    1.21806300003233e-07
107.999999999974    8.58132576890443e-08    2.3466797033931e-11    1.20477305088643e-09    1.46516347185081e-12    3.03296547188145e-08    1.5512865842121e-09    1.18923904003463e-07
108.499999999974    2.21636327673697e-08    2.55227259822929e-11    1.12637652605305e-09    1.52929084625628e-12    9.15591720663944e-08    2.58820501842968e-09    1.17464438395075e-07
108.999999999973    5.15570323812152e-09    1.04616007758122e-11    1.56718548769212e-09    2.15379901958486e-12    1.08236643071731e-07    2.16968699402277e-09    1.17141834191362e-07
109.499999999973    6.2264299505412e-08    6.45933209893306e-12    1.33897984387453e-09    2.83223633206202e-12    5.09756915954241e-08    1.70601211420597e-09    1.16294274627348e-07
109.999999999972    1.03591598566793e-07    9.94086887818058e-12    1.03043281150912e-09    4.8110163373404e-12    8.47141158727487e-09    8.6144086893746e-10    1.1396963571973e-07
110.499999999972    1.10247405512723e-07    2.1806873675524e-11    3.71071153581108e-10    1.53408503459851e-11    1.45233460040308e-10    2.81442903933706e-10    1.110823007543e-07
110.999999999972    1.07012482301547e-07    2.62515801201775e-11    3.83372092690473e-10    2.39584655721415e-11    5.32396489032252e-11    6.91356093576294e-10    1.0819066018241e-07
111.499999999971    9.61762228918845e-08    7.59959754441953e-11    2.38662616784565e-09    9.04374789405745e-12    5.75076028500737e-09    9.999818596967e-10    1.05398630927772e-07
111.999999999971    5.87821278973563e-08    1.48324532454132e-10    2.54131259024155e-09    6.59812070115286e-12    3.88135496464141e-08    2.90618525954234e-09    1.0319809804671e-07
112.49999999997    6.88664774500062e-09    9.85059715771319e-11    2.97805783323563e-09    6.46761999265318e-12    8.85258699742959e-08    3.71841317372786e-09    1.0221396231783e-07
112.99999999997    1.46815247558141e-08    5.35770746283488e-11    2.92015719959934e-09    7.44637193590127e-12    8.07627706751477e-08    3.5992126122231e-09    1.02024688689348e-07
113.499999999969    6.66612561037207e-08    5.31244984815885e-11    2.33414914420088e-09    9.34786435262269e-12    2.92810751907018e-08    2.65424694626599e-09    1.00993199747724e-07
113.999999999969    9.26811229146876e-08    7.78809537304125e-11    1.38460827549741e-09    1.64742967068779e-11    3.30640998802795e-09    1.41239310977568e-09    9.88788895384259e-08
114.499999999968    9.56822328981363e-08    1.33162893106242e-10    3.1900778646565e-10    8.08982034215684e-11    7.97219368054714e-12    2.06903490536906e-10    9.64301774653472e-08
114.999999999968    9.11745005524412e-08    1.36004798568114e-10    1.22921479243035e-09    3.80404040130454e-11    3.35789949647202e-10    1.09790957090276e-09    9.40114600680027e-08
115.499999999967    7.65088818784997e-08    3.20888719144368e-10    2.52553984171064e-09    2.25251072135668e-11    9.7755570362679e-09    2.59221648014197e-09    9.17456090629782e-08
115.999999999967    3.63110542903367e-08    4.35444724586533e-10    3.52677271192617e-09    1.85102421231977e-11    4.57807960666611e-08    3.99147721041644e-09    9.00640552460501e-08
116.499999999967    8.06182654071416e-10    2.19393169732669e-10    3.8689982186908e-09    1.78461789634899e-11    7.96922950478254e-08    4.88893477665652e-09    8.94936500459403e-08
116.999999999966    2.4662116128665e-08    1.87191373816941e-10    3.65220318140971e-09    1.88921227061736e-11    5.631514209524e-08    4.38802686690719e-09    8.9223571768745e-08
117.499999999966    6.66204771211384e-08    1.92401874322851e-10    2.72264062496957e-09    2.46684802742866e-11    1.55524338395997e-08    2.97380111801681e-09    8.80864230583216e-08
117.999999999965    8.20800815700505e-08    3.02830929092746e-10    1.3672911764571e-09    4.9293113200085e-11    1.06488944307664e-09    1.3299185420104e-09    8.61943047738874e-08
118.499999999965    8.31152460241899e-08    3.74927462648649e-10    2.55285358258877e-10    2.62483863137331e-10    4.82155720733753e-14    1.08242896122334e-10    8.41162338199291e-08
118.999999999964    7.72288404707424e-08    3.43245170565983e-10    1.71270899801182e-09    4.83690632184981e-11    1.06809026551238e-09    1.68665770116188e-09    8.20879116692129e-08
119.499999999964    5.860563568358e-08    6.7915613996618e-10    3.01258854807474e-09    2.77248273051981e-11    1.46229111265572e-08    3.29589065496676e-09    8.02439069804501e-08
119.999999999963    1.9658542536074e-08    6.33505097558495e-10    3.92837551410523e-09    2.26827296221481e-11    5.00404782628378e-08    4.75519915855906e-09    7.90387832987568e-08
120.499999999963    1.48218148050359e-09    3.32359766207607e-10    4.25439200809868e-09    2.11245243571303e-11    6.73262189697918e-08    5.26761530611409e-09    7.86838920550729e-08
120.999999999962    3.25575451597742e-08    3.89755718119827e-10    3.76964101308331e-09    2.30221690960734e-11    3.71481632776634e-08    4.42850791761284e-09    7.83166352553496e-08
121.499999999962    6.37368937103504e-08    3.9252587260068e-10    2.57188972380364e-09    3.32517445731451e-11    7.68126341445848e-09    2.73830860437677e-09    7.71541330701631e-08
121.999999999962    7.25044221086403e-08    6.27989787783494e-10    1.03147290859241e-09    8.33036426680488e-11    2.65231724313874e-10    9.67347310579129e-10    7.54797674825773e-08
122.499999999961    7.16848410119999e-08    6.02471403047431e-10    7.34100000430917e-10    1.44685277973853e-10    8.92877309391078e-12    5.38566673100833e-10    7.37135931396468e-08
122.999999999961    6.45927542112943e-08    6.03100146495894e-10    2.17165761640665e-09    4.65059125991804e-11    2.36610670941983e-09    2.22716395323183e-09    7.20072885494477e-08
123.49999999996    4.2577106597388e-08    1.08454387423843e-09    3.49369244803061e-09    2.91498376232741e-11    1.95052958678679e-08    3.8297915983813e-09    7.05195802235295e-08
123.99999999996    8.9563865289005e-09    6.86652499768439e-10    4.29083928569038e-09    2.49894633565741e-11    5.04936979037041e-08    5.22197173330395e-09    6.96745374147239e-08
124.499999999959    5.6900692402886e-09    5.27118391318455e-10    4.40354271155757e-09    2.4060150014411e-11    5.33533953614297e-08    5.44108099975953e-09    6.94392668543683e-08
124.999999999959    3.72735524966919e-08    5.8546244783505e-10    3.65784476788738e-09    2.75738812967598e-11    2.31896830768209e-08    4.24422275242292e-09    6.89783394229549e-08
125.499999999958    5.90177589494279e-08    6.54751381984712e-10    2.28104438674056e-09    4.39979984640106e-11    3.50462281042809e-09    2.34387547040067e-09    6.78460509974459e-08
125.999999999958    6.39981098581967e-08    9.93215934384794e-10    6.80234611549423e-10    1.52107110373889e-10    4.52147614731972e-11    5.1194396779041e-10    6.63808262437684e-08
126.499999999957    6.17970598237945e-08    7.28240219774428e-10    1.12459840236819e-09    1.04527744933516e-10    8.33208783414388e-11    1.04058740458344e-09    6.48783344737956e-08
126.999999999957    5.29562002916183e-08    9.93907330153074e-10    2.58532758252671e-09    4.42282710798527e-11    4.18920752290075e-09    2.67195761682735e-09    6.3440828615106e-08
127.499999999957    2.91931501553673e-08    1.37184425967812e-09    3.74222794485843e-09    3.09142138815225e-11    2.35624540679403e-08    4.37003490208313e-09    6.22706255438089e-08
127.999999999956    3.48059587339631e-09    7.0308206460889e-10    4.43213421491538e-09    2.66378799061835e-11    4.74842449605284e-08    5.55921247768629e-09    6.16859074710415e-08
128.499999999956    1.08268881686623e-08    7.92512728026616e-10    4.3656985186024e-09    2.6189957805297e-11    4.01071989881407e-08    5.36371238859381e-09    6.14822007498311e-08
128.999999999955    3.90900832114357e-08    7.35731810562615e-10    3.42695397586728e-09    3.19966175684342e-11    1.38314719577013e-08    3.83401693233313e-09    6.09502545054685e-08
129.499999999955    5.35230219359991e-08    1.04223446242865e-09    1.89217504890555e-09    5.75616918047153e-11    1.48265399130762e-09    1.89468961362061e-09    5.98923367440663e-08
129.999999999954    5.65237580833149e-08    1.24235164804354e-09    4.16031713358617e-10    2.70173322342438e-10    4.34001070062146e-12    1.6044944950612e-10    5.86171042272662e-08
130.499999999954    5.31197066427375e-08    8.50678400066325e-10    1.51797825641825e-09    8.33312080812215e-11    2.99976922253709e-10    1.46359664192333e-09    5.73352680714803e-08
130.999999999953    4.22362679603663e-08    1.52238258999945e-09    2.92523519147959e-09    4.18671588323291e-11    6.31940833075011e-09    3.08293449959813e-09    5.61280957310259e-08
131.499999999953    1.90023961655729e-08    1.40098445268199e-09    4.05159223846219e-09    3.07976053144643e-11    2.60366943014776e-08    4.68209938600683e-09    5.52045641495159e-08
131.999999999952    1.66317528475335e-09    8.71609143491783e-10    4.54645732191513e-09    2.75452450408252e-11    4.2007855929534e-08    5.67907250923069e-09    5.47957154339658e-08
132.499999999952    1.53758930074604e-08    9.85721276477542e-10    4.27208672619947e-09    2.78683352454254e-11    2.88276697908757e-08    5.10323162101665e-09    5.45924707572752e-08
132.999999999952    3.85952873024029e-08    9.31897658156644e-10    3.13545741114466e-09    3.67313860404015e-11    7.9612046801243e-09    3.37200517595055e-09    5.40325836138194e-08
133.499999999951    4.79522148696437e-08    1.50437495515485e-09    1.49740757908423e-09    7.75718935182969e-11    5.84662298388479e-10    1.4524454241363e-09    5.30686770199259e-08
133.999999999951    4.97087313824748e-08    1.2828627777062e-09    4.63045497197039e-10    2.83234881014546e-10    8.22430858616338e-13    2.23265516200367e-10    5.19619624854516e-08
134.49999999995    4.52372684395988e-08    1.15269441488918e-09    1.86338690961826e-09    7.12102835983441e-11    7.00045316351773e-10    1.84029788079241e-09    5.08649032448488e-08
134.99999999995    3.27659158331298e-08    1.99629491074533e-09    3.2150282486708e-09    4.0643422812206e-11    8.38942634324079e-09    3.448929005705e-09    4.98562377643039e-08
135.499999999949    1.19471662229947e-08    1.28877564780912e-09    4.25236936266154e-09    3.10901548758806e-11    2.66454896643975e-08    4.96405212382963e-09    4.91289431765683e-08
135.999999999949    1.99998775819234e-09    1.20230132606209e-09    4.57964039119889e-09    2.81641384402159e-11    3.53388940912578e-08    5.68244963759559e-09    4.88314373427469e-08
136.499999999948    1.86550896911607e-08    1.05059258462924e-09    4.08604315694457e-09    3.02181071621957e-11    2.00024733386933e-08    4.79451694788416e-09    4.86189338264742e-08
136.999999999948    3.6470341002687e-08    1.3024961821236e-09    2.80405247568865e-09    4.31915822476922e-11    4.49432698116321e-09    2.94148748129361e-09    4.80558957052038e-08
137.499999999947    4.28394684655771e-08    1.83599369720965e-09    1.14980351779025e-09    1.08630599956538e-10    2.14847507002191e-10    1.04234724259211e-09    4.71910910301279e-08
137.999999999947    4.35287677638797e-08    1.23574651096959e-09    7.29067871539579e-10    2.03713415805163e-10    7.26743105928035e-12    5.26590391015105e-10    4.62311533842684e-08
138.499999999947    3.79712758686678e-08    1.65582221700159e-09    2.17671462975735e-09    6.33119015826773e-11    1.26228822548971e-09    2.16046645485283e-09    4.52898792973519e-08
138.999999999946    2.50057326925468e-08    2.16415804760631e-09    3.45761617366472e-09    3.95920009626559e-11    1.00050141834015e-08    3.77769509428078e-09    4.44498081924628e-08
139.499999999946    7.37393775892383e-09    1.27089900070839e-09    4.35743335172741e-09    3.13254923533234e-11    2.56430581077194e-08    5.20046895096641e-09    4.38771226623988e-08
139.999999999945    3.41090402452451e-09    1.50739498393037e-09    4.55275529511589e-09    2.90836993007939e-11    2.85883557507843e-08    5.55481838768068e-09    4.36433121413365e-08
140.499999999945    2.04367890587858e-08    1.07592937845713e-09    3.87641385521599e-09    3.24845499221041e-11    1.35924203806531e-08    4.4029537493134e-09    4.34169909723476e-08
140.999999999944    3.34862940983607e-08    1.79062430486709e-09    2.47234249382246e-09    5.0633585815823e-11    2.53508045332748e-09    2.54196716012589e-09    4.28769420963195e-08
141.499999999944    3.83952234589678e-08    1.9349657190114e-09    8.55112928108035e-10    1.58562368354299e-10    7.28286181221139e-11    6.91701808900961e-10    4.21083949014646e-08
141.999999999943    3.79871026801603e-08    1.25839875563015e-09    1.00137174199069e-09    1.50399247424327e-10    3.24257857624997e-11    8.44735978408319e-10    4.12744341893763e-08
142.499999999943    3.14193703582436e-08    2.19182277451555e-09    2.4122154866136e-09    5.88384491395592e-11    1.90015508127777e-09    2.48529025209418e-09    4.04676924018842e-08
142.999999999942    1.90111610321511e-08    2.04621577518822e-09    3.65877891518108e-09    3.86831843177732e-11    1.09495373847387e-08    4.05881637289771e-09    3.97631926644747e-08
143.499999999942    4.54361279626583e-09    1.42902429968906e-09    4.44908634145975e-09    3.13692177546964e-11    2.35447512804747e-08    5.30294815498697e-09    3.93007920906311e-08
143.999999999942    5.1530493679372e-09    1.66382676784431e-09    4.43186676864214e-09    3.04629093666644e-11    2.24477847779334e-08    5.39535211907975e-09    3.91223427108035e-08
144.499999999941    2.0834223410327e-08    1.19611635778355e-09    3.61633665147292e-09    3.57100924663574e-11    9.16177431068589e-09    4.03835909301407e-09    3.88825199157498e-08
144.999999999941    3.03326672756079e-08    2.19100966367314e-09    2.15771290552354e-09    5.99664940882361e-11    1.43677999727152e-09    2.19758624418737e-09    3.83757225803517e-08
145.49999999994    3.45181208733455e-08    1.86966506347149e-09    6.41854109985919e-10    2.22517758822113e-10    2.2288972353164e-11    4.20038011432984e-10    3.76944847894112e-08
145.99999999994    3.29731089159905e-08    1.41073933192572e-09    1.2512540852632e-09    1.22382069905767e-10    8.78131317314197e-11    1.12361190230455e-09    3.69689094371212e-08
146.499999999939    2.57851852690755e-08    2.53675193492012e-09    2.64510657499606e-09    5.51232156757997e-11    2.50734692350425e-09    2.74583171821211e-09    3.62753456363839e-08
146.999999999939    1.44483804168308e-08    1.83529100581977e-09    3.82538374255686e-09    3.76673105684801e-11    1.12608560669393e-08    4.27192441260947e-09    3.56795029553247e-08
147.499999999938    2.92447621047072e-09    1.66697935994954e-09    4.47226903773829e-09    3.16921072363972e-11    2.08869455640894e-08    5.32243300908527e-09    3.53047952885696e-08
147.999999999938    6.76043777513242e-09    1.67386954456806e-09    4.31136455703427e-09    3.17705826618705e-11    1.72657819322979e-08    5.11026614424531e-09    3.51534905359399e-08
148.499999999937    2.02328808662704e-08    1.43144069413473e-09    3.37193155815608e-09    3.9330049319306e-11    6.17755350299356e-09    3.66121029056083e-09    3.49143469614349e-08
148.999999999937    2.74195532877028e-08    2.37637134498418e-09    1.88470868957076e-09    7.14155686900926e-11    8.11184648366952e-10    1.88576179717344e-09    3.44489953364883e-08
149.499999999937    3.10319150351931e-08    1.74723045103511e-09    5.19743129788192e-10    2.71095655367499e-10    6.09709354644463e-12    2.6967075723855e-10    3.38457521221689e-08
149.999999999936    2.84100232353525e-08    1.65192522459276e-09    1.47927555055724e-09    1.04405318751212e-10    1.77100902565642e-10    1.39114188474149e-09    3.32138721165609e-08
150.499999999936    2.10904966932816e-08    2.62982199181329e-09    2.8492379509035e-09    5.27533656730869e-11    3.01139874866173e-09    2.98180083687295e-09    3.26155095872062e-08
150.999999999935    1.09087425622865e-08    1.70143264288137e-09    3.92422874228871e-09    3.74534610569843e-11    1.10908491466498e-08    4.4481999510465e-09    3.21109065062098e-08
151.499999999935    2.16675523901667e-09    1.88124621534639e-09    4.42691363957336e-09    3.24851695851476e-11    1.80103291593339e-08    5.29004499475471e-09    3.18077744176102e-08
151.999999999934    8.00331420550769e-09    1.61073209740911e-09    4.17037941906154e-09    3.33407231334227e-11    1.30399487555652e-08    4.81161097342626e-09    3.16693261741032e-08
152.499999999934    1.90863416765168e-08    1.6825932553342e-09    3.13143482751326e-09    4.31552325740357e-11    4.14874710838217e-09    3.34300182510175e-09    3.14352739254223e-08
152.999999999933    2.48393796003079e-08    2.38880259040422e-09    1.6462142071817e-09    8.48312369103627e-11    4.48060975722003e-10    1.6039943089386e-09    3.10112829194648e-08
153.499999999933    2.7782591512138e-08    1.65370025477659e-09    5.07679368268936e-10    2.90549031747057e-10    2.08562976445968e-12    2.40175281219873e-10    3.04767810779149e-08
153.999999999932    2.42783616521606e-08    1.89284340939996e-09    1.71486167054694e-09    9.24816356354433e-11    2.96617355421302e-10    1.65024704274692e-09    2.99254127659111e-08
154.499999999932    1.7155472425955e-08    2.57201032269862e-09    3.0379430128527e-09    5.10110554496074e-11    3.38667906347143e-09    3.20411626416063e-09    2.94072321445879e-08
154.999999999932    8.14135683374246e-09    1.68330179487506e-09    4.00066804534496e-09    3.76745828924301e-11    1.05481103830003e-08    4.5689134438988e-09    2.8980025083754e-08
155.499999999931    2.00196190439487e-09    2.03939406927374e-09    4.38353353712553e-09    3.35625746037336e-11    1.50953568405032e-08    5.17831881295282e-09    2.87321277388538e-08
155.999999999931    8.80769073574634e-09    1.57152609538039e-09    3.99729474112133e-09    3.5642978453418e-11    9.64743588615954e-09    4.54516060946204e-09    2.86047510463231e-08
156.49999999993    1.77434714452993e-08    1.88194606076329e-09    2.89889137038834e-09    4.81974729087192e-11    2.74029152520318e-09    3.06301053445776e-09    2.83758084090206e-08
156.99999999993    2.25602258841597e-08    2.32805486503714e-09    1.41707630554963e-09    1.05073250644199e-10    2.37095018274598e-10    1.34338625223474e-09    2.79909115759e-08
157.499999999929    2.47061606353801e-08    1.59895767004849e-09    5.91351905475454e-10    2.75768262726448e-10    3.03794162818234e-12    3.41696617749067e-10    2.75169730330077e-08
157.999999999929    2.05620894676104e-08    2.07669598128637e-09    1.95416799407049e-09    8.47756890651218e-11    4.41214416026935e-10    1.91568791027834e-09    2.70346314583377e-08
158.499999999928    1.37916310024363e-08    2.46720287899793e-09    3.22145177606211e-09    4.9959644702933e-11    3.64669373945951e-09    3.40758972047804e-09    2.65845287621368e-08
158.999999999928    6.01541213487184e-09    1.74032116335145e-09    4.07932472007597e-09    3.82424340418792e-11    9.7398078769582e-09    4.60688253456938e-09    2.62199908638687e-08
159.499999999927    2.20157955378898e-09    2.17452120576179e-09    4.30415417936451e-09    3.55445899703793e-11    1.22833499938779e-08    5.0213475132234e-09    2.60204970359869e-08
159.999999999927    9.28098614996928e-09    1.57108814075982e-09    3.82190522403207e-09    3.87887023437954e-11    6.92554007585108e-09    4.2601234605215e-09    2.58984317534775e-08
160.499999999927    1.64109672653021e-08    2.0015668777443e-09    2.68312187454745e-09    5.44744318009044e-11    1.73952380699688e-09    2.78710624714548e-09    2.56767605035371e-08
160.999999999926    2.0533816280874e-08    2.26742747337042e-09    1.19973592054059e-09    1.35993815828213e-10    1.15381493988517e-10    1.07510078768234e-09    2.53274557722841e-08
161.499999999926    2.17884338339798e-08    1.54660988754853e-09    7.80438572754046e-10    2.35178376070858e-10    8.84721995509878e-12    5.47491384790258e-10    2.49069992750985e-08
161.999999999925    1.71733410287083e-08    2.21932346388379e-09    2.19921497233139e-09    7.82426854631229e-11    6.14968636118918e-10    2.19876526905775e-09    2.44838560555633e-08
162.499999999925    1.08886154775042e-08    2.35757701131569e-09    3.35444065944797e-09    4.97342326638971e-11    3.82727553707267e-09    3.61732225652822e-09    2.40949651745326e-08
162.999999999924    4.45387845722183e-09    1.828630110482e-09    4.06642632503752e-09    3.98094557108429e-11    8.77256900665074e-09    4.63022112724015e-09    2.37915344823431e-08
163.499999999924    2.60796942349247e-09    2.31333990065625e-09    4.1603716870084e-09    3.83336788336899e-11    9.69470172619967e-09    4.8111013426444e-09    2.36258177588349e-08
163.999999999923    9.58931442627773e-09    1.56345474234032e-09    3.60720934701619e-09    4.27235654410813e-11    4.76281370499816e-09    3.93957748418952e-09    2.3505093270263e-08
164.499999999923    1.52054870810837e-08    2.06990111952478e-09    2.43304773333347e-09    6.28981660863216e-11    1.03463719224998e-09    2.48334385801629e-09    2.32893151502946e-08
164.999999999922    1.87648156016037e-08    2.21938602097048e-09    9.72029562957139e-10    1.81372638155226e-10    4.84335568584612e-11    7.85187777703659e-10    2.29712251582487e-08
165.499999999922    1.89947386695943e-08    1.47900721172577e-09    1.04930445392245e-09    1.86423485974459e-10    2.39488613809947e-11    8.63921438905167e-10    2.25973441215032e-08
165.999999999922    1.39996152271009e-08    2.35503318578899e-09    2.46113520965668e-09    7.37408206010633e-11    8.33312027473677e-10    2.50213206082111e-09    2.22249685314424e-08
166.499999999921    8.35058067215827e-09    2.26145639442694e-09    3.51057912478614e-09    5.00359482703104e-11    3.94048449517861e-09    3.77635413843762e-09    2.18894907732579e-08
166.999999999921    3.3352448140213e-09    1.96095921642032e-09    4.06429876031416e-09    4.22842326022197e-11    7.67062032243113e-09    4.56471008354762e-09    2.16381174293367e-08
167.49999999992    3.20315290441199e-09    2.42807325735002e-09    4.01235384875773e-09    4.24180658573317e-11    7.28882344890038e-09    4.52736902501132e-09    2.15021905502888e-08
167.99999999992    9.82099253341077e-09    1.54343020695466e-09    3.33820235888456e-09    4.89191099930871e-11    3.02866162948798e-09    3.60281366408189e-09    2.1383019502813e-08
168.499999999919    1.41667264564199e-08    2.12776024887251e-09    2.12488239495213e-09    7.75323980415785e-11    5.43799434066002e-10    2.13083771824992e-09    2.1171538650602e-08
168.999999999919    1.72237828662716e-08    2.1340670400959e-09    7.46395879627629e-10    2.47397406342605e-10    1.50814768087203e-11    5.12301995372982e-10    2.08790266645194e-08
169.499999999918    1.62164764584603e-08    1.45088698645312e-09    1.40110123361803e-09    1.4278762207611e-10    6.21051226747418e-11    1.27225480410403e-09    2.05456122273863e-08
169.999999999918    1.09738183150914e-08    2.48601559255149e-09    2.73385961402478e-09    6.94965846661697e-11    1.13029135101017e-09    2.82510335928022e-09    2.02185848166242e-08
170.499999999917    6.17319417894804e-09    2.14645633355145e-09    3.62413491560428e-09    5.13264205163902e-11    4.01172189186459e-09    3.9275759434599e-09    1.99344096839447e-08
170.999999999917    2.57624600290045e-09    2.17162166745526e-09    3.99374079529288e-09    4.62756204989986e-11    6.4902788602578e-09    4.45397755150916e-09    1.97321404979145e-08
171.499999999917    4.09970861966916e-09    2.42437486043868e-09    3.79352466827916e-09    4.87689211478387e-11    5.08402220831483e-09    4.16934652034141e-09    1.96197457981911e-08
171.999999999916    1.00390605453886e-08    1.54697204424763e-09    3.00212159473326e-09    5.81706530122388e-11    1.69619350623121e-09    3.15103373450734e-09    1.94935520781202e-08
172.499999999916    1.33945806932879e-08    2.19420300957845e-09    1.72494621348027e-09    1.06136813804111e-10    2.28274678810938e-10    1.63761701043456e-09    1.92857584193962e-08
172.999999999915    1.57586399449795e-08    1.91274768119763e-09    6.64105309827082e-10    2.90222438767156e-10    4.21229521921758e-12    3.83983279042453e-10    1.9013910949033e-08
173.499999999915    1.32627170605046e-08    1.5576591228424e-09    1.8481881873517e-09    1.11531038771076e-10    1.61122454396871e-10    1.77509572994014e-09    1.87163135938068e-08
173.999999999914    8.08108441107743e-09    2.53566348937365e-09    3.05058421927739e-09    6.64845970164989e-11    1.54141697855875e-09    3.15567137624474e-09    1.84309050715485e-08
174.499999999914    4.34475261294068e-09    2.02411035839843e-09    3.71072069830147e-09    5.38448860124971e-11    4.01371786350497e-09    4.05185359055223e-09    1.81990000097103e-08
174.999999999913    2.23084069079862e-09    2.46436532941144e-09    3.86664205544507e-09    5.21029117012096e-11    5.17681056655309e-09    4.25174992708604e-09    1.80425114809955e-08
175.499999999913    5.40675681416615e-09    2.22194461014317e-09    3.4496055307225e-09    5.7571528640048e-11    3.08429020250637e-09    3.72582152889909e-09    1.79459902150773e-08
175.999999999912    1.02719418666227e-08    1.61925919551585e-09    2.51802372567433e-09    7.46645006062511e-11    7.52006897179387e-10    2.57194825500838e-09    1.78078444406069e-08
176.499999999912    1.29913599558702e-08    2.19291394552852e-09    1.17042400816311e-09    1.81123145025606e-10    5.93290404402532e-11    1.00478682358457e-09    1.75999369186123e-08
176.999999999912    1.38419376642882e-08    1.5536922878482e-09    9.60130230864199e-10    2.4343997359208e-10    1.4018073861124e-11    7.31148089556754e-10    1.73443663200105e-08
177.499999999911    9.94885073418662e-09    1.86926392630004e-09    2.37059631511509e-09    9.09843024203321e-11    4.19581540298955e-10    2.3803004504711e-09    1.70795772687921e-08
177.999999999911    5.45370084058517e-09    2.37956769225345e-09    3.34420789761309e-09    6.43339987372446e-11    2.08508288250458e-09    3.51073030077788e-09    1.68376236124714e-08
178.49999999991    2.88224958397404e-09    2.03914004021364e-09    3.73082688025831e-09    5.81276448179263e-11    3.86773281060006e-09    4.07977695261767e-09    1.66578539124816e-08
178.99999999991    2.72471125380787e-09    2.62848717147993e-09    3.59138210002127e-09    6.10081222115325e-11    3.62744329419823e-09    3.91252265304958e-09    1.65455545947684e-08
179.499999999909    7.08994345218599e-09    1.83706207605348e-09    2.9577993228728e-09    7.14165359327964e-11    1.43207917057219e-09    3.05929418517745e-09    1.64475947427947e-08
179.999999999909    1.06110725782715e-08    1.79145184554255e-09    1.82040217804033e-09    1.15989096771758e-10    2.11996108870506e-10    1.74171032597716e-09    1.62926221334738e-08
180.499999999908    1.26926167518339e-08    1.92618964735766e-09    7.20004386668104e-10    3.00085271546548e-10    6.31951877385835e-12    4.36440138487739e-10    1.60816557146678e-08
180.999999999908    1.08385527403077e-08    1.4137929424633e-09    1.73226648318742e-09    1.3609794950426e-10    9.87922724258793e-11    1.62513608890216e-09    1.58446384767907e-08
181.499999999907    6.32137691967161e-09    2.26468355129347e-09    2.93162176154791e-09    7.81547041842575e-11    9.95060059346146e-10    3.02270560798465e-09    1.5613602604028e-08
181.999999999907    3.41649107084378e-09    2.00169450104955e-09    3.54916712736984e-09    6.59332066225187e-11    2.58538749294931e-09    3.80567126975059e-09    1.54243446685856e-08
182.499999999907    2.13309745533335e-09    2.38222680119503e-09    3.58589555685762e-09    6.66543871558794e-11    3.23720740685591e-09    3.89077529060475e-09    1.52958568980025e-08
182.999999999906    4.61417071016745e-09    2.34304057212643e-09    3.08286864634423e-09    7.80178583255934e-11    1.8359879741726e-09    3.25827158439173e-09    1.5212357345528e-08
183.499999999906    8.85500502737359e-09    1.54194529209472e-09    2.13026208530156e-09    1.09656921545214e-10    3.76226395513499e-10    2.08093120236832e-09    1.50940269241969e-08
183.999999999905    1.10406333567356e-08    1.97587568713285e-09    9.37649740168058e-10    2.55124836979098e-10    2.13150305656542e-11    6.86492994648793e-10    1.49170916462301e-08
184.499999999905    1.07507222095852e-08    1.39069171899433e-09    1.26062798034992e-09    2.04526976930521e-10    3.30200164854498e-11    1.06919403388556e-09    1.4708782936231e-08
184.999999999904    6.79404921824339e-09    1.91266552881633e-09    2.58478005565458e-09    9.68820771314117e-11    5.21833594487525e-10    2.58490539713621e-09    1.44951158714694e-08
185.499999999904    3.26091839675053e-09    2.2568886850461e-09    3.34796535427272e-09    7.44567741940444e-11    1.83092692905553e-09    3.54016275914022e-09    1.43113188984591e-08
185.999999999903    2.36457135299595e-09    1.8856922209533e-09    3.51614658960903e-09    7.280212516382e-11    2.55381640409483e-09    3.7873159746855e-09    1.41803446675024e-08
186.499999999903    3.3333968039847e-09    2.53381739212338e-09    3.07968378003688e-09    8.63948449073661e-11    1.8030946273431e-09    3.25832727816179e-09    1.40947147265572e-08
186.999999999902    7.48612969469034e-09    1.6876425662374e-09    2.15358823009223e-09    1.24665345969831e-10    4.33636912183226e-10    2.11669741798571e-09    1.40023601671587e-08
187.499999999902    1.02158751329484e-08    1.59562274545163e-09    1.00412172462864e-09    2.51881734636257e-10    2.54846948232715e-11    7.54066346247767e-10    1.38470523787359e-08
187.999999999902    9.61046472781476e-09    1.70927414350962e-09    1.15193658025395e-09    2.41559864253581e-10    2.55239865896591e-11    9.21825412401475e-10    1.3660584714823e-08
188.499999999901    6.67014071453496e-09    1.60975993658511e-09    2.37867092126044e-09    1.14683729265723e-10    3.66656124177805e-10    2.32953942751922e-09    1.34694508533433e-08
188.999999999901    2.91825470048415e-09    2.35422816775524e-09    3.17024506560542e-09    8.99034759869523e-11    1.47275706909227e-09    3.29042232471597e-09    1.329581080364e-08
189.4999999999    2.01819948054114e-09    2.02330047779923e-09    3.38713638622747e-09    8.61073737143119e-11    2.0736561809309e-09    3.58643273700573e-09    1.31748326362188e-08
189.9999999999    3.58402467092642e-09    1.9984250955227e-09    2.97018556067576e-09    1.01300319242441e-10    1.34738900655318e-09    3.09298976218594e-09    1.30943144151064e-08
190.499999999899    6.60898971819579e-09    1.95375574435585e-09    2.00904915219499e-09    1.53111083309558e-10    3.39245819308438e-10    1.94235718788514e-09    1.30065087052498e-08
190.999999999899    9.66911227930388e-09    1.38474460862261e-09    8.9466385952927e-10    2.88129423250271e-10    1.32703526267687e-11    6.16968133549253e-10    1.28668886568821e-08
191.499999999898    8.45855654968293e-09    1.5520997928137e-09    1.31302505432863e-09    2.28816625092774e-10    3.37986104383049e-11    1.10651019159148e-09    1.26928068239478e-08
191.999999999898    5.08777128358076e-09    2.11907731078387e-09    2.37982424722129e-09    1.3690087056723e-10    4.44028948923932e-10    2.35475736073479e-09    1.25223600218119e-08
192.499999999897    2.7326466490803e-09    2.15296541936682e-09    2.9923096581886e-09    1.14130391762985e-10    1.29702067733545e-09    3.08626365287738e-09    1.23753364486115e-08
192.999999999897    1.85703400845203e-09    2.39228766115499e-09    3.08223866133705e-09    1.13908149276959e-10    1.59713543558939e-09    3.22698132063944e-09    1.22695852364499e-08
193.499999999897    4.15617714328157e-09    1.92807587376159e-09    2.59665988433115e-09    1.29279953068162e-10    7.74353409138419e-10    2.61315243994324e-09    1.21976987035241e-08
193.999999999896    7.34595047053079e-09    1.47134931256423e-09    1.57970727037136e-09    1.9850055724029e-10    1.07744451819101e-10    1.3981923849761e-09    1.21014444475019e-08
194.499999999896    8.54910077626447e-09    1.62282342343366e-09    8.8041704652302e-10    3.16907854330888e-10    5.70091087190748e-12    5.84989455190763e-10    1.19599394666147e-08
194.999999999895    6.63666808985886e-09    1.42156085714248e-09    1.80678734936457e-09    1.84244116257715e-10    9.9148998372447e-11    1.65318404500055e-09    1.18015934559966e-08
195.499999999895    3.26935523289534e-09    2.30668847945831e-09    2.63867612417851e-09    1.44379724108439e-10    6.71787060615723e-10    2.61750007609801e-09    1.16483866973543e-08
195.999999999894    1.92949153165324e-09    2.38471913206478e-09    2.87231893775694e-09    1.38326589288078e-10    1.25646731790201e-09    2.95455175472274e-09    1.15358752633878e-08
196.499999999894    2.97911173500934e-09    2.14001387765524e-09    2.62531450820477e-09    1.45567780435194e-10    8.92669198419994e-10    2.6762974906354e-09    1.14589745903599e-08
196.999999999893    5.46513311008204e-09    1.86944996578519e-09    1.87203882298807e-09    1.93523464365884e-10    2.39858153358872e-10    1.74011695881419e-09    1.13801204753943e-08
197.499999999893    8.0923537422523e-09    1.32145830837836e-09    9.17021560266833e-10    3.19576915451585e-10    8.32818472272086e-12    6.06069147133025e-10    1.12648078582048e-08
197.999999999892    6.56073653329394e-09    1.52112858079386e-09    1.48509308050021e-09    2.37105050942128e-10    4.40933332937794e-11    1.27125161100131e-09    1.11194081898252e-08
198.499999999892    3.60001148091929e-09    1.96472639958246e-09    2.45017047679877e-09    1.58470195464699e-10    4.13165544512376e-10    2.39051123158397e-09    1.09770553288616e-08
198.999999999892    2.02662187831233e-09    2.15272807407521e-09    2.79011360661418e-09    1.48853104707702e-10    9.19767339803287e-10    2.82435914210325e-09    1.0862443145616e-08
199.499999999891    2.39515808534529e-09    2.34209380218174e-09    2.52342389480664e-09    1.74368603256132e-10    8.2396496177959e-10    2.52608005239432e-09    1.07850893997637e-08
199.999999999891    5.04456951222375e-09    1.7787751505776e-09    1.8079982324891e-09    2.2454849205395e-10    2.16365342073621e-10    1.64474710493191e-09    1.07170038343499e-08
200.49999999989    7.39113803214925e-09    1.30839043363415e-09    9.41079086838115e-10    3.35057219876368e-10    8.789832750416e-12    6.26033364425911e-10    1.06104879696742e-08
200.99999999989    5.96039163598064e-09    1.55580157131068e-09    1.44857721694793e-09    2.6410963100807e-10    4.4695795994955e-11    1.2041888974648e-09    1.04777647487071e-08
201.499999999889    3.24088794841495e-09    1.89210280014173e-09    2.37442737375938e-09    1.83075152488162e-10    3.62203154049153e-10    2.29394278991319e-09    1.03466392187666e-08
201.999999999889    1.72601460135609e-09    2.19769395636964e-09    2.67343149037029e-09    1.75514083200098e-10    7.90969640023075e-10    2.6771832571424e-09    1.02408070284616e-08
202.499999999888    2.69545137362376e-09    2.091287747225e-09    2.34397593507861e-09    2.01233757992813e-10    5.61198017811577e-10    2.28036871231053e-09    1.01735155440423e-08
202.999999999888    5.37600558920878e-09    1.54560083530256e-09    1.53097417117168e-09    2.67931675352217e-10    1.01112579265606e-10    1.28284525721979e-09    1.01044701075206e-08
203.499999999887    6.83348091628248e-09    1.29237355964458e-09    9.25330159847018e-10    3.65275941385825e-10    4.75288759210013e-12    5.75535311334235e-10    9.99674877608625e-09
203.999999999887    4.57861191550627e-09    1.56328645722406e-09    1.7967772404623e-09    2.4545302267518e-10    9.53060185301586e-11    1.59219539298427e-09    9.87163004738224e-09
204.499999999887    2.14680829281069e-09    2.12925155687319e-09    2.44622326894628e-09    2.13481172997535e-10    4.70947977476538e-10    2.34754430028715e-09    9.75425656939139e-09
204.999999999886    1.86701294109184e-09    2.17276425364945e-09    2.4413969346252e-09    2.15733549542703e-10    6.03816314718714e-10    2.37298631514314e-09    9.67371030877105e-09
205.499999999886    3.88465708237133e-09    1.69194787394819e-09    1.87656552820349e-09    2.50489380154746e-10    2.09366042928642e-10    1.70309379059994e-09    9.61611969820634e-09
205.999999999885    6.10050337025487e-09    1.32679731287133e-09    1.03909618160353e-09    3.56778770135846e-10    1.15191972320673e-11    6.96567676655093e-10    9.53126250875273e-09
206.499999999885    5.15370291351766e-09    1.33131430427538e-09    1.43769874642399e-09    3.04214482031936e-10    3.2764476035411e-11    1.15761932602364e-09    9.41731424830802e-09
206.999999999884    2.37751752659699e-09    1.94295149235685e-09    2.30633881962715e-09    2.32095727588703e-10    2.77930729297421e-10    2.16495493245614e-09    9.30178922792325e-09
207.499999999884    1.78537637404165e-09    1.95992457137923e-09    2.43593232364197e-09    2.30099191672308e-10    4.60819136946181e-10    2.34525562126829e-09    9.21740721894963e-09
207.999999999883    3.25891476639314e-09    1.79212657756083e-09    1.92214158301191e-09    2.74134852615564e-10    2.07769194094202e-10    1.70522404475435e-09    9.16031101842999e-09
208.499999999883    5.54037461101263e-09    1.32775771258124e-09    1.09287095375731e-09    3.72891778708608e-10    1.47671429140487e-11    7.375372883594e-10    9.08619948733323e-09
208.999999999882    4.71867156153542e-09    1.35912921264575e-09    1.42810589892043e-09    3.30957776886947e-10    2.67971577117057e-11    1.11694170258433e-09    8.98060331028458e-09
209.499999999882    2.27923107172419e-09    1.94484977033251e-09    2.16378036544901e-09    2.68745944928098e-10    2.17297318522091e-10    2.00168411982188e-09    8.87558859077778e-09
209.999999999882    1.9116838109601e-09    1.96107634393684e-09    2.24218514752873e-09    2.63606412224758e-10    3.20326081131363e-10    2.09956498521006e-09    8.79844278099185e-09
210.499999999881    3.56239222546711e-09    1.64410528205427e-09    1.68856547844417e-09    3.19005762679977e-10    1.12646327784114e-10    1.41414250041354e-09    8.74085757684319e-09
210.999999999881    5.10518492493236e-09    1.29633730796919e-09    1.1243104250398e-09    3.98581649368138e-10    8.61267362647808e-12    7.29041970985527e-10    8.6620689519215e-09
211.49999999988    3.57123252002884e-09    1.51104209938126e-09    1.69420518328507e-09    3.28139040299983e-10    5.42553123260066e-11    1.40341666051696e-09    8.56229081583812e-09
211.99999999988    1.94540094414159e-09    1.94422806344231e-09    2.1491755426489e-09    2.99587203400082e-10    2.02429969259965e-10    1.92993696616625e-09    8.47075868905909e-09
212.499999999879    2.64490629978484e-09    1.77697425527665e-09    1.87666959104465e-09    3.29886923636921e-10    1.72082261263477e-10    1.60676523961501e-09    8.40728457062154e-09
212.999999999879    4.03127061149385e-09    1.56708088518871e-09    1.33980584818897e-09    3.99100835610696e-10    3.90565824987961e-11    9.66862118775095e-10    8.34317688175612e-09
213.499999999878    3.99507211556722e-09    1.43016257158169e-09    1.39484357194968e-09    3.98780099805813e-10    2.83563049072303e-11    1.01039099731791e-09    8.25760566112955e-09
213.999999999878    2.51494731675223e-09    1.81914723852597e-09    1.84573371321248e-09    3.50345754874966e-10    9.44271297773722e-11    1.54577464848983e-09    8.17037580163284e-09
214.499999999877    2.52634627255435e-09    1.84205919833468e-09    1.7650627465687e-09    3.73902078913842e-10    1.49426799296072e-10    1.44092903107793e-09    8.09772612674557e-09
214.999999999877    3.26622166256311e-09    1.60600555741089e-09    1.53715381325463e-09    3.97294832088457e-10    5.82629000457467e-11    1.16987378602716e-09    8.03481255138999e-09
215.499999999877    3.48885687045513e-09    1.5598991613787e-09    1.42943721980644e-09    4.21760652588273e-10    2.80658554145111e-11    1.03208467367425e-09    7.9601044333173e-09
215.999999999876    3.01465796773971e-09    1.56617296397454e-09    1.61149541629453e-09    4.08839140624054e-10    4.47489746509711e-11    1.2357990238265e-09    7.88171348711031e-09
216.499999999876    2.54283248894063e-09    1.72644338071686e-09    1.690068069403e-09    4.1745102004186e-10    9.76228148879971e-11    1.33124862500632e-09    7.80566639899666e-09
216.999999999875    2.61755093958204e-09    1.73050598262748e-09    1.65257785442945e-09    4.19414195298639e-10    6.21924643792078e-11    1.25934203221237e-09    7.74158346852918e-09
217.499999999875    3.3917624699708e-09    1.50931313187857e-09    1.36696765345239e-09    4.65246177585522e-10    1.63767719593763e-11    9.2746717559192e-10    7.67713338043857e-09
217.999999999874    2.97662490760949e-09    1.57684377190578e-09    1.49812403192645e-09    4.65077798355417e-10    2.94122576755082e-11    1.05472995680149e-09    7.60081272427413e-09
218.499999999874    2.34684389099152e-09    1.73235665034843e-09    1.68096447972599e-09    4.52933984546399e-10    6.20225214557072e-11    1.25324670055573e-09    7.52836822762377e-09
218.999999999873    2.6863636860399e-09    1.69683872569124e-09    1.49866014400291e-09    4.84516586410028e-10    4.33619567805612e-11    1.0574740715936e-09    7.46721517051823e-09
219.499999999873    3.0400934428296e-09    1.53067590167177e-09    1.40411672611686e-09    4.97139429654909e-10    1.25696391131786e-11    9.18059223810565e-10    7.40265436319688e-09
219.999999999872    2.78219569271962e-09    1.561941312033e-09    1.48450538820552e-09    5.06897780096436e-10    1.87495703950724e-11    9.77832673088127e-10    7.33212241653777e-09
220.499999999872    2.27789009362422e-09    1.73146408028033e-09    1.58972504612363e-09    5.07276066463178e-10    4.3370607859977e-11    1.11417525458006e-09    7.26390114893139e-09
220.999999999872    2.70204472683725e-09    1.59755701552539e-09    1.43108212696288e-09    5.32194217892992e-10    2.27739071587307e-11    9.19468476032245e-10    7.20512047040949e-09
221.499999999871    2.76734363710714e-09    1.56191171521807e-09    1.39307672122083e-09    5.46155725712384e-10    9.66733523008362e-12    8.62511994168773e-10    7.14066712865729e-09
221.999999999871    2.42679234605667e-09    1.6532303430698e-09    1.47843276857592e-09    5.55898407963648e-10    2.11415062265191e-11    9.38691359731471e-10    7.07418673162402e-09
222.49999999987    2.52991103711974e-09    1.60281932229738e-09    1.42256680443463e-09    5.66578178968624e-10    1.93221670257875e-11    8.72415832411197e-10    7.01361334225736e-09
222.99999999987    2.48580168472644e-09    1.6228641556723e-09    1.3996831327026e-09    5.92980241382992e-10    1.80936047317171e-11    8.31747880427096e-10    6.95117069964315e-09
223.499999999869    2.39271778958288e-09    1.65441340525472e-09    1.41103411222349e-09    5.96605569925802e-10    9.50295804057958e-12    8.26673714454287e-10    6.89094754948176e-09
223.999999999869    2.5865846173763e-09    1.51987836019671e-09    1.35250180386442e-09    6.21778836216737e-10    7.20868728650687e-12    7.42293495033421e-10    6.83024579997409e-09
224.499999999868    2.13493083088772e-09    1.71405054562623e-09    1.43788101853978e-09    6.24730784511733e-10    2.00669039360825e-11    8.35724506695355e-10    6.7673845901969e-09
224.999999999868    2.49758549820281e-09    1.52703762917568e-09    1.33850478359102e-09    6.4474013393988e-10    4.82069878764359e-12    6.99467147420794e-10    6.71215589111783e-09
225.499999999867    2.33394958745371e-09    1.56318822756336e-09    1.36381084066097e-09    6.58515443057812e-10    4.68569855097391e-12    7.27746279263502e-10    6.65189607655033e-09
225.999999999867    2.177337278095e-09    1.56516947531984e-09    1.42320947717601e-09    6.62155094140144e-10    7.35394062177333e-12    7.57980017499999e-10    6.59320528285277e-09
226.499999999867    2.30557399172279e-09    1.52662247477531e-09    1.34403575981564e-09    6.8509053462506e-10    3.39687277987011e-12    6.72660209786588e-10    6.53737984350525e-09
226.999999999866    2.21989952278209e-09    1.5161511135884e-09    1.36623185485887e-09    6.94430557613741e-10    2.96771973351766e-12    6.80312350129227e-10    6.47999311870585e-09
227.499999999866    2.12461178194336e-09    1.53277568851913e-09    1.37549455877795e-09    7.06564590943567e-10    4.10329369857577e-12    6.7982307364458e-10    6.42337298752716e-09
227.999999999865    2.18984160681277e-09    1.47125556005665e-09    1.34538320417705e-09    7.23010996601891e-10    1.98748065169634e-12    6.36969535327842e-10    6.36844838362789e-09
228.499999999865    2.12851104078613e-09    1.45552612685049e-09    1.36137074228898e-09    7.29096125054743e-10    1.94636852679542e-12    6.36725099950288e-10    6.31317550345743e-09
228.999999999864    2.01864978754488e-09    1.48676486206057e-09    1.37782375982258e-09    7.40905282624668e-10    2.00650052050302e-12    6.32539751254619e-10    6.25868994382783e-09
229.499999999864    2.07675036012325e-09    1.43132703303055e-09    1.34349844070402e-09    7.58045867161605e-10    1.16489767741834e-12    5.94278154266476e-10    6.20506475296331e-09
229.999999999863    2.00881286799099e-09    1.42765007065481e-09    1.35337089390032e-09    7.73511369878028e-10    1.30534306837077e-12    5.86995281189485e-10    6.15164582668201e-09
230.499999999863    1.96599303011712e-09    1.42730906938676e-09    1.34631210502387e-09    7.8834450830175e-10    1.14164837318813e-12    5.69758899224391e-10    6.09885926042709e-09
230.999999999862    1.97163000192716e-09    1.3893631926812e-09    1.34425506357271e-09    8.00151533402596e-10    8.71673458461915e-13    5.404913714738e-10    6.04676283651593e-09
231.499999999862    1.92495900992971e-09    1.38081370509056e-09    1.34509539731462e-09    8.11306328179529e-10    7.6960276411126e-13    5.32252572679821e-10    5.99519661595835e-09
231.999999999862    1.85643370439668e-09    1.38132515834686e-09    1.35006365931371e-09    8.22084210835135e-10    6.34725024012687e-13    5.33522206900998e-10    5.9440636648174e-09
232.499999999861    1.88041937267471e-09    1.35093902729973e-09    1.32728639262438e-09    8.43659950263016e-10    5.28284370317492e-13    4.90729373557704e-10    5.89356240078986e-09
232.999999999861    1.8217757977972e-09    1.34427570244451e-09    1.33306286577952e-09    8.52673819517588e-10    5.08614411246708e-13    4.91210974807655e-10    5.84350777475772e-09
233.49999999986    1.80297614556231e-09    1.33122406536395e-09    1.32659347420893e-09    8.63858829199877e-10    3.79201651580944e-13    4.69082758515194e-10    5.79411447450184e-09
233.99999999986    1.76008509845414e-09    1.32302291840811e-09    1.33126831340976e-09    8.68859621032321e-10    3.7840277301873e-13    4.6144148058294e-10    5.74505583466029e-09
234.499999999859    1.76481945528194e-09    1.29841097015975e-09    1.3179178464511e-09    8.82619396210068e-10    3.09439597848864e-13    4.32619023153625e-10    5.69669613085433e-09
234.999999999859    1.71127669780123e-09    1.28943620438188e-09    1.32017271087653e-09    8.90270267297266e-10    2.92525725255625e-13    4.37228413124217e-10    5.64867681920638e-09
235.499999999858    1.71189971604645e-09    1.2683511355435e-09    1.30371279309371e-09    9.02344635153156e-10    2.26177330211436e-13    4.14772541858979e-10    5.60130699902601e-09
235.999999999858    1.65217650165621e-09    1.26851189124978e-09    1.32165389883149e-09    9.00283063148719e-10    2.33614145836781e-13    4.11430017171531e-10    5.55428898620357e-09
236.499999999857    1.63784433141011e-09    1.25054600771012e-09    1.30395549065193e-09    9.17006468942397e-10    1.93330835279317e-13    3.98280076752144e-10    5.50782570630198e-09
236.999999999857    1.63010862493043e-09    1.22851734905177e-09    1.3014334191759e-09    9.1981262528671e-10    1.64674917635586e-13    3.81832008851996e-10    5.46186870221444e-09
237.499999999856    1.58710720400737e-09    1.22561153849299e-09    1.30476865244173e-09    9.19673837143523e-10    1.63701875431501e-13    3.79050148905168e-10    5.41637508286622e-09
237.999999999856    1.55543217189504e-09    1.21825363501851e-09    1.29876660382544e-09    9.22570561329088e-10    1.43824742377409e-13    3.76149202646435e-10    5.37131599945689e-09
238.499999999856    1.56270182198602e-09    1.19229495163386e-09    1.28477840250409e-09    9.31636476427462e-10    1.26671952740682e-13    3.55214161005745e-10    5.32675248550992e-09
238.999999999855    1.53961521311487e-09    1.18163514321726e-09    1.27972953809041e-09    9.34135135246235e-10    1.13871425233544e-13    3.47473137317083e-10    5.2827020384111e-09
239.499999999855    1.49050317641878e-09    1.18000190053913e-09    1.28458687648253e-09    9.32670681466658e-10    1.11959150374362e-13    3.51125850164579e-10    5.23900044422205e-09
239.999999999854    1.50245971375139e-09    1.15228351444833e-09    1.26852924930592e-09    9.41353229823565e-10    9.05079941992673e-14    3.31089948342576e-10    5.19580616366599e-09
240.499999999854    1.47310590262368e-09    1.14844868988217e-09    1.26696112637211e-09    9.38099962472906e-10    8.66335634737927e-14    3.26377823381397e-10    5.15308013829574e-09
240.999999999853    1.44547782963622e-09    1.13756792525623e-09    1.26531664066405e-09    9.37737683334788e-10    8.40371906059307e-14    3.2453819934925e-10    5.11072231543115e-09
241.499999999853    1.44493747448736e-09    1.12249737285431e-09    1.25224199811389e-09    9.41825433970259e-10    6.80453373644909e-14    3.07303125080343e-10    5.06887344984353e-09
241.999999999852    1.41683312618084e-09    1.11411943799785e-09    1.25736461634008e-09    9.32681860460291e-10    7.14826611460819e-14    3.06333092374267e-10    5.02740361601447e-09
242.499999999852    1.39682155670614e-09    1.10471709391976e-09    1.23689904405553e-09    9.44543924165249e-10    6.23226209420546e-14    3.03326014405148e-10    4.98636995587277e-09
242.999999999851    1.38673956454504e-09    1.09360685742695e-09    1.23252047704656e-09    9.40029578463729e-10    5.80651906711347e-14    2.92802038292401e-10    4.94575658096535e-09
243.499999999851    1.37222025969676e-09    1.08191398715092e-09    1.22680857598887e-09    9.38412502461248e-10    5.60833233024422e-14    2.86144610401472e-10    4.90555601902257e-09
243.999999999851    1.35546101561523e-09    1.06948160547795e-09    1.220796998222e-09    9.36412736090033e-10    4.92308282457037e-14    2.83569219262866e-10    4.86577080549632e-09
244.49999999985    1.33157108847925e-09    1.06276124924407e-09    1.21491658832385e-09    9.34473264635458e-10    4.95165030323265e-14    2.82582565427973e-10    4.82635427261363e-09
244.99999999985    1.32508166920464e-09    1.05152543726029e-09    1.20316565816535e-09    9.33415773916227e-10    4.38957833842051e-14    2.74120467049952e-10    4.78735290137984e-09
245.499999999849    1.31978322442368e-09    1.03945530678138e-09    1.19573613482249e-09    9.30600065890874e-10    3.82937836664644e-14    2.6316534964284e-10    4.74877837534492e-09
245.999999999849    1.29289308709123e-09    1.03524368178667e-09    1.1899132611416e-09    9.25751199449149e-10    4.11241763844541e-14    2.66718839990392e-10    4.71056119363542e-09
246.499999999848    1.27866857096878e-09    1.02710158243903e-09    1.18226846945221e-09    9.22807716945641e-10    3.88706235646021e-14    2.61825810606258e-10    4.67271102103548e-09
246.999999999848    1.27501286487944e-09    1.01712907871086e-09    1.17449474494569e-09    9.1679658961625e-10    3.27964385220674e-14    2.51796829340234e-10    4.63526290393099e-09
247.499999999847    1.25890515082906e-09    1.00676267939853e-09    1.16309560900497e-09    9.17518777662392e-10    3.31613205129505e-14    2.51885416129751e-10    4.59820079434521e-09
247.999999999847    1.24363304157619e-09    1.00097651313839e-09    1.16063315233534e-09    9.10354338083951e-10    3.21827781777274e-14    2.45847648601718e-10    4.56147687651376e-09
248.499999999846    1.23811569261528e-09    9.89981072997895e-10    1.14622333157397e-09    9.08875840043859e-10    2.82002278629214e-14    2.4191561320259e-10    4.52513975066146e-09
248.999999999846    1.22452363415227e-09    9.84090255623989e-10    1.13548058764999e-09    9.05945141651512e-10    2.8167180991721e-14    2.39102501579991e-10    4.48917028783874e-09
249.499999999846    1.21561497182626e-09    9.70946876911038e-10    1.13380167373542e-09    8.9907818091901e-10    2.69613247739563e-14    2.34058938838693e-10    4.45352760355519e-09
249.999999999845    1.20425836598278e-09    9.6445671522391e-10    1.12516625101837e-09    8.94593717290833e-10    2.47703205107281e-14    2.29763196614278e-10    4.41826301645068e-09
250.499999999845    1.18698346540811e-09    9.6034821259901e-10    1.11849268967291e-09    8.885701226478e-10    2.513778707139e-14    2.28923393009721e-10    4.38334302112462e-09
250.999999999844    1.17278161428691e-09    9.54102468103748e-10    1.10830395259499e-09    8.87472918676871e-10    2.45881357266188e-14    2.26082117217179e-10    4.34876765901543e-09
251.499999999844    1.16494278636898e-09    9.42549973681278e-10    1.10277479861873e-09    8.82901819549947e-10    2.3043348052966e-14    2.21324583749075e-10    4.31451700531606e-09
251.999999999843    1.1508661545042e-09    9.36545786563379e-10    1.0983975367599e-09    8.76469821378221e-10    2.22307616528688e-14    2.18316231662366e-10    4.28061776162972e-09
252.499999999843    1.13801982596362e-09    9.30828936842196e-10    1.08911622584286e-09    8.72158164075915e-10    2.13913080539947e-14    2.1690363920293e-10    4.24704818323558e-09
252.999999999842    1.12983531144205e-09    9.22285208664058e-10    1.07999848658803e-09    8.68483330448462e-10    2.06787654444458e-14    2.13183454347676e-10    4.21380647025572e-09
253.499999999842    1.12057323156131e-09    9.13676703843984e-10    1.06983397766443e-09    8.66701380526207e-10    2.03943653575911e-14    2.10089657836022e-10    4.18089534579731e-09
253.999999999841    1.11102431610493e-09    9.05505952514254e-10    1.06672221984847e-09    8.57319426813338e-10    1.8828455593225e-14    2.07699341395669e-10    4.14829008513225e-09
254.499999999841    1.10422507681464e-09    8.93581823756829e-10    1.05841024778324e-09    8.54987808897632e-10    1.80591878944548e-14    2.04788227542241e-10    4.11601124398248e-09
254.999999999841    1.09102688839969e-09    8.88753560425223e-10    1.04979534034959e-09    8.50166176270752e-10    1.80939277335415e-14    2.04284139390262e-10    4.08404419876326e-09
255.49999999984    1.08087476402671e-09    8.84179769444884e-10    1.04444312503462e-09    8.42317181682075e-10    1.74289179950236e-14    2.00552112503259e-10    4.05238438160955e-09
255.99999999984    1.07578052992984e-09    8.7663236276568e-10    1.03651924618632e-09    8.37297866772959e-10    1.61181289116504e-14    1.94790374044391e-10    4.0210364978281e-09
256.499999999839    1.06284054128101e-09    8.70798713348634e-10    1.02586840300799e-09    8.35090035405419e-10    1.60330870707708e-14    1.9538263232887e-10    3.98999635845899e-09
256.999999999839    1.05233442827025e-09    8.6359388592876e-10    1.02132167575631e-09    8.27471203482192e-10    1.64576277207437e-14    1.94503213447863e-10    3.95924086451309e-09
257.499999999838    1.04618816689784e-09    8.58708073269856e-10    1.00911824902304e-09    8.23123985420854e-10    1.53577691725479e-14    1.91634988406353e-10    3.92878882078711e-09
257.999999999838    1.0380312830823e-09    8.49636304443648e-10    1.00443248085999e-09    8.17363616954048e-10    1.43857162492844e-14    1.89152916207332e-10    3.89863098726357e-09
258.499999999837    1.02696282363177e-09    8.41948750428238e-10    9.99486209944174e-10    8.12501096132343e-10    1.48397826171074e-14    1.8784611855428e-10    3.86875983847343e-09
258.999999999837    1.01613300555394e-09    8.36873064704681e-10    9.91594389941753e-10    8.08698101986049e-10    1.47503280908056e-14    1.8585051753747e-10    3.83916383005198e-09
259.499999999837    1.00978100900552e-09    8.30595125851299e-10    9.84161674806279e-10    8.03907665646843e-10    1.33058795320671e-14    1.81407319638551e-10    3.80986610082802e-09
259.999999999836    1.00181766245993e-09    8.20786877827641e-10    9.79929840360374e-10    7.98110367793535e-10    1.29898753628759e-14    1.8018195275369e-10    3.78083969107054e-09
260.499999999836    9.89276473257302e-10    8.14455801852146e-10    9.73244830585294e-10    7.94943009049492e-10    1.33815961010886e-14    1.80152775289078e-10    3.75208627162941e-09
260.999999999835    9.82716593758541e-10    8.09650640729614e-10    9.6736207774734e-10    7.87002666423349e-10    1.27749334166771e-14    1.7686218166518e-10    3.72360693525744e-09
261.499999999835    9.79173848709645e-10    7.99425258753912e-10    9.60380554179197e-10    7.82917119965647e-10    1.20959300603278e-14    1.73491739521412e-10    3.69540061705987e-09
261.999999999834    9.69752195551637e-10    7.93876500080178e-10    9.5261533875818e-10    7.78871108957827e-10    1.20543100418376e-14    1.72336683189312e-10    3.66746388084718e-09
262.499999999834    9.60973462206434e-10    7.8867710946326e-10    9.42660054005722e-10    7.76023094664822e-10    1.19983606250736e-14    1.71442719436658e-10    3.63978843813752e-09
262.999999999833    9.51616699336208e-10    7.8203804935655e-10    9.36970737772342e-10    7.71944542480354e-10    1.15910954957926e-14    1.69786489259995e-10    3.61236810930095e-09
263.499999999833    9.45407410546358e-10    7.74310827080694e-10    9.34563645406423e-10    7.63523068001096e-10    1.14669912319114e-14    1.67387462283104e-10    3.58520388030891e-09
263.999999999832    9.34581664045754e-10    7.71120683134075e-10    9.30211348838045e-10    7.56143813696833e-10    1.15372652462763e-14    1.66230459203055e-10    3.55829950618301e-09
264.499999999832    9.27904055394441e-10    7.67299835164098e-10    9.18385447289785e-10    7.53975045143099e-10    1.09576548541756e-14    1.64077184897678e-10    3.53165252554396e-09
264.999999999832    9.22817167223103e-10    7.61204992130623e-10    9.13417072580904e-10    7.46052698130044e-10    1.06334049533727e-14    1.6174596481412e-10    3.50524852828375e-09
265.499999999831    9.16121945072349e-10    7.54083879197218e-10    9.0356109923554e-10    7.43995644786232e-10    1.0780573044537e-14    1.61318183174908e-10    3.47909153203929e-09
265.999999999831    9.07644187736259e-10    7.49761246795176e-10    8.98090983004687e-10    7.37734252848499e-10    1.05387785248242e-14    1.59935039260592e-10    3.45317624842374e-09
266.49999999983    9.00879666506395e-10    7.43152422099487e-10    8.90041168250971e-10    7.35606995905855e-10    1.01886964307385e-14    1.57819708456945e-10    3.42751014991608e-09
266.99999999983    8.94598477771307e-10    7.3659214880902e-10    8.84749875107246e-10    7.2985160694579e-10    1.0102752147154e-14    1.56272444969805e-10    3.40207465635532e-09
267.499999999829    8.88185986909165e-10    7.3086796761476e-10    8.78911259746088e-10    7.24216135061036e-10    9.95584524327667e-15    1.54682278729392e-10    3.37687358390569e-09
267.999999999829    8.80727234652111e-10    7.26878851399357e-10    8.67888578393333e-10    7.23067112762573e-10    9.71933417474328e-15    1.53334072159323e-10    3.35190556870087e-09
268.499999999828    8.74184982743838e-10    7.20276888001252e-10    8.62034075689411e-10    7.17857019832385e-10    9.49395144388675e-15    1.52814429940778e-10    3.32717689015911e-09
268.999999999828    8.70517862178097e-10    7.12682051222511e-10    8.56962763950154e-10    7.11561306014227e-10    9.5409591653629e-15    1.50927349458096e-10    3.30266087378225e-09
269.499999999827    8.59681262412023e-10    7.10875864161191e-10    8.5328174168561e-10    7.04519494110654e-10    9.31991032345626e-15    1.50007571287622e-10    3.27837525356742e-09
269.999999999827    8.52089239909738e-10    7.06102404657926e-10    8.47244192244121e-10    7.01181244883711e-10    9.14614252211071e-15    1.47690979293117e-10    3.25431720713114e-09
270.499999999827    8.43406425699458e-10    7.02323336025469e-10    8.43289229241645e-10    6.94783164132863e-10    9.17014787280463e-15    1.4667131267436e-10    3.23048263792167e-09
270.999999999826    8.38971160951297e-10    6.95307012944322e-10    8.36098062910685e-10    6.90774612518687e-10    9.04979368414368e-15    1.4569255464863e-10    3.20685245376731e-09
271.499999999826    8.31888607178782e-10    6.90111955855905e-10    8.30322886341747e-10    6.86938849541118e-10    8.84709795024938e-15    1.44180445245664e-10    3.18345159126117e-09
271.999999999825    8.27578801798923e-10    6.85375972028853e-10    8.22787435649091e-10    6.81851028547912e-10    8.83489265615458e-15    1.42656003169016e-10    3.16025807608645e-09
272.499999999825    8.22094496418021e-10    6.79070251950488e-10    8.16849498131761e-10    6.76876948572043e-10    8.68193711285279e-15    1.42373008674111e-10    3.13727288568354e-09
272.999999999824    8.12187426672245e-10    6.79495890852201e-10    8.10448810161795e-10    6.70996454117047e-10    8.49747121658854e-15    1.41365543031009e-10    3.11450262230551e-09
273.499999999824    8.12808393724953e-10    6.6935544099883e-10    8.07175282405829e-10    6.65343415594643e-10    8.2847501563452e-15    1.37232491918494e-10    3.09192330939291e-09
273.999999999823    8.04006582714899e-10    6.65216156771802e-10    7.99025327791894e-10    6.64284295964919e-10    8.2819687399738e-15    1.37022077209621e-10    3.06956272242187e-09
274.499999999823    7.98639645741232e-10    6.59446764870522e-10    7.92371456428094e-10    6.6101109021901e-10    8.15811708074292e-15    1.35927137626033e-10    3.04740425300197e-09
274.999999999822    7.88919597512232e-10    6.57485608094517e-10    7.89735903334856e-10    6.53535779554112e-10    8.05968371365817e-15    1.35761217767685e-10    3.02544616594712e-09
275.499999999822    7.85528048250123e-10    6.51420959548203e-10    7.80949732542131e-10    6.51118769561471e-10    7.93688863510005e-15    1.34653420076534e-10    3.0036788668671e-09
275.999999999822    7.79637717594464e-10    6.46959805750311e-10    7.77941380452776e-10    6.4424145040818e-10    7.88996465039778e-15    1.33320575146877e-10    2.98210881931726e-09
276.499999999821    7.74251048171443e-10    6.41627436730842e-10    7.69102173891069e-10    6.42873606406231e-10    7.87850191106132e-15    1.32865649833654e-10    2.96072779353515e-09
276.999999999821    7.68713241055046e-10    6.3787362383156e-10    7.65152049360536e-10    6.36107580237659e-10    7.76400546164942e-15    1.31687301820078e-10    2.93954156031034e-09
277.49999999982    7.62181030041759e-10    6.34761763377676e-10    7.60660807746854e-10    6.30486131851604e-10    7.70749600236711e-15    1.30446712241214e-10    2.91854415275511e-09
277.99999999982    7.56159616253884e-10    6.30119519535929e-10    7.53137461541974e-10    6.28630246796317e-10    7.6610355739121e-15    1.29689276013766e-10    2.89774378117744e-09
278.499999999819    7.4943678176147e-10    6.28021337057e-10    7.51613894604343e-10    6.20271846127725e-10    7.65618558715071e-15    1.27763840681148e-10    2.87711535641727e-09
278.999999999819    7.48429715727386e-10    6.20534130008071e-10    7.44991071622169e-10    6.1608759965886e-10    7.4557796422036e-15    1.26620759921053e-10    2.85667073271718e-09
279.499999999818    7.40863506347794e-10    6.19460883675259e-10    7.41084334542946e-10    6.10557988205537e-10    7.42247472826382e-15    1.24437338918479e-10    2.83641147416474e-09
279.999999999818    7.35851584153644e-10    6.13511043276279e-10    7.33279048641237e-10    6.08761676079259e-10    7.38509260776563e-15    1.249259561834e-10    2.81633669342643e-09
280.499999999817    7.30023357427376e-10    6.09544568196377e-10    7.28441652698127e-10    6.047280949121e-10    7.36414969314771e-15    1.23685255710178e-10    2.79643029309385e-09
280.999999999817    7.24658321865549e-10    6.05607265952383e-10    7.22041450734932e-10    6.02131146855884e-10    7.28356451294261e-15    1.2226161823214e-10    2.7767070872054e-09
281.499999999817    7.22688994345602e-10    5.98713510706644e-10    7.18695232538072e-10    5.95888730872548e-10    7.15835955018983e-15    1.21149824080513e-10    2.75714345090293e-09
281.999999999816    7.15914528628053e-10    5.95918596411859e-10    7.10243566048161e-10    5.94193823093057e-10    7.12729814241962e-15    1.21490805792189e-10    2.73776844727146e-09
282.499999999816    7.11178951355344e-10    5.91466638449735e-10    7.06588381839296e-10    5.90039213102897e-10    7.06109114714866e-15    1.19275993508975e-10    2.71855623934739e-09
282.999999999815    7.06893602867618e-10    5.85604703980502e-10    7.02169514571075e-10    5.86174841790882e-10    6.95245970511828e-15    1.18661525102253e-10    2.69951114077203e-09
283.499999999815    6.99552059264724e-10    5.8329521615257e-10    6.97344826389079e-10    5.82436963335067e-10    6.90699290522951e-15    1.18000984472197e-10    2.68063695660654e-09
283.999999999814    6.95652921596787e-10    5.79460884825741e-10    6.94606684703936e-10    5.76083206516812e-10    6.88572433514813e-15    1.16108276036394e-10    2.66191885940401e-09
284.499999999814    6.91845853847557e-10    5.73375925550527e-10    6.91410615846258e-10    5.712656655932e-10    6.70676434434238e-15    1.15459806780017e-10    2.6433645743819e-09
284.999999999813    6.83332263438915e-10    5.73320357289735e-10    6.85193259344751e-10    5.67894955536421e-10    6.77700097007219e-15    1.15233592858663e-10    2.62498120546946e-09
285.499999999813    6.78557403735697e-10    5.71051329673899e-10    6.77304825513111e-10    5.65530296050705e-10    6.70067695796527e-15    1.14306033118887e-10    2.60675658876926e-09
285.999999999812    6.77669368976013e-10    5.63465028139827e-10    6.74044667328686e-10    5.6071975551529e-10    6.54888934467826e-15    1.12775071133367e-10    2.58868043998253e-09
286.499999999812    6.74315450002044e-10    5.56938171959577e-10    6.72311768518553e-10    5.557091684452e-10    6.45807077251188e-15    1.11479540152508e-10    2.57076055714865e-09
286.999999999812    6.65843146861258e-10    5.55924463493916e-10    6.65348009145999e-10    5.53491309447454e-10    6.45994838737615e-15    1.12397705826759e-10    2.55301109472377e-09
287.499999999811    6.61142172111896e-10    5.51627537141247e-10    6.6023031650447e-10    5.51820391286318e-10    6.44496298758664e-15    1.10575987634823e-10    2.53540284964174e-09
287.999999999811    6.59301092977208e-10    5.44442145857081e-10    6.54944903391028e-10    5.48901178118947e-10    6.33642586466855e-15    1.10346725508954e-10    2.51794238227908e-09
288.49999999981    6.52883002651809e-10    5.42274669065084e-10    6.55169230900828e-10    5.41908571481437e-10    6.19626323355737e-15    1.08394636066353e-10    2.50063630642874e-09
288.99999999981    6.47880625439936e-10    5.3857375328768e-10    6.47598721978914e-10    5.41246999343373e-10    6.14504280064797e-15    1.08175049989903e-10    2.48348129508261e-09
289.499999999809    6.41612731008812e-10    5.37242353088797e-10    6.4253995708664e-10    5.38037614675256e-10    6.19008763327316e-15    1.07036053842239e-10    2.46647489978938e-09
289.999999999809    6.38589924195671e-10    5.32146049461901e-10    6.3733095741087e-10    5.34409988065467e-10    6.08904911940656e-15    1.07129236320453e-10    2.44961224450348e-09
290.499999999808    6.33694108781129e-10    5.29412712767178e-10    6.34390033485513e-10    5.29685064163617e-10    5.97188138962604e-15    1.0570231159131e-10    2.43289020267014e-09
290.999999999808    6.28261151045207e-10    5.25353796743386e-10    6.29862861991911e-10    5.27306475320427e-10    6.0355430894793e-15    1.05520522909795e-10    2.41631084355382e-09
291.499999999807    6.23715892535393e-10    5.22215309420006e-10    6.25418947569975e-10    5.24115094785876e-10    5.96738986161919e-15    1.04402037671924e-10    2.39987324937304e-09
291.999999999807    6.19592199224911e-10    5.18259726323696e-10    6.24488655841936e-10    5.18341306170624e-10    5.87724117919038e-15    1.02883668435587e-10    2.38357143323793e-09
292.499999999807    6.15723550651812e-10    5.15930608435213e-10    6.17202248487481e-10    5.15851565279288e-10    5.90208125119409e-15    1.02699876292802e-10    2.36741375122785e-09
292.999999999806    6.15472507154671e-10    5.11593066492077e-10    6.12587471879457e-10    5.11041774906896e-10    5.79982947794835e-15    1.00686133807918e-10    2.3513867540705e-09
293.499999999806    6.09613572747694e-10    5.08693052959287e-10    6.08549494017613e-10    5.07577456397368e-10    5.74478788096709e-15    1.01061118092842e-10    2.33550043900269e-09
293.999999999805    6.04021161810183e-10    5.04678922575244e-10    6.03086304427788e-10    5.06864849132691e-10    5.67918409145063e-15    1.01095217466834e-10    2.31975213459683e-09
294.499999999805    5.9901247544275e-10    5.0286527704355e-10    6.01403634064517e-10    5.01827386885325e-10    5.66609611643083e-15    9.9015655671048e-11    2.30413009520331e-09
294.999999999804    5.96586643696828e-10    4.98768133165486e-10    5.97469716001142e-10    4.97224436270289e-10    5.59269243167831e-15    9.85808994660276e-11    2.2886354212922e-09
295.499999999804    5.92867970345672e-10    4.94154899858234e-10    5.91375760233928e-10    4.96610373318702e-10    5.49728108576879e-15    9.8261694649135e-11    2.27327619568676e-09
295.999999999803    5.87829807403105e-10    4.92258079984479e-10    5.8689961024132e-10    4.9322719860465e-10    5.52537147835631e-15    9.78258558118402e-11    2.25804607741687e-09
296.499999999803    5.83170300014623e-10    4.89884100486482e-10    5.84388999909072e-10    4.88695738262107e-10    5.4639479481967e-15    9.67977116763421e-11    2.24294231429657e-09
296.999999999802    5.81309934130168e-10    4.85372308644004e-10    5.80803130772968e-10    4.84919082798826e-10    5.42744733454413e-15    9.55509327069768e-11    2.22796081650028e-09
297.499999999802    5.77552538762127e-10    4.81491864580425e-10    5.76809967205458e-10    4.82016589929639e-10    5.35991182905188e-15    9.52312212637767e-11    2.21310754165326e-09
297.999999999802    5.71290499722253e-10    4.80113953248305e-10    5.72283561056313e-10    4.80472729213047e-10    5.38216018126683e-15    9.42159944863011e-11    2.1983821198864e-09
298.499999999801    5.69806234694087e-10    4.75801182601483e-10    5.70541316556082e-10    4.744623010478e-10    5.29436555051148e-15    9.31536449061038e-11    2.18376997417111e-09
298.999999999801    5.64292378071223e-10    4.73584436450912e-10    5.65375614011496e-10    4.7183490822262e-10    5.29268706318998e-15    9.41953978706946e-11    2.16928802731401e-09
299.4999999998    5.60561097801187e-10    4.70909324848912e-10    5.6156502154538e-10    4.69441591626214e-10    5.26255337048638e-15    9.24400540943326e-11    2.1549223524694e-09
