#t    E^kin_scal0    E^grad_scal0    E^kin_scal1    E^grad_scal1    Vpot_term_0    Vpot_term_1    E_tot
0    0.0286931191605681    7.92308405874628e-08    1.64763198105269e-06    5.86648866433132e-09    0.0573859929272652    1.68663971469975e-06    0.0860825314568582
0.5    0.0292183387602529    6.75255363818573e-08    1.06773972054213e-06    4.64185723106842e-09    0.0421626558335629    1.24850127188367e-06    0.0713833830022018
1    0.0288903987531562    5.13733915554742e-08    7.39582223548804e-07    3.42625234159966e-09    0.0280100076587395    8.08875296249118e-07    0.0569020096690594
1.49999999999999    0.0273351718230186    3.64417440322724e-08    5.14300202401762e-07    2.63980457214924e-09    0.0161220199488691    4.88566699379648e-07    0.043458233720338
1.99999999999998    0.0243622174090308    2.71104523467065e-08    2.76745134446862e-07    2.77559673558203e-09    0.0075363920518969    3.57910786759373e-07    0.031899274002898
2.49999999999997    0.0202307059938204    2.08221220509547e-08    1.94103718950619e-07    2.21041294799907e-09    0.00256877690746043    1.76738572832392e-07    0.0227998767761076
2.99999999999996    0.0157106658996696    1.63353815786655e-08    1.01533550853918e-07    2.69972593486739e-09    0.000509582741724401    9.36874885729525e-08    0.016220462897541
3.49999999999995    0.0117115604492577    1.31408163150821e-08    4.01167187418768e-08    4.2576905816153e-09    2.82157791478019e-05    3.62979711167786e-08    0.0117398700416022
3.99999999999994    0.00873661400195666    1.07351716291227e-08    9.78306708873181e-09    1.16319480086038e-08    6.34187803415168e-10    5.20968969979972e-10    0.00873664730730016
4.49999999999993    0.00663071085468569    8.99174014992531e-09    3.37390176963743e-08    2.61809334442414e-09    4.71919521392039e-05    2.90766554150873e-08    0.0066779772323315
4.99999999999992    0.00463283252779742    7.59339104632988e-09    5.17533243051427e-08    1.24784463930065e-09    0.000640309408719608    5.01471944176232e-08    0.00527325267827143
5.4999999999999    0.00196552297305331    6.48103198068996e-09    5.8963855163661e-08    7.69772745421524e-10    0.00252639587534214    6.48889221300618e-08    0.00449204995197747
5.99999999999989    2.6671571904011e-05    5.55546140847122e-09    6.02568331514943e-08    5.78994577541529e-10    0.00428381618490711    6.36836172849889e-08    0.00431061783171755
6.49999999999988    0.00112998216923643    4.73077238430436e-09    5.00648483013606e-08    5.08469790153455e-10    0.00309359708851241    5.24075636015784e-08    0.00422368696940292
6.99999999999987    0.00274039110114537    4.05552978410528e-09    3.37248753882709e-08    5.25198986857459e-10    0.000997762387609205    3.69252727847923e-08    0.00373822871963152
7.49999999999986    0.00292689818704903    3.4988558767937e-09    1.98017612381799e-08    6.63722944538702e-10    0.000142997055698622    2.03915536788952e-08    0.00306993959864139
7.99999999999985    0.00248446238816676    3.03355534181336e-09    8.50741451805138e-09    1.17131133338992e-09    4.36117913884727e-06    7.18917915198257e-09    0.00248884346876595
8.49999999999993    0.00203921038807612    2.67930513849528e-09    2.89974865911218e-09    2.59913086408663e-09    1.11699873185394e-08    1.13873565187405e-09    0.00203923087498375
9.00000000000001    0.00167964230559727    2.35204363005336e-09    9.28280788069226e-09    6.50920911067519e-10    1.2503774112265e-05    9.75997064255183e-09    0.0016921681254526
9.50000000000009    0.00131709798596187    2.0918320522171e-09    1.57865589726113e-08    3.38556136358917e-10    0.000110052857141761    1.50279702065121e-08    0.001427184088021
10.0000000000002    0.000876469597194984    1.86795004948355e-09    1.93063713469971e-08    2.17526464014799e-10    0.000365421842004513    1.99270446000858e-08    0.00124193275809196
10.5000000000002    0.000400016093542335    1.67318508782763e-09    2.06743023814107e-08    1.60309555299547e-10    0.000738403989794579    2.33695288406149e-08    0.00113846596066278
11.0000000000003    6.14420130726679e-05    1.49755218572357e-09    2.06559999645526e-08    1.29561551773656e-10    0.00104284415150057    2.41550976804565e-08    0.00110433260278462
11.5000000000004    2.59694361953915e-05    1.3424917717407e-09    1.87392331366958e-08    1.12363451738132e-10    0.00107570744272836    2.29562914957208e-08    0.00110172002930361
12.0000000000005    0.000265851030676646    1.20025383960231e-09    1.64073488603918e-08    1.04503304346401e-10    0.000813632998000039    1.88996870813857e-08    0.00107952064046977
12.5000000000006    0.000567337986793398    1.06776789271631e-09    1.26566162359012e-08    1.05172571952192e-10    0.000440095420866851    1.4665381296406e-08    0.00100746190259825
13.0000000000006    0.000736792542855015    9.5807257801754e-10    9.39575882513819e-09    1.16840681140781e-10    0.000158821898387179    9.58537917497045e-09    0.000895634497293454
13.5000000000007    0.000742962252518793    8.63234240793028e-10    5.70815065577896e-09    1.52056802770257e-10    3.15295220653591e-05    5.69347667877565e-09    0.00077450419150253
14.0000000000008    0.000664181375333069    7.81692384019276e-10    2.62992606529387e-09    2.72805693142132e-10    1.64706370257841e-06    2.30079254116841e-09    0.000665834424252331
14.5000000000009    0.000575288668258763    7.05607617603403e-10    7.0712599086426e-10    7.99640102299122e-10    1.68761337150987e-10    9.29891573526036e-11    0.000575291142382968
15.0000000000009    0.000497085121484437    6.45732371800455e-10    3.19311028788227e-09    1.94428238842277e-10    3.42313675242771e-06    2.64882439735266e-09    0.00050051494033216
15.500000000001    0.000395816794086538    5.89762140543202e-10    5.63524141691736e-09    9.96647837760492e-11    4.45073192214808e-05    4.45194552723816e-09    0.000440334889921887
16.0000000000011    0.000219220281689522    5.40245983799643e-10    6.70556859317513e-09    6.53387940462862e-11    0.000180587440510877    6.48783328360389e-09    0.000399821521187054
16.500000000001    2.99096760439959e-05    4.95565202027486e-10    7.64150373499961e-09    5.15049587797477e-11    0.000355023874849    6.79702473192441e-09    0.000384948536491624
17.0000000000009    3.42849292159838e-05    4.51525883228588e-10    5.86128061545247e-09    4.65590328073316e-11    0.000349238546167316    7.7760428328799e-09    0.000383537610791664
17.5000000000008    0.000196075839925121    4.14698121285824e-10    4.81300159855259e-09    4.83922582142709e-11    0.000172720445076436    6.00224026769143e-09    0.000368807563333803
18.0000000000007    0.00029293925970814    3.84032354584492e-10    3.48334850967092e-09    5.8933084847992e-11    4.30885671212114e-05    3.79784272982944e-09    0.000336035550986031
18.5000000000006    0.000294582902176799    3.5191177119936e-10    2.11266427867049e-09    8.96670305156093e-11    4.15722757095271e-06    1.76805046178931e-09    0.000298744452041294
19.0000000000005    0.000265081276983792    3.24318202048004e-10    5.810865790843e-10    2.37435237278734e-10    1.51890489501369e-08    3.62227319547229e-10    0.00026509797110008
19.5000000000004    0.000236045619853224    3.00242271420319e-10    8.3043042143123e-10    1.48210062775247e-10    1.74670212150445e-07    1.50009069580831e-09    0.000236223069038826
20.0000000000003    0.000205568420282885    2.79422573734898e-10    3.08457959174424e-09    6.10446157395966e-11    6.03539398134616e-06    2.29492144874028e-09    0.000211609534232461
20.5000000000002    0.000159058601967986    2.59860195503827e-10    2.62227950468293e-09    3.78359678694062e-11    3.27567302023336e-05    5.41098496356774e-09    0.000191823663130951
21.0000000000001    9.04801257100499e-05    2.41671169570136e-10    4.25101751176613e-09    2.74000301074974e-11    8.81204079035012e-05    5.60152480880803e-09    0.000178610655227071
21.5    2.32300122075673e-05    2.25624354151106e-10    3.4670318422172e-09    2.23792937506755e-11    0.000149672884394809    7.51921809725269e-09    0.000172914130855963
21.9999999999999    6.55261014368297e-07    2.10637716213168e-10    5.8008773199572e-09    1.95213972435585e-11    0.000171539089771164    4.6300083867074e-09    0.000172205011830353
22.4999999999998    3.64019543790227e-05    1.96353736452786e-10    5.71651022321221e-09    1.85651723699928e-11    0.000134230847394394    3.46977965488196e-09    0.000170642202982204
22.9999999999997    9.31736490030604e-05    1.82969686193727e-10    3.29865010134619e-09    2.03679716008417e-11    7.04879737634677e-05    4.22610380803799e-09    0.000163669350858095
23.4999999999996    0.000128470251243651    1.70587337313752e-10    2.51020824501838e-09    2.42660807007781e-11    2.3204364377639e-05    2.80003242391814e-09    0.000151680120715377
23.9999999999995    0.000134172406083728    1.59776685411013e-10    1.85610652512784e-09    3.37962324893755e-11    3.78171056245662e-06    1.27598952805046e-09    0.000137957442315155
24.4999999999994    0.000124880010027739    1.49137752434643e-10    5.43687835653511e-10    7.23638255109772e-11    1.00877716690698e-07    6.30712257537485e-10    0.000124982283646101
24.9999999999993    0.000113477289441434    1.40075518064499e-10    3.07444010079621e-10    1.35043320992426e-10    5.42002890060387e-09    6.72759708894359e-10    0.000113483964792893
25.4999999999992    0.000101895173834663    1.31492951936748e-10    1.09357909403762e-09    4.12324452847345e-11    1.48943495938495e-06    2.50701132807681e-09    0.000103388382109867
25.9999999999991    8.15164135438869e-05    1.23402506082152e-10    4.4700603834324e-09    1.99236876931937e-11    1.3419968796402e-05    1.37010523375804e-09    9.49423658320998e-05
26.499999999999    4.29118333666511e-05    1.16406519540541e-10    5.69119103943511e-09    1.40930755194713e-11    4.63690249750313e-05    1.74034481294824e-09    8.92884203771298e-05
26.9999999999989    4.61526735184252e-06    1.09374685926871e-10    4.59235323722742e-09    1.26324630915395e-11    8.27416412296594e-05    3.68449066635178e-09    8.73653074325545e-05
27.4999999999988    9.05456927213091e-06    1.02660081336111e-10    5.49287258423226e-09    1.12517141045182e-11    7.80820345968765e-05    2.17615785890485e-09    8.7144386811246e-05
27.9999999999987    4.56123801207766e-05    9.72708251055073e-11    1.89430081634197e-09    1.37222330361834e-11    3.91125287826263e-05    4.60759944653837e-09    8.47315217967239e-05
28.4999999999986    6.92021856754375e-05    9.18951891345565e-11    9.81461162991108e-10    1.72774225633284e-11    1.02278040647617e-05    3.49865966062403e-09    7.94345790336345e-05
28.9999999999985    7.21176255834694e-05    8.70066289891827e-11    1.42049230951815e-09    2.505811815277e-11    1.05403335082994e-06    1.03007748375847e-09    7.31742215688398e-05
29.4999999999984    6.72452374141092e-05    8.20248062997957e-11    4.67712290974227e-10    6.74695647893714e-11    4.53365820120194e-09    2.15142627972748e-10    6.72506034216005e-05
29.9999999999983    6.18857504824476e-05    7.79925736830519e-11    3.20653886082556e-10    4.84609564965575e-11    4.2798954014552e-08    1.23061812738406e-09    6.19302271620058e-05
30.4999999999982    5.55730391425125e-05    7.33069004691813e-11    2.39105481547045e-09    1.84372193514405e-11    1.62151165579372e-06    1.27187401683485e-09    5.71983054712583e-05
30.9999999999981    4.40110439360162e-05    6.96467647444033e-11    9.73033211033232e-10    1.25025507335396e-11    9.234375699391e-06    4.69324862326896e-09    5.32511680665569e-05
31.499999999998    2.49757156938087e-05    6.6571848705653e-11    3.48479179028481e-09    8.7155831035667e-12    2.55779070079622e-05    3.47203604593535e-09    5.05606548170389e-05
31.9999999999979    5.75668343028439e-06    6.30087222894525e-11    3.25638538077488e-09    7.36785662155396e-12    4.36670389934965e-05    4.53654568567971e-09    4.94315857314262e-05
32.4999999999982    5.59300654061659e-07    5.9552514731725e-11    2.12724360434075e-09    6.71259887688536e-12    4.87463051099285e-05    5.78594116695616e-09    4.9313585213875e-05
32.9999999999984    1.29942899958493e-05    5.68720598746979e-11    2.3621922520822e-09    6.63981666792193e-12    3.58686753116368e-05    4.55638915572951e-09    4.88699474007705e-05
33.4999999999987    3.01056194400322e-05    5.41890158899617e-11    3.41018097439176e-09    6.85528834892072e-12    1.70564787579204e-05    1.88714693103143e-09    4.71674565701622e-05
33.9999999999989    3.96067552279458e-05    5.13024258289797e-11    1.34141255196461e-09    9.71788329876524e-12    4.80718335569089e-06    2.42056096950278e-09    4.44177615774673e-05
34.4999999999992    4.07711539059745e-05    4.86459176591432e-11    9.71200933645978e-10    1.49327609327029e-11    5.71789589787247e-07    1.13056988916777e-09    4.13451088452632e-05
34.9999999999995    3.8414239221097e-05    4.62755274991894e-11    1.60451728565141e-10    4.36445563432913e-11    3.50221005395777e-09    4.08895050151782e-10    3.84184006980136e-05
35.4999999999997    3.57288191194072e-05    4.43896571099697e-11    3.98804208798454e-10    3.4505057878673e-11    2.18035105491192e-08    6.22050256770103e-10    3.57517223791368e-05
36    3.23104597344698e-05    4.22512967825676e-11    1.51246376268692e-09    1.14027393622064e-11    1.03549389471462e-06    1.18648966784727e-09    3.33487062366511e-05
36.5000000000002    2.47304569239948e-05    4.00621939057863e-11    3.2628469620153e-09    6.41826980074242e-12    6.6164258588671e-06    7.42391627778503e-10    3.13509345019154e-05
37.0000000000005    1.11077048660389e-05    3.84368152258942e-11    9.73186928534463e-10    6.6449355141151e-12    1.8999852035812e-05    4.26086422118227e-09    3.01128360347514e-05
37.5000000000007    4.21006380676273e-07    3.67713819441222e-11    1.3559612831071e-09    5.34636676849923e-12    2.93589056729718e-05    4.27083816562761e-09    2.97855809708456e-05
38.000000000001    4.99640792400449e-06    3.50324508059049e-11    2.27031797578041e-09    4.68368718214464e-12    2.46882398522881e-05    2.80834925053633e-09    2.96897661596569e-05
38.5000000000012    1.75717601902133e-05    3.35710660625988e-11    1.20937169451575e-09    5.70739082517643e-12    1.13362291425262e-05    2.90243184594225e-09    2.89121404147368e-05
39.0000000000015    2.47071875453137e-05    3.22068296482766e-11    2.13723405749869e-09    6.2398056845782e-12    2.71960946507985e-06    6.04329932692106e-10    2.74295770210191e-05
39.5000000000018    2.54967847038345e-05    3.07249900027879e-11    1.14977592973717e-09    1.0082573643222e-11    2.32392312102782e-07    3.06583516113216e-10    2.57306741829468e-05
40.000000000002    2.41060572684964e-05    2.93974301346746e-11    2.67637203316934e-10    3.57523797076812e-11    1.91735027912289e-10    5.27296803017721e-11    2.41066345202178e-05
40.5000000000023    2.25748621242444e-05    2.8262904612207e-11    2.48925724405758e-09    1.74802160377623e-11    3.58697438486496e-08    3.90184078195567e-10    2.2613657052536e-05
41.0000000000025    2.03987972968898e-05    2.73616857302333e-11    8.33620890193097e-10    1.56997400979472e-11    8.54834204983531e-07    5.60740563736426e-09    2.12601155898267e-05
41.5000000000028    1.57987494833135e-05    2.62299092185494e-11    5.54381538073514e-09    6.24390824999778e-12    4.32249504810149e-06    3.75551397201347e-09    2.01305763345852e-05
42.000000000003    8.20005350386562e-06    2.50829520544362e-11    5.68178849500315e-09    5.94725647372605e-12    1.11802139290285e-05    5.85904732074077e-09    1.93918392989184e-05
42.5000000000033    1.2769120027998e-06    2.39874160439104e-11    4.34949598041898e-09    5.27679467943356e-12    1.783487182513e-05    8.60110343227944e-09    1.91247636915532e-05
43.0000000000035    7.80401486096168e-07    2.3178526086052e-11    1.04731054023718e-08    2.69195251410133e-12    1.83096098757224e-05    1.18203104149053e-09    1.9101692368741e-05
43.5000000000038    6.75639965303181e-06    2.21469795239617e-11    6.11297690384611e-09    4.59704402694871e-12    1.21232442665909e-05    4.56737555684908e-09    1.8890351016107e-05
44.0000000000041    1.32214490132158e-05    2.13392105752915e-11    7.40752172682325e-09    3.34337464622245e-12    5.03525232514585e-06    6.66545923111267e-10    1.82648000885968e-05
44.5000000000043    1.61908072358524e-05    2.05304939329133e-11    4.13743870164544e-09    5.35844218278164e-12    1.15791394640601e-06    1.33605053286001e-09    1.7354220560429e-05
45.0000000000046    1.62886096234959e-05    1.97077474989551e-11    2.56690576050421e-09    7.98223008499491e-12    8.61527166878461e-08    2.23685286320255e-10    1.63775806212082e-05
45.5000000000048    1.5448680927041e-05    1.88941343037799e-11    1.84027012703048e-10    1.04255216881809e-10    2.405815981679e-12    8.44743436196249e-11    1.54490749835645e-05
46.0000000000051    1.45362609292226e-05    1.86512692997478e-11    4.38791976579731e-09    2.02050896705747e-11    4.6003693024856e-08    2.30130470152611e-09    1.45889927030738e-05
46.5000000000053    1.29468384758596e-05    1.92195652853056e-11    1.18759858111134e-08    5.33457395477012e-12    8.49034145408991e-07    8.84477219201968e-10    1.38086576384382e-05
47.0000000000056    9.10478612298504e-06    1.83357522416589e-11    1.72695424456013e-08    2.87757539524509e-12    4.06105829193888e-06    6.47096297840592e-10    1.3183782266995e-05
47.5000000000058    3.13461232651232e-06    1.7545115974707e-11    1.57542785395006e-08    4.15427112132946e-12    9.68888882782249e-06    5.92224132650802e-09    1.28451993735879e-05
48.0000000000061    4.32342182644304e-09    1.65120903289904e-11    1.13435098724933e-08    5.7234502374869e-12    1.27594431998428e-05    1.17395909484745e-08    1.27868719580308e-05
48.5000000000064    3.38391994047286e-06    1.57674373427106e-11    1.13265801468458e-08    5.36802687961984e-12    9.31239050784588e-06    9.33393901182595e-09    1.27169921029416e-05
49.0000000000066    8.59604491620041e-06    1.53213853094179e-11    1.33991025066992e-08    3.3929896400912e-12    3.76547337185681e-06    2.43169528867426e-09    1.23773678002275e-05
49.5000000000069    1.10396371697538e-05    1.48796216199952e-11    7.98247415925331e-09    7.13563919682158e-12    7.73424607160924e-07    2.72659128331444e-09    1.18237928576182e-05
50.0000000000071    1.11670179200507e-05    1.45971732941901e-11    3.23308421002541e-09    1.41181548685525e-11    4.52803769414492e-08    1.83203112466529e-09    1.1217392127655e-05
50.5000000000074    1.06374735259849e-05    1.43314554929466e-11    1.11179965388643e-10    9.09707918956667e-11    4.36796370775805e-16    1.6455463763529e-12    1.06376916541808e-05
51.0000000000076    1.00514374641655e-05    1.37864954230576e-11    7.1034269837524e-10    1.58194921026028e-11    4.26184604400335e-08    2.45337522561115e-09    1.00972492485171e-05
51.5000000000079    8.98877575310076e-06    1.4043761523525e-11    4.16822385797502e-09    5.14788452863758e-12    6.09766618124249e-07    1.88040868080758e-09    9.60461019540985e-06
52.0000000000081    6.5893490325123e-06    1.33937051724089e-11    1.61050009685551e-09    5.30391622482635e-12    2.60562058637225e-06    7.22873100689357e-09    9.20382754760969e-06
52.5000000000084    2.90694420056612e-06    1.29036766944548e-11    8.19072730779564e-09    2.22105281484513e-12    6.04568903417316e-06    1.87588299088721e-09    8.96271496976747e-06
53.0000000000087    1.85470740314273e-07    1.23158270107617e-11    8.66100775789603e-09    1.96308255688121e-12    8.6994365477733e-06    2.02855679721929e-09    8.89561113155225e-06
53.5000000000089    9.01317499899146e-07    1.18901743058069e-11    7.84740340490165e-09    2.10636101998248e-12    7.97209142969343e-06    2.42421020697641e-09    8.88369453973978e-06
54.0000000000092    4.11626604937962e-06    1.15287984211317e-11    1.92059659789717e-09    3.98237420822141e-12    4.63536487712766e-06    7.41621256841151e-09    8.76098324684621e-06
54.5000000000094    6.83188954611987e-06    1.1049447655005e-11    2.96227250202259e-09    3.69025605779339e-12    1.6386624426099e-06    3.80549212584581e-09    8.47733449306135e-06
55.0000000000097    7.81006837717999e-06    1.07067308686959e-11    2.27822512836225e-09    4.86781864017204e-12    2.90730750640394e-07    1.93923607100365e-09    8.10503216356926e-06
55.5000000000099    7.70892203179895e-06    1.07694039451348e-11    1.4076582958265e-09    9.08381180235591e-12    1.01990935231267e-08    4.0386804868753e-10    7.72095250488234e-06
56.0000000000102    7.35564592705332e-06    1.03939406201387e-11    1.26717447456252e-10    4.74497515282641e-11    1.05858280555201e-10    3.39438146867786e-10    7.35627578462035e-06
56.5000000000105    6.93910177255317e-06    9.94873340584488e-12    1.38721686136418e-09    7.44866379854521e-12    7.31921295115138e-08    1.30045820798936e-09    7.01499897453124e-06
57.0000000000107    5.95807134746044e-06    9.72262283384598e-12    3.19059312961334e-09    3.11068554365855e-12    7.45798005072922e-07    1.38640672295945e-09    6.70845918569432e-06
57.500000000011    3.68449724908426e-06    9.40461273279543e-12    1.16641886624123e-09    4.39928134021485e-12    2.78873247734932e-06    5.20492289472293e-09    6.47961487208862e-06
58.0000000000112    8.23012140225698e-07    9.04232556404851e-12    2.1394201398832e-09    3.15123886206748e-12    5.54766457501695e-06    5.21042121476578e-09    6.37803875016172e-06
58.5000000000115    1.76303410220924e-07    8.50220986103554e-12    5.24535978467294e-09    1.66900545109864e-12    6.18439423238751e-06    1.71543785827425e-09    6.3676686114667e-06
59.0000000000117    2.43856118273758e-06    8.44503940615413e-12    2.10278484386566e-09    3.04118076619894e-12    3.86873327417308e-06    4.27046571215664e-09    6.31367919368685e-06
59.500000000012    4.79218094103406e-06    8.22590754736257e-12    1.82452151905146e-09    3.53606707818779e-12    1.34371667857526e-06    2.93280524839619e-09    6.1406667083514e-06
60.0000000000122    5.6693005973674e-06    8.04291642141707e-12    6.55498587837478e-10    6.27745203706545e-12    2.22246335291653e-07    2.32999956372487e-09    5.89454675117908e-06
60.5000000000125    5.62833191467378e-06    7.79987101826436e-12    5.39036048435899e-10    1.07200758313349e-11    6.79008631002871e-09    6.50242753269326e-10    5.63632979973236e-06
61.0000000000128    5.388262513181e-06    7.7841876629099e-12    7.30052461406455e-11    1.16516448075209e-10    1.13789668955437e-10    1.32259184599801e-09    5.38989620057783e-06
61.500000000013    5.09730954213653e-06    9.44321570513024e-12    6.8086907477756e-09    3.01564802547066e-12    5.38160383598368e-08    2.49227701420486e-10    5.15819595780929e-06
62.0000000000133    4.43544225618623e-06    1.01236615421843e-11    7.30502788240963e-09    7.4551224519848e-12    5.01039417776484e-07    4.73535212123437e-09    4.94853963275035e-06
62.5000000000135    2.97492810001698e-06    9.65883590195927e-12    1.52644707965712e-08    1.41016329944914e-12    1.79448993442491e-06    5.80140687340196e-10    4.785273714925e-06
63.0000000000138    1.01525536330905e-06    9.12643600737438e-12    8.69807927241845e-10    8.52293589771252e-12    3.66582700850693e-06    1.96462723170546e-08    4.70161610143218e-06
63.500000000014    6.20010331623908e-10    7.95198503650149e-12    1.78696087544594e-08    1.12467341175154e-12    4.66372683573569e-06    1.02351191527273e-09    4.68324904339549e-06
64.0000000000143    9.04434149925125e-07    7.73750269531348e-12    4.58164291818143e-09    6.03246372031749e-12    3.74780373667013e-06    1.469344001767e-08    4.67152673949752e-06
64.5000000000138    2.69491782252799e-06    7.61644364467676e-12    1.07038056593758e-08    2.86167066977551e-12    1.88277687276618e-06    4.2717892481897e-09    4.59268076831605e-06
65.0000000000134    3.88507781994236e-06    7.54212780821238e-12    5.72738521535064e-10    1.14492181886069e-11    5.52142743325928e-07    1.06219374920491e-08    4.44843423062787e-06
65.5000000000129    4.19829924660782e-06    7.50716438684598e-12    2.23962245711475e-09    1.22084619453985e-11    6.95529083116842e-08    4.0507331242635e-09    4.27416222612722e-06
66.0000000000125    4.09711241988229e-06    7.96479075135398e-12    1.68362206934962e-09    1.88943663992085e-11    5.76678212613312e-10    3.84618300395814e-10    4.0997841976218e-06
66.500000000012    3.93061499507215e-06    7.23485188106109e-12    4.78406826510068e-10    2.18086716499627e-11    1.75222738574537e-09    1.0754279650667e-09    3.93395010077301e-06
67.0000000000116    3.67366857011161e-06    9.73014560015179e-12    1.02319749826434e-09    7.67357184754607e-12    1.00178741493735e-07    3.34681999566595e-09    3.77823473281673e-06
67.5000000000111    2.96255385937101e-06    1.14145731907438e-11    1.51248751168467e-09    4.82024882412534e-12    6.72872416245097e-07    5.38699471018141e-09    3.64234199265999e-06
68.0000000000106    1.51964245620662e-06    1.129852781358e-11    4.64497999939463e-09    2.17200636177999e-12    2.02224163181239e-06    4.05147830909992e-09    3.55059401686168e-06
68.5000000000102    1.50924630984544e-07    9.3301711119938e-12    6.50673162592273e-09    1.89924881218467e-12    3.35959933333283e-06    2.93342145002517e-09    3.51997534681325e-06
69.0000000000097    3.4866460184252e-07    7.89623323887046e-12    2.97557120785485e-09    2.57332886694248e-12    3.1583170889192e-06    6.58208562101607e-09    3.5165498171527e-06
69.5000000000093    1.78573479197667e-06    7.98613586951589e-12    2.41240509450275e-09    3.26418309304724e-12    1.68105903218561e-06    5.58428099192206e-09    3.47480176056767e-06
70.0000000000088    2.8819967348778e-06    7.86451327704368e-12    3.40278480766239e-09    3.50498821831463e-12    4.90768011394336e-07    2.26909959136906e-09    3.37844800017266e-06
70.5000000000084    3.19218761440979e-06    8.34666642532383e-12    1.12678193249485e-09    6.55766022626136e-12    6.05838686911582e-08    2.21656460652571e-09    3.25612973396662e-06
71.0000000000079    3.13036586968682e-06    9.47516476423659e-12    6.9273378727377e-10    1.36128243257566e-11    5.44058733039746e-10    3.26154523000626e-10    3.13195190471923e-06
71.5000000000075    3.00978480758236e-06    9.28231241188029e-12    1.73030558205167e-09    1.65552086031712e-11    1.11842937274196e-09    7.04593668752851e-10    3.01336397372692e-06
72.000000000007    2.82756456638529e-06    2.36248460174008e-11    3.38770903722528e-09    9.12125168142923e-12    6.69320811265397e-08    3.60372901133836e-09    2.9015208316581e-06
72.5000000000066    2.34994632336534e-06    4.32077356473759e-11    8.70723772892889e-09    3.84277270265187e-12    4.41221760586505e-07    2.26856207203379e-09    2.80219093426116e-06
73.0000000000061    1.38558967039452e-06    4.97801857850905e-11    5.42072748329379e-09    5.6014750299689e-12    1.33072791893752e-06    9.25170136897099e-09    2.73104539984512e-06
73.5000000000056    3.1275146889651e-07    4.09454290347597e-11    1.04044320551143e-08    2.83446742432839e-12    2.37057047512135e-06    5.78491475983676e-09    2.69955507072928e-06
74.0000000000052    4.64495562642321e-08    2.73882329615141e-11    5.46964599892954e-09    4.28036314872466e-12    2.63335169744787e-06    1.16125712146323e-08    2.69691513952178e-06
74.5000000000047    8.33137135955754e-07    2.12892746085757e-11    6.44606969554142e-09    4.50799867442278e-12    1.83402980349936e-06    8.58475622749269e-09    2.68222356265143e-06
75.0000000000043    1.83437670348354e-06    2.13815056601735e-11    3.53899187198131e-09    7.35684613852897e-12    7.84893044736445e-07    8.44130980972547e-09    2.63127878825349e-06
75.5000000000038    2.35843840192301e-06    2.63705633228703e-11    2.49387255231912e-09    1.07631466897015e-11    1.84615960415176e-07    5.58138351329058e-09    2.55116675211381e-06
76.0000000000034    2.44314749819013e-06    3.44001167479028e-11    1.93608476288343e-09    1.95006589343506e-11    1.43124313628415e-08    2.13786952104449e-09    2.46158778461258e-06
76.5000000000029    2.37283943574766e-06    4.21354908396222e-11    5.16651637205011e-10    1.39432490797905e-10    9.86776265279643e-13    9.63754808596833e-11    2.37363501762363e-06
77.0000000000025    2.27309018095634e-06    8.75457385277249e-11    2.63545710318279e-09    6.15866559291652e-11    6.41337642367332e-09    7.52254434037043e-09    2.28981069121802e-06
77.500000000002    2.06694253362111e-06    1.7853249174827e-10    1.005385134785e-08    3.12257561023802e-11    1.24009517949438e-07    1.03339004228123e-08    2.21154956158906e-06
78.0000000000015    1.51220506649748e-06    2.27742612061964e-10    4.74519338235469e-09    3.58223974182577e-11    6.04567623867951e-07    2.53609890577414e-08    2.14714243781501e-06
78.5000000000011    5.8947710711383e-07    1.99895935492268e-10    1.89818415004083e-08    2.10423031060315e-11    1.4825202217026e-06    1.69718127481469e-08    2.10817192130358e-06
79.0000000000006    4.23082160322908e-09    1.46259199541713e-10    2.05060186111073e-08    2.3120382623806e-11    2.0566431324564e-06    1.77676838825208e-08    2.09931703613542e-06
79.5000000000002    4.2912463665096e-07    1.24617585347777e-10    1.1561680357218e-08    2.91919613531108e-11    1.62911348138523e-06    2.49433109182823e-08    2.09489691885839e-06
79.9999999999997    1.29908124989346e-06    1.25841463256629e-10    1.16421069539254e-08    3.08227157728921e-11    7.35037115470162e-07    1.75150103511907e-08    2.06343214684777e-06
80.4999999999993    1.81070622842071e-06    1.41685824624949e-10    7.26242834891427e-09    4.52319682267328e-11    1.76191979445248e-07    1.27814953404968e-08    2.00712904934822e-06
80.9999999999988    1.9161157771013e-06    1.71015589386037e-10    6.30639004514065e-09    8.05868042288813e-11    1.44867116043253e-08    4.17845601244889e-09    1.94133893715683e-06
81.4999999999984    1.87391727230233e-06    1.75127385082512e-10    1.30093939221206e-09    3.18197782331465e-10    4.82471519433664e-12    3.16072846380342e-10    1.87603243442353e-06
81.9999999999979    1.79387870177486e-06    2.55925754890677e-10    4.47785535286448e-09    1.74038820483925e-10    3.72699105692618e-09    1.10149653953783e-08    1.8135284781554e-06
82.4999999999975    1.64155935826023e-06    5.78160243726201e-10    2.54017944249569e-08    6.53227478616508e-11    7.91429746316577e-08    7.87586564073524e-09    1.75462347594917e-06
82.999999999997    1.26320653893961e-06    6.25279289501928e-10    1.2865978073806e-08    6.9291337211794e-11    3.91086248520211e-07    3.75879373019663e-08    1.70544127346231e-06
83.4999999999965    6.15640480519822e-07    5.23296366541214e-10    4.15368995202391e-08    5.61014810864471e-11    9.9325287825909e-07    1.93477801158167e-08    1.6703574362626e-06
83.9999999999961    6.40082617516506e-08    4.22155107490991e-10    3.196328490669e-08    6.81792565808902e-11    1.52712507642776e-06    3.65526595021513e-08    1.66013961695232e-06
84.4999999999956    1.23378792967249e-07    3.86016926751888e-10    3.33347872882557e-08    6.6377951463898e-11    1.46733881437138e-06    3.31105151304226e-08    1.65761530463553e-06
84.9999999999952    7.06158438035342e-07    4.09444569253204e-10    2.91072369319466e-08    8.46082879629881e-11    8.80025120227976e-07    2.82120303963415e-08    1.64399687844882e-06
85.4999999999947    1.24925768036555e-06    4.36055508648752e-10    2.60041669814431e-08    1.08245687245299e-10    3.17331686735273e-07    1.71988783958894e-08    1.61033671367405e-06
85.9999999999943    1.47923475461459e-06    4.56246272762073e-10    1.62130210519984e-08    1.65318460879329e-10    5.71906282936316e-08    1.12697556965651e-08    1.56452972439042e-06
86.4999999999938    1.50093773782116e-06    4.88470353424809e-10    6.12215176816207e-09    4.02279683391376e-10    2.05520604254495e-09    5.44675515847491e-09    1.51545260082716e-06
86.9999999999934    1.46010246475214e-06    4.06858214862763e-10    1.57934724922067e-09    1.08119112393731e-09    2.02308968737373e-11    4.25428809857847e-09    1.46744438033561e-06
87.4999999999929    1.3744499207535e-06    8.37005093941723e-10    1.33610773319678e-08    2.63935851806423e-10    1.40261225335607e-08    1.88033781452922e-08    1.42174143971007e-06
87.9999999999925    1.18144388586096e-06    1.03595974902341e-09    2.26912021689875e-08    1.54353873139791e-10    1.41280323857831e-07    3.33940011128171e-08    1.37999972662276e-06
88.499999999992    7.45805797410487e-07    8.82647741825819e-10    4.44544004521369e-08    1.13649616872096e-10    5.2411877026555e-07    3.12216609485326e-08    1.34659692643541e-06
88.9999999999915    1.88909724860883e-07    7.42741696111841e-10    5.05843465838503e-08    9.66490067987668e-11    1.05171718606518e-06    3.78896062133908e-08    1.32994025442622e-06
89.4999999999911    1.95433195073087e-08    6.61247749177945e-10    4.69685947923705e-08    1.04704832366463e-10    1.2160316887368e-06    4.38837304092729e-08    1.3271932860273e-06
89.9999999999906    4.25383196633645e-07    6.85637083274859e-10    3.92625860110579e-08    1.14342568685442e-10    8.13231068490824e-07    4.20944200929921e-08    1.32077125088048e-06
90.4999999999902    9.24261853060336e-07    7.43536406238316e-10    3.3989452813963e-08    1.46594009478527e-10    3.10418901777946e-07    2.889631237172e-08    1.29845665043968e-06
90.9999999999897    1.16383398677579e-06    7.62870020204969e-10    1.85508021761783e-08    2.31376416478313e-10    5.9136577675637e-08    2.25260734476436e-08    1.26504168651193e-06
91.4999999999893    1.20545495955892e-06    7.68697849029549e-10    9.58428879949352e-09    4.85663515374016e-10    2.62568549763636e-09    8.82442771506012e-09    1.22774372293552e-06
91.9999999999888    1.18328296957352e-06    7.00660922722284e-10    2.01691315846122e-09    2.07756902877429e-09    2.95062101156626e-12    2.81091887391121e-09    1.1908919821784e-06
92.4999999999884    1.10269006751892e-06    1.63997483853055e-09    2.95211240014826e-08    3.82220679383386e-10    7.96790904815058e-09    1.3427169028476e-08    1.15562846511494e-06
92.9999999999879    9.55061581698127e-07    2.01459341514521e-09    3.72346767368458e-08    2.59508024020429e-10    8.74905814143125e-08    4.11949668164199e-08    1.12325590810487e-06
93.4999999999875    6.51411772054482e-07    1.7202936846414e-09    5.28851308932884e-08    2.20432504883049e-10    3.33940177988487e-07    5.64071574287607e-08    1.09658496455454e-06
93.999999999987    2.38076902689918e-07    1.48237881223159e-09    6.17712738525158e-08    2.16853036627341e-10    7.09814174212403e-07    6.92821040633907e-08    1.08064368666709e-06
94.4999999999865    2.90045972922528e-09    1.34286795808536e-09    6.51517035647006e-08    2.2494367208261e-10    9.32242557116502e-07    7.3483344697879e-08    1.07534587673848e-06
94.9999999999861    1.70292138003869e-07    1.36258698733296e-09    6.15090190614869e-08    2.61391840811911e-10    7.7018035293161e-07    6.84317137807943e-08    1.0720372026059e-06
95.4999999999856    5.54472143236977e-07    1.50650397975882e-09    5.12355569354041e-08    3.45409195836281e-10    3.96420009304504e-07    5.65231428277998e-08    1.06050276548028e-06
95.9999999999852    8.40353623030865e-07    1.65699835962176e-09    3.79044888939211e-08    4.96256655631591e-10    1.18575181806367e-07    3.97325472078501e-08    1.03871909595426e-06
96.4999999999847    9.49160087190514e-07    1.63065458669321e-09    2.28433526333504e-08    8.52000720324431e-10    1.50416392324219e-08    2.1938968997567e-08    1.01146670336087e-06
96.9999999999843    9.66457612480833e-07    1.55631092170332e-09    7.62063447842999e-09    2.47181926567281e-09    1.1539580520606e-10    4.78803152031357e-09    9.83009804472159e-07
97.4999999999838    9.28327942617847e-07    1.60225151049971e-09    1.00112448196842e-08    2.0363716366668e-09    4.79085933978209e-10    1.26899886339921e-08    9.55146885152668e-07
97.9999999999834    8.41955865233045e-07    2.98666319612208e-09    2.81394965393797e-08    7.41938149494907e-10    2.36755977600414e-08    3.13421617230373e-08    9.2884172260112e-07
98.4999999999829    6.5880344843298e-07    3.13102213585253e-09    4.60230778167901e-08    4.67352785238546e-10    1.49324515880932e-07    4.76734955433353e-08    9.05422912595129e-07
98.9999999999824    3.34557169975023e-07    2.50266483192457e-09    5.87575109979417e-08    3.70971280560743e-10    4.30176473299606e-07    6.2233574433214e-08    8.8859836481827e-07
99.499999999982    3.90751055507017e-08    1.94698328963271e-09    6.4162396600883e-08    3.43391045241739e-10    7.04345169846366e-07    7.13726608110478e-08    8.81245707143873e-07
99.9999999999815    6.60750378591742e-08    1.93700171696415e-09    6.29177215639371e-08    3.50736910537863e-10    6.77830561331828e-07    6.96717550831492e-08    8.78782814465591e-07
100.499999999981    3.72965211059553e-07    2.04606582054527e-09    5.4423420467383e-08    4.10861496010053e-10    3.83232562973533e-07    5.87842167537954e-08    8.71862338570819e-07
100.999999999981    6.4757346077506e-07    2.31358306750444e-09    4.06417995242806e-08    5.44032535433775e-10    1.22530245961385e-07    4.29313365678343e-08    8.56534458431498e-07
101.49999999998    7.65013522419577e-07    2.63925687263364e-09    2.50925937332976e-08    8.94517833865697e-10    1.73848790760035e-08    2.48303895934057e-08    8.35855159528783e-07
101.99999999998    7.92288911793903e-07    2.54359106350772e-09    9.40396295787868e-09    2.31434616397955e-09    2.53765785072799e-10    6.85961638237586e-09    8.13664194146718e-07
102.499999999979    7.6811731844361e-07    2.01923919052259e-09    1.22101225776154e-08    2.25345065971922e-09    1.7240873006998e-10    6.90975748347358e-09    7.91682297085011e-07
102.999999999979    6.98532642186041e-07    3.32560104706559e-09    2.69238172977371e-08    8.79096950055709e-10    1.37414930532469e-08    2.74258435101087e-08    7.70828494044255e-07
103.499999999978    5.64580179914664e-07    4.4211156810786e-09    4.33802044289226e-08    5.33026836844587e-10    9.45605078063911e-08    4.44588386893312e-08    7.51933873357233e-07
103.999999999978    3.29906985691083e-07    3.58309419472925e-09    5.56855280544537e-08    4.21699214852712e-10    2.8725686520104e-07    6.05274443493293e-08    7.37381616705487e-07
104.499999999977    7.91085382021068e-08    2.43270849329305e-09    6.35233015025717e-08    3.70364608896764e-10    5.13412577335582e-07    7.05797065832401e-08    7.2942719672569e-07
104.999999999977    1.15851838674857e-08    2.40752738493612e-09    6.45324662238652e-08    3.63162751010969e-10    5.7555142615943e-07    7.22428661616261e-08    7.26682632548354e-07
105.499999999977    1.89581903850987e-07    2.47728528591837e-09    5.82588267033699e-08    3.95436112292436e-10    4.07400896371102e-07    6.51190376025723e-08    7.23233385926242e-07
105.999999999976    4.35074739519124e-07    2.75435655919617e-09    4.71689087618389e-08    4.91219485994427e-10    1.77943754440529e-07    5.06407156198949e-08    7.14073694386577e-07
106.499999999976    5.86647180908217e-07    3.50481297611947e-09    3.28938284209747e-08    7.1934983014562e-10    4.25333024958214e-08    3.32952877234207e-08    6.99593762354698e-07
106.999999999975    6.41385479913275e-07    3.51355092415477e-09    1.71007909965815e-08    1.40541917056859e-09    3.23191321464008e-09    1.59871005256818e-08    6.82624254744902e-07
107.499999999975    6.5258137947345e-07    2.81234465307359e-09    4.73044662028954e-09    4.76502959017213e-09    3.41077509259675e-13    2.50039617127606e-10    6.65139581031623e-07
107.999999999974    6.08445379882666e-07    2.91947102350527e-09    1.78179974703807e-08    1.48846195371847e-09    2.07245650685084e-09    1.54077535815377e-08    6.48151520418659e-07
108.499999999974    5.27544899927377e-07    4.93734087937503e-09    3.2577794961324e-08    7.72128893082232e-10    3.39488615647385e-08    3.24978708624094e-08    6.32278897088306e-07
108.999999999973    3.67432582455865e-07    5.11389940919953e-09    4.59701342887268e-08    5.39545537786972e-10    1.51469016967726e-07    4.82650967237643e-08    6.18790275383068e-07
109.499999999973    1.40321837894032e-07    3.42050350124769e-09    5.52563720939703e-08    4.47521276318938e-10    3.49601901685553e-07    6.09638392183269e-08    6.10011975669449e-07
109.999999999972    4.98261921171706e-09    2.57192183094028e-09    5.85061604748588e-08    4.15064810918818e-10    4.7356694589549e-07    6.64836357561475e-08    6.06526347980073e-07
110.499999999972    1.01260296217172e-07    2.80608551789607e-09    5.58091701844177e-08    4.20683169155873e-10    3.82540602747126e-07    6.14091175323717e-08    6.04245955368139e-07
110.999999999972    3.1656868997832e-07    2.85135020301495e-09    4.61403054496762e-08    4.97810707658782e-10    1.82669637697348e-07    4.95420834457884e-08    5.98269877481806e-07
111.499999999971    4.68597066537229e-07    4.06554234200883e-09    3.29729153816987e-08    6.98574143219873e-10    4.77709263900887e-08    3.34219085309228e-08    5.87526933325168e-07
111.999999999971    5.28766681785512e-07    4.66763837727886e-09    1.80431438397514e-08    1.28787208954066e-09    4.53127243056027e-09    1.69491847629312e-08    5.74245793285574e-07
112.49999999997    5.4569752463526e-07    3.97519727148373e-09    5.36147795788689e-09    4.1470797762677e-09    6.92557907201485e-12    1.0877534583782e-09    5.60275958678348e-07
112.99999999997    5.14111631203831e-07    3.261062620783e-09    1.39555695419686e-08    1.75438024444737e-09    9.18475079110837e-10    1.25629500118843e-08    5.46564068702025e-07
113.499999999969    4.51568389792743e-07    5.71602186549722e-09    2.78647817195131e-08    8.60621478265848e-10    2.00284585658243e-08    2.76200714450363e-08    5.3365834486688e-07
113.999999999969    3.34559953028436e-07    6.86786493151211e-09    4.04436100738615e-08    5.79115495175112e-10    9.75814724563254e-08    4.23101171779178e-08    5.22342133163228e-07
114.499999999968    1.61601448728431e-07    4.62975458289476e-09    5.03768766552627e-08    4.62207567692121e-10    2.42347076963801e-07    5.47341345081988e-08    5.14151499006281e-07
114.999999999968    2.13475606985999e-08    3.08550154232116e-09    5.54950193215617e-08    4.14286954143299e-10    3.67887854202595e-07    6.18199577128377e-08    5.10050180432059e-07
115.499999999967    3.48124436874134e-08    3.53613992421697e-09    5.43678909655508e-08    4.06458483109855e-10    3.54146575249717e-07    6.10297703341571e-08    5.08299278644165e-07
115.999999999967    1.86136352391983e-07    3.34689099760271e-09    4.81327140603659e-08    4.42402018142121e-10    2.15340716629713e-07    5.15559653976401e-08    5.04955041495447e-07
116.499999999967    3.38522807873477e-07    4.55263652469028e-09    3.6879790861341e-08    5.76138943817663e-10    7.94032161622773e-08    3.8088165196322e-08    4.98022755561926e-07
116.999999999966    4.20111977976665e-07    5.89885678060837e-09    2.35183087941312e-08    9.15589734898079e-10    1.46112955870598e-08    2.31665085678817e-08    4.88222537441244e-07
117.499999999966    4.50895489248531e-07    5.19871062399878e-09    1.03101742343286e-08    2.07545756061845e-09    5.21690345861019e-10    8.21057590370746e-09    4.77212097917046e-07
117.999999999965    4.48791544723837e-07    3.66465975360598e-09    6.81951499613173e-09    3.29049237758395e-09    2.03492721808388e-11    3.41654604375457e-09    4.66003107167095e-07
118.499999999965    4.08069325465511e-07    4.94051400634009e-09    1.86366153868322e-08    1.18908157241048e-09    4.81043297675306e-09    1.75921303386636e-08    4.55238099746511e-07
118.999999999964    3.33025142534019e-07    7.54905163570697e-09    3.07225401098013e-08    6.92654539060116e-10    4.23560926487899e-08    3.1005969061356e-08    4.45351450528733e-07
119.499999999964    2.01920344520687e-07    6.21491554932633e-09    4.10369351007104e-08    5.08772539522972e-10    1.44085972012623e-07    4.36147891296094e-08    4.3738172885248e-07
119.999999999963    5.44610950156059e-08    3.42911286430338e-09    4.8019237860769e-08    4.28454009905326e-10    2.73829380196242e-07    5.24254483153074e-08    4.32592728262133e-07
120.499999999963    9.67404626483171e-09    3.71289739346408e-09    4.91311135079079e-08    4.03630597492676e-10    3.12991720973353e-07    5.47824254296717e-08    4.30695834166721e-07
120.999999999962    1.1580126887012e-07    3.66550350052608e-09    4.46498834800173e-08    4.23558628183294e-10    2.15448169244455e-07    4.86527573548437e-08    4.28641141078146e-07
121.499999999962    2.59177894593659e-07    4.20255247377795e-09    3.53629103715507e-08    5.21431911831199e-10    8.75940613449036e-08    3.69356940337718e-08    4.23794544729494e-07
121.999999999962    3.43967219295618e-07    6.32638505102052e-09    2.35404253771842e-08    7.87453823491905e-10    1.85139959387921e-08    2.31200962929217e-08    4.16255575779028e-07
122.499999999961    3.77514431690742e-07    6.50253618796563e-09    1.12125761763367e-08    1.66987213609165e-09    1.04787018027205e-09    9.489596207565e-09    4.07436882578973e-07
122.999999999961    3.83772709169662e-07    4.55178405043554e-09    4.65971332323228e-09    3.90642458283493e-09    2.68322619781396e-12    1.4046267895938e-09    3.98297941141957e-07
123.49999999996    3.52570776205337e-07    4.69546864307699e-09    1.48985220120482e-08    1.28440819030772e-09    2.270572964108e-09    1.37082349658187e-08    3.89427982980696e-07
123.99999999996    2.9547597862878e-07    8.32813489979373e-09    2.57304043412046e-08    7.16122210963626e-10    2.5124572683432e-08    2.58048853903904e-08    3.81180098154564e-07
124.499999999959    1.98505891107173e-07    7.90713644975195e-09    3.56926155389305e-08    5.06595730664774e-10    9.42252437888961e-08    3.73556125739097e-08    3.74193095189326e-07
124.999999999959    7.80892520768949e-08    4.16783971869507e-09    4.29457533054591e-08    4.17571963409321e-10    1.96941701350067e-07    4.68653118478366e-08    3.69427430262362e-07
125.499999999958    6.93060768309724e-09    3.83162738591918e-09    4.54524283215884e-08    3.83682186262588e-10    2.58999688905787e-07    5.15901090975751e-08    3.67188143580229e-07
125.999999999958    5.16942830218289e-08    4.51146647758956e-09    4.34673528036219e-08    3.81821795396089e-10    2.17464188346464e-07    4.82736017785424e-08    3.65792714223443e-07
126.499999999957    1.67573084078944e-07    4.25664806978667e-09    3.66759135354234e-08    4.37409326352953e-10    1.14946631049286e-07    3.90508271992494e-08    3.62940513259042e-07
126.999999999957    2.60942114079448e-07    6.40681696053879e-09    2.66883427965761e-08    6.00369222765652e-10    3.5955997121729e-08    2.71550390930567e-08    3.57748679274114e-07
127.499999999957    3.06882519136262e-07    7.55575549610139e-09    1.56222261587695e-08    1.03654873093485e-09    4.95431061940116e-09    1.49337116718391e-08    3.50985071813308e-07
127.999999999956    3.26180430443148e-07    5.9206029811143e-09    5.71026949659708e-09    2.80008816991081e-09    6.20921025836431e-11    2.93508130518221e-09    3.43608564498536e-07
128.499999999956    3.15436276249586e-07    4.1813192961874e-09    8.20140607158074e-09    2.00058301840224e-09    1.93974531755124e-10    6.17544335861907e-09    3.3618900252613e-07
128.999999999955    2.78193979460693e-07    6.86756063532438e-09    1.796063991679e-08    8.85251384743733e-10    7.80731728449525e-09    1.7421113372883e-08    3.29135862054929e-07
129.499999999955    2.1125711446728e-07    8.87188810916767e-09    2.74719727869037e-08    5.56426778698268e-10    4.64367414563889e-08    2.82145181580585e-08    3.22808661756497e-07
129.999999999954    1.10838791854049e-07    5.69668831188768e-09    3.53616042443498e-08    4.30571685637485e-10    1.27649883431347e-07    3.79732840638274e-08    3.17950823591098e-07
130.499999999954    2.11202671968358e-08    3.34500121887418e-09    3.99117872088346e-08    3.75131267834734e-10    2.06372169497152e-07    4.40894853301992e-08    3.1521384171973e-07
130.999999999953    2.09225356301603e-08    4.75479285533849e-09    3.97094018522809e-08    3.58774953193681e-10    2.04397345621452e-07    4.3830104500216e-08    3.13972955412642e-07
131.499999999953    1.13015185589156e-07    4.36009460433274e-09    3.46166407199492e-08    3.92742847023573e-10    1.22550971017591e-07    3.72313806781918e-08    3.12167015456245e-07
131.999999999952    2.06409153284293e-07    5.37303066049226e-09    2.61521874686859e-08    5.08611107631344e-10    4.30942680504661e-08    2.6864393071532e-08    3.08401643643101e-07
132.499999999952    2.55403397227696e-07    7.64323227634273e-09    1.62245670194352e-08    8.2791092319392e-10    7.35663116607689e-09    1.56159130113854e-08    3.0307165162413e-07
132.999999999952    2.76289779801818e-07    7.15598310393665e-09    6.73049820715348e-09    2.01817621595634e-09    2.26457851971194e-10    4.63850010066166e-09    2.97059395281497e-07
133.499999999951    2.74522699445711e-07    4.57584275157717e-09    5.9777605939608e-09    2.32505308121831e-09    4.33744850131569e-11    3.45763142269936e-09    2.9090236178018e-07
133.999999999951    2.46350046110817e-07    5.89523326276903e-09    1.43760768879546e-08    9.36251276441528e-10    3.76590764716669e-09    1.36564560461146e-08    2.84979971231264e-07
134.49999999995    1.95342840492057e-07    9.60872769965476e-09    2.31974920851311e-08    5.57750287212194e-10    2.7630563948399e-08    2.32131076733849e-08    2.79550482185839e-07
134.99999999995    1.19191461760264e-07    7.33060672511203e-09    3.07372257420479e-08    4.19762314166946e-10    8.48694627497857e-08    3.25609352345603e-08    2.75109454525937e-07
135.499999999949    3.87376817887987e-08    3.54685000112559e-09    3.5809600452221e-08    3.57860914831034e-10    1.5410675630478e-07    3.96507209092562e-08    2.72209470371012e-07
135.999999999949    7.10547776727784e-09    4.69239941247099e-09    3.7012493774595e-08    3.32535657473081e-10    1.79848045595922e-07    4.18318035612687e-08    2.70822755769007e-07
136.499999999948    5.7999343071925e-08    5.18492474375678e-09    3.43280240339976e-08    3.4091141158863e-10    1.34316401424037e-07    3.75053847516735e-08    2.69674989436978e-07
136.999999999948    1.4246952918896e-07    4.73104833709515e-09    2.78353876673508e-08    4.06714536600847e-10    6.27481038222721e-08    2.91524207344413e-08    2.67343204286721e-07
137.499999999947    2.00149193137319e-07    7.3202450403739e-09    1.92114444203237e-08    5.94516954035559e-10    1.6865666741897e-08    1.93655948988652e-08    2.63506661192815e-07
137.999999999947    2.27884105678715e-07    8.2006260595485e-09    1.0461532515059e-08    1.10853073260047e-09    1.72421204546802e-09    9.39144028344789e-09    2.58770447314839e-07
138.499999999947    2.40441377218679e-07    5.79437158037277e-09    3.65808682556555e-09    2.99563115695397e-09    6.3656811167339e-12    8.03111959421702e-10    2.5369894442211e-07
138.999999999946    2.26256009603398e-07    4.35132691490929e-09    8.71852563228643e-09    1.32419345069459e-09    5.56836703975294e-10    7.44373989857811e-09    2.48650632203842e-07
139.499999999946    1.91718348929741e-07    8.22859707319149e-09    1.66959493444837e-08    6.65807798291251e-10    1.00937193243275e-08    1.64937555313803e-08    2.43896178001416e-07
139.999999999945    1.3504818273104e-07    8.99475885690826e-09    2.43601559370201e-08    4.46801946831467e-10    4.57657019089411e-08    2.51158216465883e-08    2.39731423027329e-07
140.499999999945    6.26396511234528e-08    4.46940474681986e-09    3.02351893415615e-08    3.61190084305617e-10    1.06253022959183e-07    3.26991466957054e-08    2.36657604951028e-07
140.999999999944    1.0188778539558e-08    3.6400360068051e-09    3.33004039994902e-08    3.21899357269958e-10    1.51076016952253e-07    3.64118658047378e-08    2.34939000660114e-07
141.499999999944    2.771658233898e-08    5.72421925681823e-09    3.18438459636907e-08    3.17378233922259e-10    1.33328781840492e-07    3.51407292244274e-08    2.3407153685833e-07
141.999999999943    1.011038329133e-07    4.40798806822568e-09    2.69926559268524e-08    3.56154530823738e-10    7.113148925298e-08    2.85428381548903e-08    2.32534958847072e-07
142.499999999943    1.61986980207229e-07    5.80825345789858e-09    1.95298153411968e-08    4.86162237296614e-10    2.20751539980652e-08    1.97857917118658e-08    2.29672156953553e-07
142.999999999942    1.91366558014573e-07    8.5305235603483e-09    1.14081848256456e-08    8.53713762680454e-10    3.12306830194502e-09    1.05905418342959e-08    2.25872590299488e-07
143.499999999942    2.05785126828493e-07    7.30912204505699e-09    4.27384779832019e-09    2.27276646740711e-09    5.23609815283822e-11    1.99425304352443e-09    2.21687477164331e-07
143.999999999942    2.00653919827108e-07    4.01351649546924e-09    6.33152933868727e-09    1.55167338983977e-09    1.47455291601992e-10    4.73374790011638e-09    2.17431842242823e-07
144.499999999941    1.74719673128481e-07    6.70155189102312e-09    1.33743621476464e-08    7.10197054723268e-10    4.89547037184933e-09    1.29609529214588e-08    2.13362207515182e-07
144.999999999941    1.30204804933943e-07    1.03458048005301e-08    2.03573255233274e-08    4.52865446354073e-10    2.74513932588398e-08    2.08922155474669e-08    2.09704409510461e-07
145.49999999994    7.36723550565755e-08    6.27310985245312e-09    2.64356749453445e-08    3.52513174391922e-10    7.19411717848782e-08    2.80960532191154e-08    2.06770878032759e-07
145.99999999994    2.166792086407e-08    2.97390338213493e-09    3.00380990898439e-08    3.07174876471208e-10    1.16688193117205e-07    3.32081375796557e-08    2.04883428909381e-07
146.499999999939    9.55284188732159e-09    5.76576399612791e-09    3.02292037784164e-08    2.90853621082861e-10    1.24106773426831e-07    3.40039128640631e-08    2.03949349573843e-07
146.999999999939    5.6242866520767e-08    5.54005733827138e-09    2.73106467698244e-08    3.02827682437155e-10    8.41292009005503e-08    2.9480414484395e-08    2.03006013696245e-07
147.499999999938    1.17416062684365e-07    4.4305686362759e-09    2.14748624768119e-08    3.76229605729211e-10    3.53278652754885e-08    2.21280730658736e-08    2.01153661744544e-07
147.999999999938    1.53240052540677e-07    7.8843353544001e-09    1.41276169563963e-08    5.79435372816256e-10    8.40078968032157e-09    1.4096161417243e-08    1.98328391321854e-07
148.499999999937    1.71173059693146e-07    8.91830035818405e-09    7.08407377364235e-09    1.19739080930895e-09    6.70508302173977e-10    5.92798116920012e-09    1.94971314105656e-07
148.999999999937    1.79644980508962e-07    5.22343694439903e-09    3.18609801912774e-09    2.48795146331487e-09    3.4158084086362e-12    8.63390944820933e-10    1.91409273689034e-07
149.499999999937    1.65552123135808e-07    4.15812767672644e-09    8.60013909896291e-09    9.48094153858927e-10    9.4438305525717e-10    7.67841579127997e-09    1.87881282911893e-07
149.999999999936    1.333483928869e-07    9.44593735610161e-09    1.51029490863602e-08    5.18660481547854e-10    1.1160807386215e-08    1.50186970473299e-08    1.84595444244454e-07
150.499999999936    8.78792248645866e-08    8.91712137115579e-09    2.11026786016534e-08    3.71771115204265e-10    4.14580636727165e-08    2.20617183985634e-08    1.8179057802388e-07
150.999999999935    3.86112257403281e-08    3.32213992086916e-09    2.57976302810384e-08    3.0537157964204e-10    8.41153775758541e-08    2.7571148774955e-08    1.79722893872687e-07
151.499999999935    7.65664293556641e-09    4.25982899274202e-09    2.72791912781837e-08    2.80322854452318e-10    1.0879038074856e-07    3.03360960312791e-08    1.78602462840784e-07
151.999999999934    2.89120271623447e-08    6.70538287299836e-09    2.57269619672922e-08    2.78867091723081e-10    8.81266797407333e-08    2.81518098250566e-08    1.77901728660148e-07
152.499999999934    8.61351938680693e-08    3.98009487682542e-09    2.11497003495451e-08    3.23332478887953e-10    4.27628123947713e-08    2.23179417753496e-08    1.76669075743449e-07
152.999999999933    1.26270083635105e-07    5.93682816857827e-09    1.4832517019848e-08    4.59238010426405e-10    1.20853888970399e-08    1.49231474558659e-08    1.74507203186864e-07
153.499999999933    1.44352495243059e-07    9.45110902979811e-09    8.19001812781308e-09    8.72136851765052e-10    1.52304202227955e-09    7.38801746183456e-09    1.71776818736549e-07
153.999999999932    1.55026634503056e-07    7.38790114016131e-09    3.16370818766055e-09    2.1505271508863e-09    1.70188842210864e-11    1.06619018014425e-09    1.6881198004613e-07
154.499999999932    1.49793200227071e-07    3.31961950271038e-09    6.19272089778733e-09    1.12518742815586e-09    2.60894574921823e-10    5.10889751518545e-09    1.65800520145832e-07
154.999999999932    1.25688499405882e-07    7.55378813752887e-09    1.2107654927438e-08    5.5510945447772e-10    5.325823192465e-09    1.17006730246461e-08    1.62931548142438e-07
155.499999999931    8.84665698331974e-08    1.07805356324102e-08    1.76705482266199e-08    3.75295138722525e-10    2.48891755175836e-08    1.822004718607e-08    1.60402171534604e-07
155.999999999931    4.87142859725714e-08    5.34699631095944e-09    2.24563787003644e-08    2.98991019946388e-10    5.77017863821543e-08    2.38696677066502e-08    1.58388106092646e-07
156.49999999993    1.52281592288135e-08    2.74814870393651e-09    2.5055018544828e-08    2.64442851038895e-10    8.62478130793743e-08    2.7526093508935e-08    1.57069675916926e-07
156.99999999993    1.05259303144963e-08    7.06152053237445e-09    2.48710238978599e-08    2.53639832740642e-10    8.62680900409161e-08    2.73860419770967e-08    1.56366246595484e-07
157.499999999929    5.01885792701067e-08    5.50858112561228e-09    2.19266692593807e-08    2.69081912424081e-10    5.44135849483579e-08    2.3320113084824e-08    1.55626609600706e-07
157.999999999929    9.45639737073578e-08    4.17991435273915e-09    1.67829226538196e-08    3.45473027522764e-10    2.1142131311276e-08    1.7180070627425e-08    1.5419448568014e-07
158.499999999928    1.17230183701192e-07    8.36809934995916e-09    1.08059414185495e-08    5.50599642779355e-10    4.69742552614549e-09    1.0458742063072e-08    1.52110991701697e-07
158.999999999928    1.29540585765935e-07    9.61559621570088e-09    5.10476737636379e-09    1.2403872233287e-09    3.31799617820001e-10    3.87482724532754e-09    1.49707963444476e-07
159.499999999927    1.36401614550448e-07    4.46018529607753e-09    3.0872240693441e-09    1.92292944435381e-09    1.07740627074324e-11    1.27732784085691e-09    1.47160055263787e-07
159.999999999927    1.23164399202158e-07    4.36448874957761e-09    7.93077466055259e-09    7.34904683370615e-10    1.1580345930233e-09    7.28268475383063e-09    1.44635286642513e-07
160.499999999927    9.42943252579655e-08    1.02994223878503e-08    1.33187167365089e-08    4.25902583680061e-10    1.07090233664332e-08    1.32633362814256e-08    1.42310726613864e-07
160.999999999926    5.98427196489474e-08    8.60510957598318e-09    1.80732764245873e-08    3.14878338826125e-10    3.44870677219591e-08    1.90370218171115e-08    1.40360073527415e-07
161.499999999926    2.76704567342601e-08    2.43201683245291e-09    2.15523576221687e-08    2.63343816428924e-10    6.35834300682739e-08    2.34095071585691e-08    1.38911112232154e-07
161.999999999925    6.9745780537087e-09    5.30973965813761e-09    2.26877211664315e-08    2.43462951137063e-10    7.79308591708146e-08    2.49124038216781e-08    1.38058764821908e-07
162.499999999925    2.62432696672871e-08    7.30287361069225e-09    2.10104120849554e-08    2.46228257759078e-10    5.99776047509676e-08    2.27378437441649e-08    1.37518232115826e-07
162.999999999924    7.05708213459526e-08    3.59046044943696e-09    1.70239737631107e-08    2.90340499036043e-10    2.73576378079823e-08    1.77199623340812e-08    1.365531961996e-07
163.499999999924    9.76771434685072e-08    6.04057590009938e-09    1.17617358000581e-08    4.21934681683166e-10    7.43291946234062e-09    1.16085082470021e-08    1.34942817559691e-07
163.999999999923    1.0907807600758e-07    1.03345256937172e-08    6.30722471484178e-09    8.48971458087161e-10    9.38111137083289e-10    5.46508191488076e-09    1.3297199092619e-07
164.499999999923    1.18384479374742e-07    7.01799535096512e-09    2.68764499731697e-09    1.83704378770359e-09    9.98423666975913e-12    9.05589478347223e-10    1.30842737225745e-07
164.999999999922    1.14186702822232e-07    2.82328035629979e-09    5.65205963046997e-09    8.91177276823418e-10    2.98666660592525e-10    4.80959705480993e-09    1.28661483801228e-07
165.499999999922    9.2007808563135e-08    8.32218789020346e-09    1.05670941400994e-08    4.64889589631984e-10    4.93871124763293e-09    1.02934376356198e-08    1.26594129066323e-07
165.999999999922    6.2195202694954e-08    1.09385694951694e-08    1.51643404164564e-08    3.22297651443323e-10    2.0546243150753e-08    1.5626666772269e-08    1.24793320181045e-07
166.499999999921    3.59132476653965e-08    4.38677064400738e-09    1.8910795345843e-08    2.58775553276098e-10    4.36781439786809e-08    2.0204873750716e-08    1.2335260693792e-07
166.999999999921    1.28754366425289e-08    2.94482511344614e-09    2.08218369635168e-08    2.31059401638396e-10    6.25549982617148e-08    2.2935133693108e-08    1.22363290075953e-07
167.49999999992    9.2925182055379e-09    8.27658130919164e-09    2.0557727039798e-08    2.2347319639081e-10    6.10716847788378e-08    2.23831708060607e-08    1.21805155335817e-07
167.99999999992    4.20685729791887e-08    5.17851069085983e-09    1.78335246852729e-08    2.41480334899627e-10    3.69160816828173e-08    1.90014638279604e-08    1.21239634200999e-07
168.499999999919    7.47877518520704e-08    3.77958528176514e-09    1.36206614297843e-08    3.11210467507942e-10    1.38326426410242e-08    1.38101182079528e-08    1.20141969880105e-07
168.999999999919    8.90103499307777e-08    8.99180411775647e-09    8.64223044996502e-09    5.08468487303349e-10    3.13333311838353e-09    8.32925812158985e-09    1.18615444225776e-07
169.499999999918    9.84575172573355e-08    1.00354983391264e-08    4.07710599810312e-09    1.15489071669118e-09    2.29678028218662e-10    2.9297173053325e-09    1.16884407644807e-07
169.999999999918    1.05896907825474e-07    3.42889225129718e-09    2.81209066890723e-09    1.55414532437319e-09    1.40291623164975e-11    1.32124824474255e-09    1.15027313477111e-07
170.499999999917    9.34149120713949e-08    4.62064800438936e-09    6.98440236069238e-09    6.10842815039644e-10    1.09343976474598e-09    6.45382981964802e-09    1.1317807483591e-07
170.999999999917    6.8165313026426e-08    1.097563697172e-08    1.14226932031813e-08    3.70429227708471e-10    9.06272096077687e-09    1.15003348978869e-08    1.114971282877e-07
171.499999999917    4.36882670126011e-08    8.13352806123595e-09    1.53614800578512e-08    2.76026633642858e-10    2.64648872400633e-08    1.61659303175368e-08    1.10090119322931e-07
171.999999999916    2.33612822632195e-08    1.57936558211917e-09    1.81714000212893e-08    2.29405369921169e-10    4.61212069984326e-08    1.95307768448691e-08    1.08993437079851e-07
172.499999999916    5.82414297745202e-09    6.56141759653602e-09    1.88504421102989e-08    2.16393480353058e-10    5.61969791456368e-08    2.06786902506331e-08    1.0832806556091e-07
172.999999999915    2.13438197883902e-08    7.60784252807594e-09    1.73719822046308e-08    2.20077670706433e-10    4.26084573634483e-08    1.87565750376016e-08    1.07908754592853e-07
173.499999999915    5.63730699553667e-08    2.95504368504064e-09    1.40546653333008e-08    2.59938837288978e-10    1.8926958895703e-08    1.4605070965442e-08    1.07174747672142e-07
173.999999999914    7.49267688348769e-08    6.06164001139906e-09    9.74917143919517e-09    3.78617694967572e-10    5.30258302927166e-09    9.56001462151286e-09    1.05978795631223e-07
174.499999999914    8.19528186029159e-08    1.12790802124143e-08    5.2413248828907e-09    7.85713455928051e-10    7.68388943109511e-10    4.52774037521795e-09    1.04555066472476e-07
174.999999999913    9.19633306848104e-08    6.25648232599851e-09    2.3838810209962e-09    1.54014409602215e-09    9.30272651414481e-12    8.54220299529069e-10    1.0300736115387e-07
175.499999999913    8.91193106837861e-08    2.31634262231531e-09    4.83759407426582e-09    7.66738916272283e-10    2.36682231472464e-10    4.11464663289321e-09    1.01391315161005e-07
175.999999999912    6.88753918649261e-08    8.86736428432347e-09    8.99590003088828e-09    4.10788544973986e-10    3.96328357005413e-09    8.75455742571369e-09    9.98672857208796e-08
176.499999999912    4.54639983591294e-08    1.12070802923437e-08    1.28287729424118e-08    2.8729058533612e-10    1.55605058944914e-08    1.32066359370299e-08    9.85542840107423e-08
176.999999999912    2.99186080341535e-08    3.26371198688991e-09    1.5892183374688e-08    2.28697881432664e-10    3.12311182942686e-08    1.69387085675249e-08    9.74730281389575e-08
177.499999999911    1.19030572028723e-08    3.34976771144049e-09    1.74524871789441e-08    2.04135706807533e-10    4.47009057083397e-08    1.90627381576901e-08    9.66730916660942e-08
177.999999999911    6.71574290137552e-09    9.19596907870341e-09    1.70765635360125e-08    2.01509615004463e-10    4.433627880886e-08    1.87080878083517e-08    9.62341517483076e-08
178.49999999991    3.34816024433062e-08    4.80410300663777e-09    1.49193084238337e-08    2.15917824186674e-10    2.65253207738486e-08    1.58524308586592e-08    9.57986833304721e-08
178.99999999991    5.85252300841209e-08    3.08724120419106e-09    1.1424923532233e-08    2.77572525525006e-10    1.00218779134243e-08    1.16393940776307e-08    9.4976239337125e-08
179.499999999909    6.66742894673009e-08    9.76930468023434e-09    7.39425321263231e-09    4.55795276086036e-10    2.54026585646831e-09    7.02408221450987e-09    9.38579907072318e-08
179.999999999909    7.51177191097012e-08    1.00638104214095e-08    3.58889487458089e-09    1.0035535824986e-09    2.18520152735397e-10    2.61701588436617e-09    9.26095140252917e-08
180.499999999908    8.39181453230403e-08    2.54527960757581e-09    2.32833233587214e-09    1.39172189582947e-09    8.95778704425228e-12    1.04089943126135e-09    9.12333363806233e-08
180.999999999908    7.25029864458047e-08    4.69986187180015e-09    5.87548504133088e-09    5.54063623074662e-10    8.20231322223141e-10    5.39742811245226e-09    8.98500564166858e-08
181.499999999907    5.04624816121817e-08    1.16842842773013e-08    9.5937671690389e-09    3.40699712783046e-10    6.83497493205827e-09    9.69295982763774e-09    8.86091675310009e-08
181.999999999907    3.45050414657221e-08    7.57831878204425e-09    1.29963355942175e-08    2.45741433649499e-10    1.87800347076132e-08    1.34528367366402e-08    8.75583087198867e-08
182.499999999907    2.17115650019357e-08    1.11715851673784e-09    1.52713588990787e-08    2.04050160245161e-10    3.20999271065279e-08    1.62861345716677e-08    8.66901942561929e-08
182.999999999906    4.67515915714459e-09    7.46594159386513e-09    1.58658413776294e-08    1.93300504636279e-10    4.06379857934393e-08    1.7292796639678e-08    8.61310250663926e-08
183.499999999906    1.57351636751555e-08    7.82011576061598e-09    1.4741419103787e-08    1.9715333566503e-10    3.15176309760472e-08    1.57900064555858e-08    8.58014893068566e-08
183.999999999905    4.41540076805244e-08    2.17834411689555e-09    1.20819690869567e-08    2.29357611488784e-10    1.41734586028658e-08    1.24390748326358e-08    8.5256211931367e-08
184.499999999905    5.65915641184893e-08    6.21122095313109e-09    8.49943322042029e-09    3.31466781559005e-10    4.39920926737597e-09    8.34552438463501e-09    8.43784187256107e-08
184.999999999904    6.1136783407351e-08    1.18491570808254e-08    4.75439095273768e-09    6.76267599346933e-10    7.91732679430487e-10    4.14616410583257e-09    8.33544958255241e-08
185.499999999904    7.2334001988637e-08    5.57067748904018e-09    2.13327389980131e-09    1.31043501429607e-09    1.12200308294388e-11    8.59374022943057e-10    8.22189824455471e-08
185.999999999903    7.11472068314954e-08    1.89996728574131e-09    3.92121961564366e-09    7.1723438550895e-10    1.3270919359158e-10    3.1807037583667e-09    8.09990410703476e-08
186.499999999903    5.27585948901467e-08    9.32441102118096e-09    7.40742982152427e-09    3.90216161577264e-10    2.76893820815565e-09    7.20439194899493e-09    7.98539820515798e-08
186.999999999902    3.48872684236661e-08    1.13526314095299e-08    1.06588694359253e-08    2.68474287320715e-10    1.07820382129126e-08    1.0925719457404e-08    7.88750012267586e-08
187.499999999902    2.706551638857e-08    2.47459269537241e-09    1.33223305212384e-08    2.06520484502064e-10    2.10068468390827e-08    1.39517250240954e-08    7.80275319528609e-08
187.999999999902    1.16106859747684e-08    3.78989415338432e-09    1.46392307244497e-08    1.8453492600536e-10    3.12793194523154e-08    1.58541105404012e-08    7.73577757713244e-08
188.499999999901    4.03810052783962e-09    9.84563957441411e-09    1.44893769870412e-08    1.81337411679252e-10    3.27270256083299e-08    1.57025882976603e-08    7.69840684069644e-08
188.999999999901    2.55865324647608e-08    4.46097234813192e-09    1.28189388459512e-08    1.92472140403669e-10    2.00512177212296e-08    1.35452639355488e-08    7.6655397456026e-08
189.4999999999    4.51128568681276e-08    2.48763238578836e-09    9.97470984214415e-09    2.42734987365464e-10    8.01646950593306e-09    1.02129981125429e-08    7.60474017019015e-08
189.9999999999    4.89856477846474e-08    1.03735788259932e-08    6.63677722060544e-09    3.94997169557951e-10    2.43945470643935e-09    6.40708238214109e-09    7.52375380893844e-08
190.499999999899    5.72592307735816e-08    9.89324577606007e-09    3.46536803097875e-09    8.14294477929584e-10    2.65450071211385e-10    2.63919217903058e-09    7.4336781308792e-08
190.999999999899    6.76480661769104e-08    1.93686228817608e-09    1.80396691173603e-09    1.32334056273786e-09    2.75368773435674e-12    5.90598116724733e-10    7.33055877440195e-08
191.499999999898    5.76191777399975e-08    4.67317367961299e-09    4.72082219344884e-09    5.42963904429312e-10    4.90546841864189e-10    4.20445440619839e-09    7.22511387655512e-08
191.999999999898    3.84410616628638e-08    1.22236920650618e-08    7.90300098881038e-09    3.27355848311593e-10    4.60110287910284e-09    7.82073320642686e-09    7.13169466505773e-08
192.499999999897    2.91651271859583e-08    7.10257876511413e-09    1.07011795811734e-08    2.29765869202869e-10    1.22766126913966e-08    1.10445835099448e-08    7.05198476027901e-08
192.999999999897    2.12107245186217e-08    9.79520489979825e-10    1.26466277233404e-08    1.87752828672956e-10    2.12799367711167e-08    1.35044167104537e-08    6.98089790421852e-08
193.499999999897    4.08810144132691e-09    7.99889251868863e-09    1.33245381505543e-08    1.76524992420331e-10    2.92057822279307e-08    1.45217480061148e-08    6.93155873370357e-08
193.999999999896    1.0458023633844e-08    8.16619600219863e-09    1.26370495624357e-08    1.77494771711711e-10    2.40951887792885e-08    1.35110193204035e-08    6.9044972069882e-08
194.499999999896    3.40127157831506e-08    1.48609811233045e-09    1.05755982251357e-08    2.01923579225771e-10    1.13847682692618e-08    1.09836618423763e-08    6.86447658114807e-08
194.999999999895    4.2038823316691e-08    6.18088017331522e-09    7.72808183753104e-09    2.8199295890758e-10    4.12733196854609e-09    7.64332858896086e-09    6.80004388439518e-08
195.499999999895    4.49396661552976e-08    1.20769893872828e-08    4.60539310681466e-09    5.53855065696841e-10    9.66780912166164e-10    4.1262297120596e-09    6.72689143393176e-08
195.999999999894    5.69772446257683e-08    5.27289139253719e-09    2.07267116874185e-09    1.06482884484222e-09    2.14942499895842e-11    1.02646054032719e-09    6.64355908222063e-08
196.499999999894    5.81711038200474e-08    1.47318296701168e-09    2.88472563549344e-09    7.50288897444764e-10    4.68916535431534e-11    2.17527174570468e-09    6.55014647192451e-08
196.999999999893    4.15376618308336e-08    9.49942879174993e-09    5.90216639558407e-09    3.99341509416299e-10    1.66202542165757e-09    5.62412358009143e-09    6.46247475293329e-08
197.499999999893    2.79373142748053e-08    1.14150828254718e-08    8.65272377080935e-09    2.60813332038174e-10    6.82035326171429e-09    8.79727417852159e-09    6.38835616433605e-08
197.999999999892    2.53054529065139e-08    2.21463504429626e-09    1.09360048599881e-08    1.94275726602576e-10    1.31675887706865e-08    1.13925119516176e-08    6.32104692597049e-08
198.499999999892    1.22249034225027e-08    3.84278836109086e-09    1.22342163941243e-08    1.70307294371733e-10    2.10557328053791e-08    1.30993413094038e-08    6.26272895868724e-08
198.999999999892    1.952330452428e-09    1.03357180886774e-08    1.2322635342933e-08    1.68036488863959e-10    2.42184545130536e-08    1.32927498515415e-08    6.22899247374975e-08
199.499999999891    1.86228082048281e-08    4.48360057466097e-09    1.11654058368334e-08    1.7390685105454e-10    1.57728074687026e-08    1.18211251989448e-08    6.20396541350244e-08
199.999999999891    3.4416117636026e-08    1.85745180258797e-09    8.99726011690835e-09    2.09790557129045e-10    6.88326845371679e-09    9.22504236084227e-09    6.15889309272104e-08
200.49999999989    3.53544142933938e-08    1.03326038326006e-08    6.27423813917054e-09    3.29488672274894e-10    2.59536582282408e-09    6.11777400431543e-09    6.10038847645794e-08
200.99999999989    4.28977349271106e-08    9.98294971952033e-09    3.52298624152238e-09    6.43261750665798e-10    3.94261375935569e-10    2.9194139342006e-09    6.03606079489553e-08
201.499999999889    5.48230564423662e-08    1.76678160362362e-09    1.48095624738004e-09    1.21092456068093e-09    7.34492790504593e-13    3.0533030049268e-10    5.9587783647334e-08
201.999999999889    4.71523259060459e-08    4.24418168512532e-09    3.56269078364748e-09    5.81272825395395e-10    2.1879887295353e-10    3.01140792755523e-09    5.87706780007228e-08
202.499999999888    3.03677523793729e-08    1.21634562313159e-08    6.30725483617504e-09    3.40486750427545e-10    2.73997263974006e-09    6.13492403968702e-09    5.80538468767185e-08
202.999999999888    2.51010575575507e-08    7.07616968858523e-09    8.74253677487608e-09    2.22166443905721e-10    7.41841242356259e-09    8.87514693824426e-09    5.74354898267245e-08
203.499999999887    2.10226918716975e-08    8.91289900269871e-10    1.04949355858627e-08    1.77009641603178e-10    1.321958543054e-08    1.10402445252167e-08    5.68457569551899e-08
203.999999999887    4.68362002053527e-09    7.79607117835672e-09    1.13338068475181e-08    1.63834242847731e-10    2.03354697404983e-08    1.20803122583453e-08    5.63931142881015e-08
204.499999999887    5.94303938934965e-09    8.76502859134821e-09    1.09689627026888e-08    1.64087112857668e-10    1.86652698769835e-08    1.16546818994163e-08    5.61610695726442e-08
204.999999999886    2.55351749187864e-08    1.25759088845133e-09    9.46799213916429e-09    1.78811175037264e-10    9.54766657881997e-09    9.88280974195993e-09    5.58700454422192e-08
205.499999999886    3.12214011939148e-08    5.39454427963915e-09    7.26425896701009e-09    2.36799891173739e-10    4.04042221054593e-09    7.23819638276699e-09    5.53956229250507e-08
205.999999999885    3.23541058654696e-08    1.1844788240178e-08    4.67459565839863e-09    4.34256931757485e-10    1.25497187784815e-09    4.31045665123827e-09    5.48731752248901e-08
206.499999999885    4.40898932172467e-08    5.60294929054297e-09    2.26438988387778e-09    8.12546642837399e-10    5.90070286778564e-11    1.4397003838993e-09    5.4268486447082e-08
206.999999999884    4.8570620717754e-08    1.00644389173537e-09    2.05093483969319e-09    8.42157588688636e-10    8.27020994121424e-12    1.07094150133636e-09    5.35493687491488e-08
207.499999999884    3.41339475955711e-08    8.70570332536204e-09    4.54168355033683e-09    4.3369393036493e-10    8.39054133971538e-10    4.21051358839966e-09    5.28645961240061e-08
207.999999999883    2.2904179081167e-08    1.12125036187966e-08    6.93258522457225e-09    2.67100814331157e-10    4.01173912363872e-09    6.96080551503431e-09    5.228891337754e-08
208.499999999883    2.30807881556912e-08    2.47588581173692e-09    8.96384998328486e-09    1.87544548380955e-10    7.83514279900115e-09    9.20905053896503e-09    5.17522618370601e-08
208.999999999882    1.33327193649216e-08    3.19922409461282e-09    1.02035978457358e-08    1.62112662136473e-10    1.35420777282305e-08    1.08108078467744e-08    5.12505395424116e-08
209.499999999882    1.07668448931297e-09    1.02182960030666e-08    1.05224647811843e-08    1.57933722559294e-10    1.76979741989966e-08    1.12607414711206e-08    5.09340946662403e-08
209.999999999882    1.2592626012354e-08    5.08560286332009e-09    9.82431308487347e-09    1.5975504326669e-10    1.27047319050868e-08    1.03667288023539e-08    5.07337577112549e-08
210.499999999881    2.63016740703274e-08    1.18654452535749e-09    8.27455330317467e-09    1.82506102247877e-10    6.03872016840532e-09    8.41404029730684e-09    5.03980384668196e-08
210.999999999881    2.57801636029491e-08    9.1441914985381e-09    6.07778450880666e-09    2.69937300686757e-10    2.72837265087879e-09    5.9680058666606e-09    4.996845542852e-08
211.49999999988    3.13772054469486e-08    1.00641979919227e-08    3.71112929337697e-09    4.97907862039923e-10    5.91522993996242e-10    3.26801007960476e-09    4.95099736678892e-08
211.99999999988    4.38392073886978e-08    2.04341592428504e-09    1.52827528932151e-09    9.68396855144608e-10    4.30119964618914e-12    5.53496533042744e-10    4.89370931901379e-08
212.499999999879    3.97941174214948e-08    3.25682363693663e-09    2.58572056466493e-09    6.43709967253828e-10    7.05647148170317e-11    1.94536197658039e-09    4.82962982817476e-08
212.999999999879    2.51548877051244e-08    1.1024752477958e-08    4.97752613826776e-09    3.66864091778454e-10    1.48840288166675e-09    4.71958571052955e-09    4.7732019005325e-08
213.499999999878    2.11812027959153e-08    7.20498723059264e-09    7.09840044849466e-09    2.22402670573463e-10    4.39113499057878e-09    7.14788700749217e-09    4.7246015143647e-08
213.999999999878    1.99554784783335e-08    8.53118851339456e-10    8.72382299578712e-09    1.70486616382661e-10    8.02053584916598e-09    9.03939578958701e-09    4.67628385805958e-08
214.499999999877    6.01890524113564e-09    6.64907147107979e-09    9.60678439931019e-09    1.55217210252425e-10    1.38150571136561e-08    1.01132042926825e-08    4.63582397281166e-08
214.999999999877    2.90991140215972e-09    8.99708003045312e-09    9.53264361065135e-09    1.54730555141086e-10    1.44804133269294e-08    1.00695652574079e-08    4.61443441827426e-08
215.499999999877    1.86317361102601e-08    1.60049218991823e-09    8.5555505375361e-09    1.60697000935758e-10    8.12306455836818e-09    8.85525860884553e-09    4.59267990058639e-08
215.999999999876    2.39132299261757e-08    3.93640421016165e-09    6.8105756775143e-09    2.03038579924786e-10    3.79514420195616e-09    6.91772392612703e-09    4.55761165218596e-08
216.499999999876    2.34982445109797e-08    1.06810393954644e-08    4.69013674985035e-09    3.45788508857768e-10    1.47855914678659e-09    4.49869018145708e-09    4.51924584933959e-08
216.999999999875    3.34645722821846e-08    6.10244744824465e-09    2.52097809686431e-09    6.19016274869706e-10    1.30414780940185e-10    1.91619219517508e-09    4.47536210782786e-08
217.499999999875    4.07709483330152e-08    7.31745451363981e-10    1.27628846866494e-09    1.02814610923108e-09    7.10201592332094e-13    3.94271792124772e-10    4.42021103559923e-08
217.999999999874    2.91997633160949e-08    6.96011268317488e-09    3.53528488143025e-09    4.63378915462337e-10    3.82410721653613e-10    3.11608284263921e-09    4.36570333604552e-08
218.499999999874    1.90308932764854e-08    1.03164381887366e-08    5.66002536386468e-09    2.77132679901504e-10    2.35472242601097e-09    5.55837853022641e-09    4.31975904652256e-08
218.999999999873    1.98161066792884e-08    2.97192526309138e-09    7.44828666628141e-09    1.84412363190893e-10    4.78663296390064e-09    7.56434677770083e-09    4.27717107134536e-08
219.499999999873    1.36231930551654e-08    2.27824155890657e-09    8.60454635170375e-09    1.56387040648906e-10    8.68279009432984e-09    9.00678648235118e-09    4.23519445831057e-08
219.999999999872    1.37599039147604e-09    9.12884560041343e-09    9.02303526059409e-09    1.51786268224457e-10    1.27899592574734e-08    9.59293508678581e-09    4.20625518649672e-08
220.499999999872    8.01579556015998e-09    5.75787426062325e-09    8.64717607998361e-09    1.50181524392146e-10    1.02183613114194e-08    9.1033854757752e-09    4.18927742123536e-08
220.999999999872    2.0330241791526e-08    7.79614745271918e-10    7.52173475958803e-09    1.63953756664091e-10    5.1288908848594e-09    7.71880193477581e-09    4.16432378726853e-08
221.499999999871    1.98885802354055e-08    7.0726947148402e-09    5.79444334234283e-09    2.27881635187847e-10    2.55195062272388e-09    5.7785970270959e-09    4.13141475775961e-08
221.999999999871    2.30789400830031e-08    9.52407167561689e-09    3.78425812527129e-09    4.01207074769375e-10    7.28805049785499e-10    3.45873162400081e-09    4.09760136324469e-08
222.49999999987    3.45388615408082e-08    2.58768999052796e-09    1.70946832855946e-09    7.4457199639441e-10    1.65515089281163e-11    9.54747409860586e-10    4.05518907750787e-08
222.99999999987    3.40061486614096e-08    2.1420682839574e-09    1.93987569397317e-09    6.82538706570519e-10    2.07723948173414e-11    1.25633179487582e-09    4.00477355356039e-08
223.499999999869    2.13531373045455e-08    9.14790789341987e-09    4.08309698846835e-09    3.77635450809033e-10    8.39509320488791e-10    3.79245610693507e-09    3.95937430646666e-08
223.999999999869    1.71687595987193e-08    7.10325105260853e-09    5.9643029358199e-09    2.22532629001789e-10    2.80137176772583e-09    5.94685835578429e-09    3.92070763396597e-08
224.499999999868    1.75594750315029e-08    9.75694147930964e-10    7.43809371112003e-09    1.64076119828965e-10    5.12397054436659e-09    7.55909071979091e-09    3.88204002745404e-08
224.999999999868    6.98959197077365e-09    5.14651582054674e-09    8.20395699534186e-09    1.50222322998351e-10    9.387189920819e-09    8.60019480369667e-09    3.84776718341763e-08
225.499999999867    1.45887022446054e-09    8.66217968378866e-09    8.25618707182234e-09    1.50293307467826e-10    1.10120868599832e-08    8.74136627895707e-09    3.82809834264797e-08
225.999999999867    1.35367545637208e-08    2.27901720838643e-09    7.5936352421133e-09    1.51448425332307e-10    6.63095632698864e-09    7.92116671987356e-09    3.81129784864151e-08
226.499999999867    1.93436189926814e-08    2.47757914596821e-09    6.2989954335327e-09    1.80207847312316e-10    3.14510190398718e-09    6.3955957950373e-09    3.78410991185191e-08
226.999999999866    1.80376187531119e-08    8.87241438280644e-09    4.53604705040505e-09    2.9225997451399e-10    1.40528530536255e-09    4.3995079764385e-09    3.75431334426385e-08
227.499999999866    2.54141228458438e-08    6.36986395007865e-09    2.61524956104961e-09    5.11641142530448e-10    1.87526240416855e-10    2.11960163021835e-09    3.72180053701377e-08
227.999999999865    3.3808231949372e-08    7.55613948553622e-10    1.0734407925182e-09    9.80709529635966e-10    1.93153231847311e-13    1.77296253140373e-10    3.6795485626452e-08
228.499999999865    2.51444344810883e-08    5.11928398531433e-09    2.92516568117263e-09    4.61785577368857e-10    1.99338643375156e-10    2.50746461261369e-09    3.6357472980933e-08
228.999999999864    1.54248337764e-08    9.14642182870957e-09    4.84820471084548e-09    2.78654126716168e-10    1.56431263848597e-09    4.72407683111734e-09    3.59865039122745e-08
229.499999999864    1.58979797025405e-08    3.42864248122068e-09    6.40860446578136e-09    1.79984423563888e-10    3.25685000417283e-09    6.47949329648808e-09    3.56515543737674e-08
229.999999999863    1.27069515463416e-08    1.57166226974488e-09    7.42694334160495e-09    1.50577256693394e-10    5.7862327619705e-09    7.67021189395145e-09    3.53125790703067e-08
230.499999999863    2.0281842024775e-09    7.75725758340264e-09    7.77426817917893e-09    1.48417656336603e-10    9.11758610528662e-09    8.23407624177653e-09    3.50597899684588e-08
230.999999999862    5.19575805671171e-09    6.2693113768428e-09    7.5168364319799e-09    1.46779751291657e-10    7.84790822158597e-09    7.93979437299007e-09    3.49163882114021e-08
231.499999999862    1.63048903094339e-08    7.91211338495221e-10    6.68398893111234e-09    1.55165749420463e-10    3.91802490377944e-09    6.86862430223136e-09    3.47219055344728e-08
231.999999999862    1.66704879428923e-08    5.04589248195259e-09    5.29431538330374e-09    2.061071232356e-10    1.94844739300439e-09    5.2910127399364e-09    3.4456263064325e-08
232.499999999861    1.76627056667383e-08    8.63729433403747e-09    3.57253021554064e-09    3.63580208661744e-10    6.66510991354978e-10    3.28852102879597e-09    3.41911424451291e-08
232.999999999861    2.71985055354691e-08    3.20998345949919e-09    1.72498333991012e-09    6.460670058606e-10    2.61933474074836e-11    1.06544717496422e-09    3.38711798631107e-08
233.49999999986    2.88103962748475e-08    1.34114224878608e-09    1.67341694482308e-09    6.55059543183276e-10    9.73089223038944e-12    9.83505299113458e-10    3.34732512029837e-08
233.99999999986    1.76889511610015e-08    7.48467154442781e-09    3.62696015940292e-09    3.59795715883931e-10    5.86250934431329e-10    3.35880341257798e-09    3.31054329277254e-08
234.499999999859    1.29646283943214e-08    6.98842524822376e-09    5.28357066221656e-09    2.16481728907414e-10    2.0983282520614e-09    5.24619617304843e-09    3.2797630458779e-08
234.999999999859    1.44671574636153e-08    1.21158743279222e-09    6.44321660984709e-09    1.60117844067811e-10    3.58126688449492e-09    6.63749382043398e-09    3.25008400552513e-08
235.499999999858    7.25595610389638e-09    3.92393965477304e-09    7.11403648515894e-09    1.46577516561854e-10    6.41555114624958e-09    7.35966631891243e-09    3.22157272255522e-08
235.999999999858    9.98287296231746e-10    8.30887867034981e-09    7.11187181687389e-09    1.50771386114009e-10    7.99311448719361e-09    7.48071976341312e-09    3.20436434201762e-08
236.499999999857    1.03972227740208e-08    3.09409640687649e-09    6.60998005564137e-09    1.49315475911599e-10    4.85975232969488e-09    6.79718378120143e-09    3.19075508233465e-08
236.999999999857    1.67651484706757e-08    1.50592054847626e-09    5.55633009022912e-09    1.72313592602845e-10    2.11542315103585e-09    5.57367959621998e-09    3.16888154492398e-08
237.499999999856    1.49844704676508e-08    7.20936721998694e-09    4.0678109159969e-09    2.76450618229836e-10    9.99369942601334e-10    3.90366525422243e-09    3.14411344186882e-08
237.999999999856    1.95354108917581e-08    6.62329987725122e-09    2.41684904427039e-09    4.80189636942774e-10    1.70534400366816e-10    1.96218324424653e-09    3.11884670948359e-08
238.499999999856    2.77361776075188e-08    9.65492857045901e-10    1.05189592187231e-09    8.59888059121608e-10    5.14129827192341e-13    2.47555837145733e-10    3.08615244125316e-08
238.999999999855    2.11024933815049e-08    3.80470315152118e-09    2.71196721576489e-09    4.15246653866975e-10    1.50489528722798e-10    2.32340191089036e-09    3.05083018422711e-08
239.499999999855    1.15491519720801e-08    8.37925549809562e-09    4.45367790422091e-09    2.62114051069357e-10    1.27803052551971e-09    4.28620090903636e-09    3.0208430860022e-08
239.999999999854    1.18447891216612e-08    3.93704032077064e-09    5.74232247569316e-09    1.71330638980319e-10    2.52293324266238e-09    5.73235450443586e-09    2.99507703042036e-08
240.499999999854    1.13464977854242e-08    1.12646791057119e-09    6.44492365845516e-09    1.46313724021023e-10    3.96277130368006e-09    6.66259196480027e-09    2.96895663469519e-08
240.999999999853    2.62104960667719e-09    6.80580405269057e-09    6.67648162135622e-09    1.47545131125212e-10    6.2739992403654e-09    6.9485343071108e-09    2.94734139593254e-08
241.499999999853    3.80882622965111e-09    6.87673376960772e-09    6.41788964954487e-09    1.51131189460881e-10    5.49914255750029e-09    6.59504092184719e-09    2.93487643176121e-08
241.999999999852    1.40277575087227e-08    1.14670482715765e-09    5.65848976024792e-09    1.56685019709613e-10    2.48154897164129e-09    5.72362610812492e-09    2.91948121956041e-08
242.499999999852    1.52157018667881e-08    3.55048695436253e-09    4.47323937812372e-09    2.06149396470454e-10    1.10734160073056e-09    4.4155112627554e-09    2.89684304592308e-08
242.999999999851    1.41789473224603e-08    7.9919744383336e-09    3.03641568966462e-09    3.71621030398003e-10    4.31252965810381e-10    2.73482191798974e-09    2.87450333646566e-08
243.499999999851    2.14585827835827e-08    3.9076925390066e-09    1.55210436468625e-09    6.11916062930205e-10    2.10245935548599e-11    9.45141094101111e-10    2.84964614378618e-08
243.999999999851    2.38817820947649e-08    9.00913973977371e-10    1.70873110629269e-09    5.33598950364209e-10    1.20638051116682e-11    1.14409963420379e-09    2.81811895647146e-08
244.49999999985    1.38041491391276e-08    6.43135293828574e-09    3.51745548589675e-09    3.12736525154547e-10    5.51189817978132e-10    3.26519300000649e-09    2.78820769064492e-08
244.99999999985    8.67565121295605e-09    7.15974939552549e-09    4.9032480982164e-09    2.05457126456721e-10    1.85847779606917e-09    4.83870590339369e-09    2.76412895326175e-08
245.499999999849    1.14436036837361e-08    1.54421355906999e-09    5.75823564526852e-09    1.53422484424782e-10    2.67258133308169e-09    5.84786884100989e-09    2.7419925546591e-08
245.999999999849    7.31961013854546e-09    3.12205074164874e-09    6.08779780164394e-09    1.46445612296147e-10    4.23819272995522e-09    6.28137611755296e-09    2.71954731416425e-08
246.499999999848    1.18030110085126e-09    8.27205242944922e-09    5.95161226856203e-09    1.59033988010891e-10    5.32819142330964e-09    6.15382591454216e-09    2.70450171247252e-08
246.999999999848    8.76613394015381e-09    4.09508429925153e-09    5.41221985336717e-09    1.60912225502313e-10    3.0154002648545e-09    5.48245632905389e-09    2.69322069121832e-08
247.499999999847    1.55953204137667e-08    1.03754482130843e-09    4.4722390697042e-09    1.82695567971755e-10    1.0338993203079e-09    4.42512631505492e-09    2.67468255081139e-08
247.999999999847    1.35670043793637e-08    5.9386631770882e-09    3.23348849816637e-09    3.06509139103687e-10    4.84122510289301e-10    2.99705228260238e-09    2.65268399866137e-08
248.499999999846    1.51761482173381e-08    6.9896865012654e-09    2.02236014313586e-09    4.87952816905369e-10    9.9348570651443e-11    1.54362710535175e-09    2.63191233546479e-08
248.999999999846    2.22276085917065e-08    1.37054644342478e-09    1.2103758735494e-09    6.91302980727092e-10    4.5174328842442e-12    5.5929429198019e-10    2.60636456142722e-08
249.499999999846    1.69776489774488e-08    2.92397351159151e-09    2.83409674464295e-09    3.27884701433595e-10    1.8048078831449e-10    2.53560857940671e-09    2.57796933028381e-08
249.999999999845    7.71264105476404e-09    7.78750438673479e-09    4.29212866395339e-09    2.33363123225518e-10    1.27418548662562e-09    4.23972496325561e-09    2.5539547678559e-08
250.499999999845    8.00340771773793e-09    4.44749415616111e-09    5.24858583632578e-09    1.64174826198033e-10    2.1814321283185e-09    5.30281217466491e-09    2.53479068394063e-08
250.999999999844    9.90058795872818e-09    9.54829245265124e-10    5.66632257181704e-09    1.43321133356721e-10    2.73029001504154e-09    5.75583819537701e-09    2.51511891195856e-08
251.499999999844    3.39375767525702e-09    6.13649032428621e-09    5.58546529058504e-09    1.57222227738896e-10    3.98966408791504e-09    5.71178564485578e-09    2.4974385250638e-08
251.999999999843    3.55456900901497e-09    7.46204993028185e-09    5.12060161093377e-09    1.76124120168236e-10    3.33635485950448e-09    5.21806996784717e-09    2.48677694977505e-08
252.499999999843    1.28201907414545e-08    1.84319372784978e-09    4.38345908144299e-09    1.79356708931595e-10    1.19116558871554e-09    4.31799679369213e-09    2.47353626420866e-08
252.999999999842    1.49555675980479e-08    2.48160140497181e-09    3.32154797344773e-09    2.42627298710237e-10    3.839537076594e-10    3.14841527048486e-09    2.45337132533219e-08
253.499999999842    1.23535140990644e-08    7.24618304669407e-09    2.2724236612953e-09    4.26865362758829e-10    1.66750864827968e-10    1.86719015955805e-09    2.43329271941986e-08
253.999999999841    1.67784618421003e-08    4.44755283108908e-09    1.44318190779978e-09    5.69243545082322e-10    1.61817814868623e-11    8.76716883164895e-10    2.41313387907233e-08
254.499999999841    1.86371400052437e-08    8.46454414022665e-10    2.17406685824128e-09    3.60910954209784e-10    4.70042716486732e-11    1.81739967013248e-09    2.38829761734986e-08
254.999999999841    1.00527473002507e-08    5.26395914905147e-09    3.75714515549598e-09    2.42103696405036e-10    7.13755728311886e-10    3.61011366296967e-09    2.36398246924848e-08
255.49999999984    4.93130706346075e-09    6.73784295405295e-09    4.81883814243684e-09    1.81562799284796e-10    1.94405038310409e-09    4.83994683085137e-09    2.34535481731908e-08
255.99999999984    8.35056971179558e-09    1.85903860866576e-09    5.3160587230995e-09    1.44871958194378e-10    2.25421088272898e-09    5.37017351109395e-09    2.32949233955782e-08
256.499999999839    6.9805080366304e-09    2.61490505925785e-09    5.24473180895924e-09    1.48512928011589e-10    2.78571256749257e-09    5.35215238409852e-09    2.31265227844502e-08
256.999999999839    2.31136520918569e-09    7.71637107356726e-09    4.80107626267274e-09    1.8269356011257e-10    3.12921264618479e-09    4.85977902493406e-09    2.30004977766571e-08
257.499999999838    8.33649215112298e-09    4.80511568727123e-09    4.07339672862219e-09    2.05009659527233e-10    1.46788334018911e-09    4.01147521681087e-09    2.28993727835436e-08
257.999999999838    1.50597239471631e-08    1.09634836743291e-09    3.11384166645124e-09    2.30933192011104e-10    2.97796330731726e-10    2.9360709648698e-09    2.27347144686599e-08
258.499999999837    1.36461511309938e-08    4.55043115282157e-09    2.0998273787465e-09    4.13145278816409e-10    1.06035087603969e-10    1.71749688025044e-09    2.25330869092327e-08
258.999999999837    1.26616852522091e-08    6.34840319417596e-09    1.6532406129203e-09    5.01194599220638e-10    3.7310844080091e-11    1.14661605607128e-09    2.23484505586773e-08
259.499999999837    1.6417496535645e-08    1.7981550091333e-09    1.92361591185285e-09    4.21025247143202e-10    5.83806242042763e-11    1.52527308515409e-09    2.21439464131327e-08
259.999999999836    1.22241768217736e-08    2.27660699894657e-09    3.46440431809455e-09    2.20528225324707e-10    4.1296221189418e-10    3.32053030642003e-09    2.19192088824537e-08
260.499999999836    4.62218733684415e-09    5.99984218108148e-09    4.61116814760179e-09    1.78119947483265e-10    1.6518521435556e-09    4.66187074012253e-09    2.17250404966888e-08
260.999999999835    4.63135870069805e-09    3.96460816536744e-09    5.21387148322565e-09    1.44092105151603e-10    2.33097361017478e-09    5.2993405078763e-09    2.15842445724938e-08
261.499999999835    7.5007764939683e-09    1.06844410152337e-09    5.1853588340526e-09    1.36895351485709e-10    2.2456237715609e-09    5.31285935901841e-09    2.14499579116093e-08
261.999999999834    4.2583972324731e-09    4.9671044258704e-09    4.7283952649266e-09    1.6390732987723e-10    2.44210029373214e-09    4.75696106627218e-09    2.13168656131517e-08
262.499999999834    5.16796569189585e-09    6.41830966024959e-09    3.94929815398242e-09    2.15911845966305e-10    1.5967226800532e-09    3.87179459441222e-09    2.12200026265596e-08
262.999999999833    1.24014853027281e-08    2.36508468765493e-09    2.96224101732879e-09    2.48708824220909e-10    3.67915785897321e-10    2.74934787565342e-09    2.10947834934835e-08
263.499999999833    1.52045313329512e-08    1.91587113584755e-09    1.86598474921711e-09    3.93200561070957e-10    4.69800317853619e-11    1.48474383592879e-09    2.0911311646801e-08
263.999999999832    1.22875445923781e-08    5.30589860312263e-09    1.54564010881591e-09    5.04174273775779e-10    2.8515971495773e-11    1.05299007931438e-09    2.07247636289026e-08
264.499999999832    1.2971982834437e-08    3.62293686666611e-09    1.91096361047591e-09    4.37803158661976e-10    1.00177742603927e-10    1.50259360192723e-09    2.05464578147721e-08
264.999999999832    1.20315002575251e-08    1.36070612955209e-09    3.26676257522577e-09    2.10719235325322e-10    3.5751816020721e-10    3.12522269744676e-09    2.03524290552823e-08
265.499999999831    6.14874930391499e-09    3.49086612500544e-09    4.46717505128534e-09    1.61169624535472e-10    1.39848413370302e-09    4.49525046456583e-09    2.01616947030101e-08
265.999999999831    2.44857465861597e-09    4.46758862526756e-09    5.15093290799082e-09    1.38426755363829e-10    2.53993852171035e-09    5.27273831843048e-09    2.0018199787379e-08
266.49999999983    5.1521935534074e-09    1.66372890935382e-09    5.23720874725529e-09    1.27152600669352e-10    2.41215756866948e-09    5.31888036195901e-09    1.99113217413144e-08
266.99999999983    5.8071985011023e-09    2.34814982531029e-09    4.71430677934354e-09    1.42951815661144e-10    2.01120923739189e-09    4.77733744835374e-09    1.98011536071629e-08
267.499999999829    5.34703393851878e-09    5.14106448208759e-09    3.82372153830839e-09    2.03075256787444e-10    1.40583822748978e-09    3.77864581426923e-09    1.96993792574612e-08
267.999999999829    9.81316426768339e-09    3.82188918027928e-09    2.75068936735621e-09    2.82714947120001e-10    4.06339269231824e-10    2.51520111647362e-09    1.95899981481443e-08
268.499999999828    1.48503088368198e-08    1.44367728516986e-09    1.55450612593055e-09    4.27868204794557e-10    2.78387866634941e-11    1.12770633745416e-09    1.94319055768324e-08
268.999999999828    1.36274791972629e-08    3.06227914532438e-09    1.27407115920955e-09    5.45991693192185e-10    1.11633730284213e-11    7.26656781277092e-10    1.92476413492946e-08
269.499999999827    1.07843914233702e-08    3.95745015028832e-09    2.07762893299069e-09    3.89012626798327e-10    1.45542974775017e-10    1.72261779872101e-09    1.90766439069435e-08
269.999999999827    9.44224043889924e-09    2.2627145456063e-09    3.31277397206322e-09    2.01603536075723e-10    5.14556269115665e-10    3.17569719041233e-09    1.89095859521725e-08
270.499999999827    6.5018569924846e-09    1.93862942092634e-09    4.41874021554458e-09    1.4570642708005e-10    1.31825171499418e-09    4.41884184980564e-09    1.87420266208354e-08
270.999999999826    2.48509315221199e-09    3.29048346661072e-09    5.05766235912256e-09    1.29917428540682e-10    2.41910477710384e-09    5.21788275807229e-09    1.86001439416621e-08
271.499999999826    2.65031350334025e-09    2.67483010050422e-09    5.18490166427178e-09    1.22196633589345e-10    2.54945092795967e-09    5.32056745708972e-09    1.8502260286755e-08
271.999999999825    5.50525031109268e-09    1.56877471883614e-09    4.7129630176213e-09    1.29611106400363e-10    1.74019813229884e-09    4.76168837229171e-09    1.8418485658541e-08
272.499999999825    6.84983009412178e-09    2.87133939961162e-09    3.74872827101215e-09    1.74892380161256e-10    9.79507161211341e-10    3.69772624039371e-09    1.83220235465119e-08
272.999999999824    8.80340359651144e-09    3.8517475683893e-09    2.5920013775886e-09    2.82363816580873e-10    3.34358448364288e-10    2.34866959946808e-09    1.82125444069026e-08
273.499999999824    1.28628450548466e-08    2.38468288413366e-09    1.3958238852637e-09    4.73567590823025e-10    3.04890009335663e-11    9.27607400959836e-10    1.80750158169604e-08
273.999999999823    1.4009657415203e-08    1.68046260983405e-09    1.10181528004214e-09    5.63434053324382e-10    4.89918075362076e-12    5.45426112236591e-10    1.79056946513938e-08
274.499999999823    9.91968051641003e-09    3.29662562886821e-09    2.16865965516386e-09    3.39367106420099e-10    1.56315967017097e-10    1.85937334349608e-09    1.77400222173754e-08
274.999999999822    6.68414293622038e-09    3.58953425291669e-09    3.27299906419743e-09    2.05693971125155e-10    6.91181937117392e-10    3.14792596176583e-09    1.75914781233429e-08
275.499999999822    5.56261218468887e-09    2.05161528811446e-09    4.17930191865391e-09    1.45097666238552e-10    1.31621086806042e-09    4.20089879631811e-09    1.74557367220743e-08
275.999999999822    3.66463688567536e-09    2.02343448800747e-09    4.73203692507135e-09    1.26827429504618e-10    1.96464601741533e-09    4.81555528233179e-09    1.73271370280059e-08
276.499999999821    2.02591887063193e-09    3.21428181062524e-09    4.77438068897238e-09    1.27305608818387e-10    2.19043510068401e-09    4.89745262095066e-09    1.72297747006826e-08
276.999999999821    4.58549558196114e-09    2.42963105206695e-09    4.297615830699e-09    1.36708458568823e-10    1.38499786652247e-09    4.32395492769118e-09    1.71584037175096e-08
277.49999999982    8.24876199318308e-09    1.58156909587497e-09    3.32058350382333e-09    1.72839920409442e-10    5.13928994953083e-10    3.23224571510711e-09    1.7069929223351e-08
277.99999999982    9.55335311680206e-09    2.9655216259564e-09    2.12623466179832e-09    3.11931782788719e-10    1.52946377519769e-10    1.84187242467952e-09    1.69518599895448e-08
278.499999999819    1.07662241726908e-08    3.41640235618504e-09    1.30550759911722e-09    4.73764547136756e-10    2.120309430436e-11    8.38348164293683e-10    1.68214499337278e-08
278.999999999819    1.22189072871657e-08    1.70911866972991e-09    1.36248287910616e-09    4.54423497941599e-10    1.36468841435477e-11    9.15516198085438e-10    1.66740954161723e-08
279.499999999818    9.20540612211925e-09    2.26439019123406e-09    2.41679044344613e-09    2.71815755172094e-10    1.79351421651739e-10    2.18304396547411e-09    1.65207978990974e-08
279.999999999818    4.46194203940758e-09    4.34523609438679e-09    3.32396696843864e-09    2.04486907018057e-10    8.16290424934699e-10    3.23362735628221e-09    1.6385549790468e-08
280.499999999817    3.79768119598341e-09    3.09086197336173e-09    3.95488241128031e-09    1.50684388955577e-10    1.30648968728174e-09    3.97743621532757e-09    1.62780358721903e-08
280.999999999817    4.54553226048555e-09    1.53743002517809e-09    4.27245406542685e-09    1.31199576638968e-10    1.37228583389619e-09    4.31519890342059e-09    1.61741006650462e-08
281.499999999817    3.21009118369164e-09    2.97364972377887e-09    4.17697080221065e-09    1.40865536766197e-10    1.37247240170606e-09    4.2029362585327e-09    1.60769859066861e-08
281.999999999816    3.98307764502492e-09    3.75991711891716e-09    3.63142322065981e-09    1.66364792931601e-10    8.94193338634835e-10    3.56824325498247e-09    1.60032193711508e-08
282.499999999816    8.62934217650939e-09    1.75584263862682e-09    2.63263116751344e-09    2.14108489111658e-10    2.19030813755923e-10    2.47002833044713e-09    1.59209836159644e-08
282.999999999815    1.09266039391531e-08    1.8789128718011e-09    1.47441834320003e-09    4.04064395468311e-10    3.13911086596508e-11    1.08261593296495e-09    1.57980065912471e-08
283.499999999815    9.4239434264157e-09    3.54258375411185e-09    1.34573991369118e-09    4.57509445242336e-10    1.708661900275e-11    8.80396188244847e-10    1.56672593467087e-08
283.999999999814    9.09749496462262e-09    2.46539187764725e-09    1.93637793715908e-09    3.30892830719966e-10    7.31803972545633e-11    1.63553730235117e-09    1.55388753097547e-08
284.499999999814    7.86916905959952e-09    1.47122776086437e-09    2.85954210179152e-09    1.99057403298353e-10    2.84898017167653e-10    2.72251014324642e-09    1.54064044859678e-08
284.999999999813    3.81501120192414e-09    3.30101573739082e-09    3.55792980073436e-09    1.73993624581992e-10    9.5181976696643e-10    3.48067174451371e-09    1.52804418761115e-08
285.499999999813    1.91622853751697e-09    3.83713586838221e-09    3.88943283648094e-09    1.54323773435818e-10    1.48130807866799e-09    3.91138211162347e-09    1.51898112061074e-08
285.999999999812    4.13666690532201e-09    1.81913522021401e-09    3.91301200589119e-09    1.3834409386293e-10    1.18596339615546e-09    3.92055994995239e-09    1.5113681571398e-08
286.499999999812    4.98131349303838e-09    2.00885073803547e-09    3.5771271810075e-09    1.54591386062356e-10    7.81257813637297e-10    3.52506536753998e-09    1.5028205979321e-08
286.999999999812    5.1787996009372e-09    3.50991182330027e-09    2.86456122665464e-09    2.15838460969333e-10    4.34474080065813e-10    2.74192790340297e-09    1.49455130953302e-08
287.499999999811    8.37884388273608e-09    2.68608729598562e-09    1.84641161648232e-09    3.27543362546518e-10    8.40220225654353e-11    1.53543554388583e-09    1.48583437242018e-08
287.999999999811    1.17133465469e-08    1.19306963699591e-09    9.00764388561042e-10    5.67852538339582e-10    1.91721351135072e-12    3.59665093432868e-10    1.47366154177408e-08
288.49999999981    8.49359659503655e-09    2.6892626762617e-09    1.68492989583108e-09    3.68829622364797e-10    4.55578877393715e-11    1.32344524652369e-09    1.46056219237572e-08
288.99999999981    5.71448899827473e-09    3.12233406253015e-09    2.66136162552726e-09    2.36665686735368e-10    2.71583357473728e-10    2.48201513038094e-09    1.44884488609222e-08
289.499999999809    5.12404971662654e-09    1.85070660297734e-09    3.3874316237483e-09    1.59499330984553e-10    5.65358773956137e-10    3.29484703239291e-09    1.43818930806858e-08
289.999999999809    3.8842674951015e-09    1.84147890779226e-09    3.72851233492728e-09    1.46708460148147e-10    9.73471162458125e-10    3.70446283078497e-09    1.42789011912123e-08
290.499999999808    1.54620412876064e-09    3.71211394345325e-09    3.71548487376431e-09    1.58384314754396e-10    1.32643186205203e-09    3.73905021528636e-09    1.4197669338071e-08
290.999999999808    3.48066928390994e-09    2.80862346631193e-09    3.41720326781828e-09    1.63214741679383e-10    9.13098717229302e-10    3.35435883400279e-09    1.41371683109516e-08
291.499999999807    6.60322330936648e-09    1.51056747621431e-09    2.79210617018665e-09    1.87573476454414e-10    3.24101462909083e-10    2.6467496872977e-09    1.40643215824286e-08
291.999999999807    7.67612190735627e-09    2.25280165071664e-09    1.96263587735713e-09    2.91704393916415e-10    9.08162227828444e-11    1.69588808023057e-09    1.39699681323599e-08
292.499999999807    8.15750751358577e-09    3.12945490223069e-09    1.28199451477816e-09    4.34365839983178e-10    1.76835067381593e-11    8.48666732007074e-10    1.3869673009323e-08
292.999999999806    9.80429540050906e-09    1.39824038536755e-09    1.25748876484721e-09    4.37492816287692e-10    1.48549437673549e-11    8.44584107021266e-10    1.37569564178001e-08
293.499999999806    6.88511012165592e-09    1.83428757440312e-09    2.37215087966501e-09    2.35125768131991e-10    1.43022868229984e-10    2.16681441512013e-09    1.36365116272062e-08
293.999999999805    3.27738392619699e-09    3.12233081405397e-09    3.22327186347673e-09    1.81323009155287e-10    5.92314246879229e-10    3.13275439565696e-09    1.35293782554192e-08
294.499999999805    2.71727006202959e-09    2.47006059043226e-09    3.60335734942124e-09    1.48109782033438e-10    9.06280997327609e-10    3.60228691999686e-09    1.3447365701241e-08
294.999999999804    3.8949357154882e-09    1.29431505524296e-09    3.59254819359841e-09    1.42011694740031e-10    8.79194337836772e-10    3.56916090233399e-09    1.33721658992404e-08
295.499999999804    2.96305976581651e-09    2.95945785837589e-09    3.22440689643067e-09    1.74684744250529e-10    8.2941037508969e-10    3.14818441466994e-09    1.32992040546332e-08
295.999999999803    4.20815958057717e-09    3.38296449181352e-09    2.57807808682371e-09    2.3242956216647e-10    4.52114051033482e-10    2.38477288818972e-09    1.32385186606041e-08
296.499999999803    8.08920349744332e-09    1.62785999646089e-09    1.67883217878173e-09    3.19947139596838e-10    6.44809561168093e-11    1.38218707824328e-09    1.31625108466429e-08
296.999999999802    9.61567852629568e-09    1.4431404635677e-09    9.93188153402885e-10    4.95275349802168e-10    3.85443939021875e-12    5.05477166725744e-10    1.30566140991844e-08
297.499999999802    7.18269683307977e-09    2.79538810767517e-09    1.46125770015824e-09    3.9141396158125e-10    4.42147914346811e-11    1.07361037242201e-09    1.29485817663511e-08
297.999999999802    5.90188716061852e-09    2.10932184292033e-09    2.30544001939889e-09    2.40082237706466e-10    1.87022958020502e-10    2.1050846200895e-09    1.28488388387542e-08
298.499999999801    4.6315377025709e-09    1.28565913857756e-09    3.15465497659691e-09    1.57489410797093e-10    4.61476113833551e-10    3.05747517366098e-09    1.2748292516037e-08
298.999999999801    2.18149619127407e-09    2.18387721897968e-09    3.6161746560673e-09    1.44044046027222e-10    9.25105044291262e-10    3.60622547203518e-09    1.26569226286747e-08
299.4999999998    1.53766661098309e-09    2.56849074332794e-09    3.63878600795895e-09    1.45445865252881e-10    1.05092482837031e-09    3.65173521098517e-09    1.25930492668783e-08
