#t    E^kin_scal0    E^grad_scal0    E^kin_scal1    E^grad_scal1    Vpot_term_0    Vpot_term_1    E_tot
0    0.0286919325622391    6.82097094638063e-08    1.42015907224989e-06    5.03829757742674e-09    0.0573836396068092    1.44959799927351e-06    0.0860785151741268
0.5    0.0292446202010775    5.94356796376453e-08    7.30715217739433e-06    9.37477794958246e-08    0.0421564986875601    2.26305388878866e-05    0.071431209763162
1    0.0289168511421875    4.51773383537257e-08    5.18795957319944e-06    9.02455732901132e-08    0.0279986861773666    2.46997691002928e-05    0.0569455604711392
1.5    0.0273558444896637    3.23561449720832e-08    3.72693721537157e-06    7.84799135829557e-08    0.0161088290178589    1.43467920946403e-05    0.0434828580728912
2    0.0243754754512737    2.3975870286025e-08    2.81950046630065e-06    6.39585728327399e-08    0.00752531758319783    7.36906067125333e-06    0.0319110695300522
2.49999999999999    0.0202373576683334    1.82986938984781e-08    2.20056601645014e-06    5.00984822872683e-08    0.00256219299371388    3.36176695412824e-06    0.022805181392194
2.99999999999998    0.0157131919300019    1.43062798794412e-08    1.4859695681752e-06    3.93900310800444e-08    0.000507164698564941    1.36781041642096e-06    0.0162232641048624
3.49999999999997    0.0117127572755968    1.16057571283898e-08    5.94370827275026e-07    6.73876913805168e-08    2.78906990490751e-05    5.22831205581082e-07    0.0117418441701273
3.99999999999996    0.0087378379225217    9.50188171544934e-09    1.48929380576642e-07    1.78560231570615e-07    7.67082269408747e-10    7.73549168575892e-09    0.00873818341658952
4.49999999999995    0.00663048160616086    7.89138303047959e-09    4.81933106568113e-07    4.25086673449312e-08    4.78271347638145e-05    4.19806241577668e-07    0.0066792608803232
4.99999999999994    0.00462830918225506    6.68306203613282e-09    6.89185506998788e-07    2.11787088855761e-08    0.000645032298149127    7.78158588231356e-07    0.00527483668627034
5.49999999999993    0.00195601655251027    5.73030583394699e-09    7.70225387758099e-07    1.37437729672719e-08    0.00253721747557128    1.02439251102219e-06    0.00449504812005914
5.99999999999992    2.48966748571645e-05    4.85964280126613e-09    7.11385155296877e-07    1.09916635457943e-08    0.00428830921703176    1.11141161810751e-06    0.00431504453996868
6.49999999999991    0.00113944155805775    4.16768484027536e-09    6.0576144755225e-07    9.36457808811769e-09    0.00308574895433646    8.9056347310582e-07    0.0042267003695778
6.9999999999999    0.00274627551052462    3.5736649037222e-09    4.39391018500313e-07    9.4809957967462e-09    0.000991678732122568    5.81652951661152e-07    0.00373898834127805
7.49999999999988    0.00292788570313287    3.0803235245324e-09    2.80116081136029e-07    1.07126729677055e-08    0.000141451965025565    2.95141479687256e-07    0.00306992671871576
7.99999999999987    0.0024842940571276    2.66971610296187e-09    1.20217711856475e-07    1.8977030304957e-08    4.25294276597542e-06    1.03350891987726e-07    0.00248879221524383
8.49999999999986    0.00203910551369613    2.35314650029144e-09    4.50892224048781e-08    3.87880607282668e-08    1.24037354884715e-08    1.52206731657611e-08    0.00203921936853442
8.99999999999985    0.00167919448072848    2.06874810927569e-09    1.3416951956455e-07    1.04070352951105e-08    1.27230731048036e-05    1.34606742257774e-07    0.00169219880587851
9.49999999999984    0.00131580866705316    1.84171830239478e-09    1.98505483997489e-07    5.64477011852569e-09    0.000111078628203225    2.37618263539384e-07    0.00142733090549234
9.99999999999983    0.000874200290284075    1.64057477907441e-09    2.37086719742598e-07    3.90959174092044e-09    0.000367555015574191    3.21430535474417e-07    0.00124231937328
10.4999999999998    0.000397539507440949    1.47761662325407e-09    2.20620675709121e-07    3.29643155466005e-09    0.000740996825410566    4.33118551627784e-07    0.00113919484612703
10.9999999999998    6.02014215166275e-05    1.32540434280307e-09    1.9893359215097e-07    2.9781750369108e-09    0.00104443083297697    4.95643274409666e-07    0.00110533113493953
11.4999999999998    2.68157215833384e-05    1.18575647833974e-09    1.72971899139106e-07    2.75398991120421e-09    0.00107523338601246    4.90930198944036e-07    0.00110271694944028
11.9999999999998    0.000268081316192437    1.05573786652535e-09    1.58579428644553e-07    2.37091201299144e-09    0.000811547504916213    3.85473113642179e-07    0.00108017630030082
12.4999999999998    0.000569404382645179    9.43802641066276e-10    1.45372301610709e-07    2.0822542787759e-09    0.0004378657891239    2.51324397075883e-07    0.00100766989452469
12.9999999999998    0.000737801121495315    8.42541312070907e-10    1.14626041930577e-07    2.08580457086547e-09    0.000157481081024041    1.54518723170114e-07    0.00089555427563034
13.4999999999998    0.000743093552973493    7.58043749980389e-10    7.42493003753042e-08    2.6063476519126e-09    3.10775178944112e-05    8.5705142009369e-08    0.000774334389701691
13.9999999999997    0.000664009324081958    6.85317428482316e-10    3.70406953022746e-08    4.27955382155937e-09    1.59457348964042e-06    3.17285090102996e-08    0.000665677631647161
14.4999999999997    0.000575139257448857    6.21014622851586e-10    1.04149360745627e-08    1.19970465454514e-08    2.33419431364669e-10    1.29928062510132e-09    0.000575163823146156
14.9999999999997    0.000496812135001165    5.67085353791618e-10    3.89974380580272e-08    3.12283773252348e-09    3.52560783720762e-06    3.41998276561006e-08    0.000500414630027173
15.4999999999997    0.000394965755532877    5.21027329529034e-10    5.74546368620261e-08    1.63781378304778e-09    4.52002292936353e-05    7.00374304724643e-08    0.000440295635734959
15.9999999999997    0.000217550479826505    4.7645388704229e-10    6.95198625882335e-08    1.16128918108513e-09    0.000182212453781314    9.84910925536813e-08    0.000399932582306029
16.4999999999998    2.88842871624227e-05    4.34176287107202e-10    7.10600232250502e-08    9.97681697782876e-10    0.000356170435778978    1.158657047468e-07    0.000385243080527357
16.9999999999999    3.53876375644826e-05    3.99591758934877e-10    6.51576004368663e-08    9.06812790844312e-10    0.00034825009454038    1.09963750884181e-07    0.000383814159860734
17.4999999999999    0.000197550786416269    3.67137602074059e-10    5.66327540777448e-08    8.78579798915731e-10    0.00017118557156419    7.97216730824808e-08    0.000368873958125021
18    0.000293461438978357    3.36710837543773e-10    4.08527767223399e-08    9.94941053423981e-10    4.24128182598837e-05    5.02042467755057e-08    0.000335966645913629
18.5000000000001    0.000294563337976769    3.09243576256204e-10    2.3981874011531e-08    1.4663202593338e-09    4.03879997627901e-06    2.4262923886346e-08    0.000298652158314782
19.0000000000002    0.000264987977745607    2.87504324072147e-10    7.7766970896794e-09    3.7152404227796e-09    1.35432278431856e-08    4.02688302668785e-09    0.000265017327298314
19.5000000000002    0.000235941912440628    2.66267880261534e-10    1.23374005722426e-08    2.15796061976982e-09    1.85219570180377e-07    1.25130718142027e-08    0.000236154406711695
20.0000000000003    0.000205323670485992    2.47430895951218e-10    2.49836893434967e-08    9.66972313710848e-10    6.17577228107451e-06    3.1791932527506e-08    0.000211557432792147
20.5000000000004    0.000158523921712315    2.29266812622202e-10    4.07003163711757e-08    6.2584027247054e-10    3.31986264656918e-05    4.17752493648069e-08    0.000191805878850828
21.0000000000005    8.97224015354105e-05    2.13552849560805e-10    3.85146923461596e-08    4.925842746712e-10    8.88278426105536e-05    6.77687407451222e-08    0.00017865723371618
21.5000000000006    2.26837235414741e-05    1.98790035658642e-10    3.56623319193449e-08    4.49934494129077e-10    0.000150221710296562    8.71076961198934e-08    0.000173028852590605
22.0000000000006    7.60125016500197e-07    1.85028395484497e-10    3.78977107385792e-08    4.39705424719033e-10    0.000171456363815362    7.90027255778895e-08    0.000172334014001999
22.5000000000007    3.70298988329566e-05    1.73768867286304e-10    3.09795570939415e-08    3.95114982121167e-10    0.000133590588109784    7.6220380403916e-08    0.000170728255764088
23.0000000000008    9.37806520185391e-05    1.61659015148754e-10    2.80918304754541e-08    3.68984148977885e-10    6.9814497951297e-05    5.3380639837005e-08    0.000163677153083313
23.5000000000009    0.000128743860027059    1.50495403263643e-10    2.47352533661007e-08    4.06193576561924e-10    2.28373702653339e-05    3.04418329777185e-08    0.000151636964067716
24.000000000001    0.000134189478795142    1.40764738111698e-10    1.71111051898344e-08    5.54942101409363e-10    3.6787654164602e-06    1.52445756732847e-08    0.000137901295599305
24.500000000001    0.000124823145122528    1.31353218966589e-10    6.69897654565769e-09    1.13289313886188e-09    9.39215173294425e-08    5.41467815951895e-09    0.000124930444540921
25.0000000000011    0.000113420507833286    1.23547665737246e-10    4.36340866064728e-09    1.63211279361598e-09    6.28920305292582e-09    5.35612293446614e-09    0.000113438272228393
25.5000000000012    0.000101768965091141    1.17041474782682e-10    1.00753653255014e-08    5.73647708080832e-10    1.54660525959902e-06    2.37606445325111e-08    0.000103350097049781
26.0000000000013    8.11657756630433e-05    1.10467383467527e-10    2.20234420052812e-08    3.46379910214452e-10    1.37004503599887e-05    3.29988825201988e-08    9.49217051948512e-05
26.5000000000013    4.23274851954844e-05    1.03819312964819e-10    3.91068015503632e-08    2.61087987018239e-10    4.69069519350537e-05    2.70420450616325e-08    8.930095088445e-05
27.0000000000014    4.32921227706434e-06    9.73766466848484e-11    1.8265795260963e-08    2.28554653080759e-10    8.30139505412636e-05    6.9793524423874e-08    8.74315480693125e-05
27.5000000000015    9.43937121470724e-06    9.09253522718871e-11    3.61378017445167e-08    2.19715735298801e-10    7.76789405032533e-05    3.1720966567714e-08    8.71864811273604e-05
28.0000000000016    4.60907676558213e-05    8.60303084413278e-11    1.58708635972706e-08    2.15648075502366e-10    3.85824882631889e-05    4.74919183719666e-08    8.47369203793634e-05
28.5000000000017    6.93741980692611e-05    8.15867207898793e-11    2.07530129876257e-08    2.52753163997903e-10    9.99084083349933e-06    1.93126381033409e-08    7.94054388937361e-05
29.0000000000017    7.21075460580409e-05    7.70934469622227e-11    1.46910033709747e-08    3.80155863991115e-10    1.01034113623156e-06    7.13262308937943e-09    7.31401680700437e-05
29.5000000000018    6.72095260955827e-05    7.3102773382418e-11    3.9743704298213e-09    9.73742662691853e-10    3.85138758750368e-09    1.39194103250264e-09    6.72197906400686e-05
30.0000000000019    6.18281017156586e-05    6.95967075256855e-11    3.70789753423863e-09    7.12037751030666e-10    4.66949141166163e-08    2.35879553810286e-08    6.1902874117149e-05
30.500000000002    5.54353386296231e-05    7.47763781889489e-11    2.87510904861491e-08    3.04442074532958e-10    1.67604659887131e-06    3.53354034635111e-08    5.71758509408968e-05
31.000000000002    4.37358338663698e-05    8.22192932950954e-11    7.26539844879762e-08    1.81617470565836e-10    9.40569030782289e-06    1.61228591897284e-08    5.32305648546343e-05
31.5000000000021    2.4611217783948e-05    7.94571297446163e-11    1.53480948317539e-08    1.60175511067293e-10    2.58312974876325e-05    1.29584387179652e-07    5.05876873862327e-05
32.0000000000022    5.52194110407705e-06    7.16803638740016e-11    2.44227894756337e-08    1.51035410494906e-10    4.37923274410396e-05    1.42290884304954e-07    4.94812049346716e-05
32.5000000000021    6.37030072313178e-07    6.46097893749594e-11    5.17051146178292e-08    1.40600046146801e-10    4.85603636722245e-05    8.1252700642002e-08    4.9330556769633e-05
33.000000000002    1.32645350210333e-05    6.01846165154553e-11    1.38491390059685e-08    1.34123167936116e-10    3.54889237121689e-05    1.37243447976806e-07    4.89047456279694e-05
33.5000000000019    3.03092787634498e-05    5.60409689578598e-11    5.9505668953841e-08    1.28248050820989e-10    1.67484951000399e-05    2.3623568892093e-08    4.71410873903554e-05
34.0000000000018    3.96567084718971e-05    5.23418937868092e-11    4.46026948859759e-08    1.46998902524633e-10    4.67132720055709e-06    1.63461239730975e-08    4.43891838321096e-05
34.5000000000017    4.07403537145551e-05    5.04274338997189e-11    2.5832928176036e-08    2.13464094116714e-10    5.43414854481893e-07    9.42756443718668e-09    4.13192929531783e-05
35.0000000000016    3.83816184781926e-05    4.97120606677136e-11    6.79697921601832e-09    5.72121547928818e-10    2.90386777666454e-09    3.68271480067802e-09    3.83956238735946e-05
35.5000000000015    3.56876400983753e-05    4.52301845763093e-11    2.69241035241407e-09    4.13957594607707e-10    2.44812860230736e-08    1.58298340097879e-08    3.57311028165398e-05
36.0000000000014    3.22042011829241e-05    6.9987226438576e-11    3.30997105130814e-08    1.66853370566425e-10    1.08168827489578e-06    1.07818602248743e-08    3.33300078691549e-05
36.5000000000013    2.4494467922352e-05    1.19145277199039e-10    1.87924610098012e-08    1.14879144770009e-10    6.77776316762502e-06    5.34936992403738e-08    3.13447512746492e-05
37.0000000000012    1.08098570231676e-05    1.20431860728343e-10    5.29581564968358e-08    9.12457144199822e-11    1.92205191665561e-05    2.30395292403865e-08    3.0106585553036e-05
37.5000000000011    3.49714141314263e-07    8.30730068703994e-11    1.87332317903357e-08    8.89233924002169e-11    2.93561362929765e-05    8.94201973151023e-08    2.98141758597955e-05
38.000000000001    5.20556915216822e-06    5.74478060996373e-11    2.11125434579452e-08    8.3451964811079e-11    2.44038216192822e-05    7.47060158089387e-08    2.97053502304882e-05
38.5000000000009    1.77550217759079e-05    5.63141309355427e-11    1.94262484911454e-08    8.62282105266467e-11    1.10792493081084e-05    5.27932466914622e-08    2.89066331215404e-05
39.0000000000008    2.47456224786281e-05    5.88585248149326e-11    2.39114834604455e-08    1.01787928392577e-10    2.62100590900464e-06    2.16315633636343e-08    2.74123320809101e-05
39.5000000000007    2.54724519602463e-05    6.43378284322831e-11    1.53965310022846e-08    1.61746095958146e-10    2.17142506437926e-07    8.54759128114544e-09    2.5713764672892e-05
40.0000000000006    2.40859542640328e-05    7.80169905324152e-11    3.58432510744783e-09    5.35582858372366e-10    1.28149174050242e-10    1.09988092771261e-09    2.40913802190909e-05
40.5000000000005    2.25121991092459e-05    7.3761239986137e-11    3.37238009284993e-08    2.58807992688973e-10    3.95543724875777e-08    1.37527975425316e-08    2.25995626494372e-05
41.0000000000004    2.0253967099167e-05    2.76550303959073e-10    6.5393974754426e-08    1.1457317822682e-10    8.88914954916252e-07    3.84722888294902e-08    2.12471394411493e-05
41.5000000000003    1.55631008909834e-05    5.68293292729215e-10    3.28070952994279e-08    9.62239162121697e-11    4.40555067573253e-06    1.32023644103847e-07    2.01341468233282e-05
42.0000000000002    7.94756508031456e-06    6.39218343138231e-10    7.49012925642211e-08    8.01999122284896e-11    1.12474095767819e-05    1.18990803539188e-07    1.93895861714552e-05
42.5000000000001    1.16392700438168e-06    4.95123577678798e-10    8.29952082384501e-08    8.07963742478305e-11    1.77436999109317e-05    1.24432104718689e-07    1.91156301482225e-05
43    8.58977553636204e-07    3.34425064493391e-10    6.5578225344715e-08    9.21650493953081e-11    1.80263641393626e-05    1.54095089035806e-07    1.91054415974932e-05
43.4999999999999    6.88232425120947e-06    2.7522471442402e-10    6.73247810218732e-08    9.59168937570015e-11    1.18128437177794e-05    1.13366262340588e-07    1.88762301539595e-05
43.9999999999998    1.32592140654641e-05    2.47485413305894e-10    5.73638841156836e-08    1.10308632791106e-10    4.84971240154871e-06    7.91067011376957e-08    1.82457548463123e-05
44.4999999999997    1.61506362024116e-05    2.33029533000053e-10    4.3004221146212e-08    1.50560081144376e-10    1.09541473499302e-06    4.61945113512424e-08    1.73356332595162e-05
44.9999999999996    1.62397100133216e-05    2.87189607445121e-10    2.29131996664737e-08    2.84322338304903e-10    7.76236541909087e-08    2.11301414917225e-08    1.63619485206165e-05
45.4999999999995    1.54282783173345e-05    3.78120813939369e-10    4.6846260587271e-09    1.51109683413609e-09    4.57172952604487e-13    2.53151598418695e-10    1.54351057698127e-05
45.9999999999994    1.4433817799519e-05    9.589034173286e-10    7.56851500819878e-08    3.3236276338782e-10    5.15033777835132e-08    1.34688458354354e-08    1.45757664394006e-05
46.4999999999993    1.27351824044636e-05    2.49559515089563e-09    5.09798019225798e-08    4.0962979284902e-10    8.87948898248985e-07    1.25641185948508e-07    1.38026575155274e-05
46.9999999999992    8.80006756200592e-06    3.45537573402114e-09    9.17437983185059e-08    3.77528570059529e-10    4.12532470764232e-06    1.61568114994839e-07    1.31825370872657e-05
47.4999999999991    2.90559556943049e-06    3.09399603907889e-09    9.45412120141267e-08    4.17486537154829e-10    9.62920276525465e-06    2.22800358187509e-07    1.2855651387463e-05
47.999999999999    1.65046158444577e-08    2.20346838420779e-09    1.24265792839508e-07    4.68557784866696e-10    1.24411426254081e-05    1.84634293672345e-07    1.27692193539335e-05
48.4999999999989    3.47890012735172e-06    1.83965042823307e-09    9.4661234392581e-08    5.37222335547503e-10    8.93559025144442e-06    1.96666636940187e-07    1.27081951228927e-05
48.9999999999988    8.57718394143665e-06    1.88962032430583e-09    8.50238597833268e-08    6.15463253488798e-10    3.56201326939026e-06    1.33185053691304e-07    1.23599112078793e-05
49.4999999999987    1.09482913004692e-05    1.85346210433155e-09    7.05765402884622e-08    8.90921635589922e-10    7.17078943048428e-07    6.82946165605079e-08    1.18069857841065e-05
49.9999999999986    1.10973273519362e-05    2.03648796816105e-09    2.95986729451685e-08    1.74998305978827e-09    3.94979177028761e-08    3.54322409738228e-08    1.1205642654586e-05
50.4999999999985    1.06089945350296e-05    1.99932763296376e-09    8.26310878073552e-09    6.79979254789449e-09    2.8240362308122e-13    1.30460850551139e-09    1.06273616549004e-05
50.9999999999984    9.90374055979994e-06    3.54453254177104e-09    3.48180179096889e-08    1.71553761662923e-09    4.75465005204541e-08    9.81725773206562e-08    1.00895377257091e-05
51.4999999999983    8.71074992689748e-06    6.43950366238249e-09    9.09676195133716e-08    9.7488402409663e-10    6.31102769107e-07    1.6088557415101e-07    9.60112027735534e-06
51.9999999999982    6.23358637672385e-06    7.26679560803706e-09    1.55250399929935e-07    8.16335096028296e-10    2.60173467962185e-06    1.95072479904231e-07    9.19372706688394e-06
52.4999999999981    2.6334519688022e-06    6.76891274654412e-09    1.55174005131855e-07    7.7954477855211e-10    5.87667677483148e-06    2.85526367214326e-07    8.95837757350496e-06
52.999999999998    1.32803949475234e-07    5.65106211365631e-09    1.47106182205096e-07    9.17334830690161e-10    8.26558778412906e-06    3.42685801507944e-07    8.89475211426168e-06
53.4999999999979    9.74969391220773e-07    4.97071469500882e-09    1.49422072138364e-07    9.4204058645456e-10    7.42748196766785e-06    3.0489040336756e-07    8.86267658967601e-06
53.9999999999978    4.10870410171999e-06    5.07421878114637e-09    1.44091671500514e-07    9.49069834062438e-10    4.24360402850478e-06    2.2494946151233e-07    8.72737255185282e-06
54.4999999999977    6.70450779978095e-06    4.68976326984185e-09    1.15010525225159e-07    1.19905564356585e-09    1.46983841324737e-06    1.54677592260513e-07    8.44992314942741e-06
54.9999999999976    7.66422425797339e-06    3.93694871416038e-09    7.78463432949373e-08    1.6949738389153e-09    2.50392066556524e-07    8.71691099296513e-08    8.08526370030757e-06
55.4999999999975    7.62669228710965e-06    4.06276323761857e-09    3.35488640294289e-08    3.63896593764686e-09    7.454885855845e-09    3.07089641131149e-08    7.70610673028331e-06
55.9999999999974    7.28327051018411e-06    4.04598984817117e-09    1.89326479094626e-08    6.9668282366829e-09    2.53067529626441e-10    2.95982268991401e-08    7.34306727060719e-06
56.4999999999973    6.73005223858209e-06    7.06242379178153e-09    9.49268145711138e-08    2.15329561935744e-09    8.50503365462468e-08    8.3912946163675e-08    7.00315805527426e-06
56.9999999999972    5.60123771852735e-06    1.04018577783384e-08    1.33473937172534e-07    1.38277367379528e-09    7.81640301360672e-07    1.71454538086524e-07    6.69959112659921e-06
57.4999999999971    3.29113364553793e-06    1.05747876839559e-08    1.72236710929793e-07    1.21076906042887e-09    2.75480073044309e-06    2.37960670615396e-07    6.46791731427059e-06
57.999999999997    6.43612255306315e-07    8.99603123894104e-09    1.78997711151616e-07    1.28739144831948e-09    5.22799794185163e-06    3.02305576688474e-07    6.3631969076853e-06
58.4999999999969    2.40157566614959e-07    6.80555420037959e-09    1.75769077479289e-07    1.39995841467537e-09    5.6126341965379e-06    3.06095065802661e-07    6.34286141904986e-06
58.9999999999968    2.44590164335907e-06    6.76178590980361e-09    1.61841689370066e-07    1.53543547019706e-09    3.41705545195266e-06    2.49589278324845e-07    6.28268528438665e-06
59.4999999999967    4.64221611251184e-06    7.8374595405562e-09    1.32455978969802e-07    1.90563375500058e-09    1.15984829370445e-06    1.70179101495518e-07    6.11444257997716e-06
59.9999999999966    5.49873993394447e-06    7.14718764914104e-09    8.85941139845295e-08    2.84756759552058e-09    1.83722122504847e-07    9.61255684319784e-08    5.87717649411048e-06
60.4999999999965    5.53715882560795e-06    6.60506999798461e-09    3.78095390525299e-08    6.31687176567218e-09    4.63260999940754e-09    3.16393524192643e-08    5.62416226884281e-06
60.9999999999964    5.31166356955385e-06    6.46113221915807e-09    2.95675808101192e-08    8.71338513337097e-09    2.85385537750244e-10    2.2478027466315e-08    5.37916908072057e-06
61.4999999999963    4.90127819120856e-06    9.96821456883561e-09    8.00350163079525e-08    3.21561216354206e-09    6.32248388516667e-08    9.13702485134409e-08    5.149092121614e-06
61.9999999999962    4.11376667989677e-06    1.3580714100316e-08    1.32936841542483e-07    1.89442958481401e-09    5.23721296964021e-07    1.53353563387617e-07    4.93925352547602e-06
62.4999999999961    2.61552065134892e-06    1.25286157495776e-08    1.60652217305588e-07    1.49711622087938e-09    1.75613815641096e-06    2.28593897004068e-07    4.77493065403999e-06
62.999999999996    7.99870041445194e-07    1.13754740538353e-08    1.67033583088005e-07    1.45349403371883e-09    3.4079845994336e-06    2.99924275585928e-07    4.68764146764028e-06
63.4999999999959    1.26882625027852e-08    9.57713783992917e-09    1.62754991509135e-07    1.52198040039494e-09    4.15176494728809e-06    3.28283908417036e-07    4.66659122795737e-06
63.9999999999958    9.72082162009008e-07    8.88390890061585e-09    1.5842115640029e-07    1.57474852747285e-09    3.21705935866108e-06    2.83033992834551e-07    4.64105532733301e-06
64.4999999999961    2.63645323395713e-06    9.70679467343528e-09    1.44660810556131e-07    1.72813907834198e-09    1.56374421574291e-06    2.04114574888168e-07    4.56040776889611e-06
64.9999999999963    3.72919819776457e-06    1.01450625296573e-08    1.12015948900092e-07    2.20755296036377e-09    4.38845785261291e-07    1.30883719714123e-07    4.4232962671301e-06
65.4999999999966    4.06088023561987e-06    7.95561654520606e-09    6.71882290514535e-08    3.55308899881933e-09    4.95405451428034e-08    6.75058257050141e-08    4.25662354106317e-06
65.9999999999969    4.03490615665467e-06    8.21017411574751e-09    2.14726768192387e-08    1.02414815195825e-08    2.04251378487121e-10    1.04771156003432e-08    4.08551185608807e-06
66.4999999999971    3.82331390098864e-06    8.41087295000048e-09    4.21809720633596e-08    5.84985570955784e-09    3.44141176571957e-09    3.76661022226723e-08    3.92086311569995e-06
66.9999999999974    3.44574775053065e-06    1.25973295446837e-08    8.86633403950203e-08    2.70596414815812e-09    1.22472161575425e-07    9.41228504125539e-08    3.7663093966065e-06
67.4999999999976    2.62220140306622e-06    1.33306029636389e-08    1.24426003747373e-07    1.79711003175794e-09    7.14186612643865e-07    1.54703721239637e-07    3.63064545369249e-06
67.9999999999979    1.20890134978035e-06    1.20022291114563e-08    1.41673597823513e-07    1.50045365339285e-09    1.95661438821237e-06    2.18139618780467e-07    3.53883163736155e-06
68.4999999999981    7.88985557532878e-08    9.89478369112277e-09    1.44463396552242e-07    1.43429950730489e-09    3.01334728822102e-06    2.57188729977535e-07    3.50522705370251e-06
68.9999999999984    4.36402112851387e-07    8.40211952283051e-09    1.39914633059281e-07    1.44676163621284e-09    2.66610808802018e-06    2.41186125281228e-07    3.49345984037112e-06
69.4999999999986    1.77310392685773e-06    8.9386523123065e-09    1.27428308013346e-07    1.5631730450858e-09    1.35499027234776e-06    1.82022432963579e-07    3.4480467655398e-06
69.9999999999989    2.74987003123344e-06    1.08495951366105e-08    9.96706653599109e-08    1.96315505692287e-09    3.76930450514353e-07    1.17881081838717e-07    3.35716497913995e-06
70.4999999999992    3.0652507809604e-06    9.65386582630797e-09    6.10814928544832e-08    3.12810816566622e-09    4.15990606812616e-08    6.02812513710596e-08    3.24099455985918e-06
70.9999999999994    3.07203480591422e-06    8.8090380495082e-09    1.96891264212203e-08    9.14191973711569e-09    1.8739267367127e-10    9.81418184871619e-09    3.11967646464445e-06
71.4999999999997    2.9155370402108e-06    9.05824500949478e-09    3.67327893354849e-08    5.41897398647767e-09    2.37652699848332e-09    3.29115969460525e-08    3.00203517248679e-06
71.9999999999999    2.63140058021934e-06    1.30593981012742e-08    7.89758488570208e-08    2.5085181370648e-09    8.28874181016774e-08    8.20771891795479e-08    2.89090895259592e-06
72.5000000000002    2.05962129570132e-06    1.49364451858808e-08    1.09717657889806e-07    1.69566611132886e-09    4.68206663390101e-07    1.37484265334138e-07    2.79166199361257e-06
73.0000000000004    1.10210304427802e-06    1.22354224298057e-08    1.26563297352896e-07    1.42027403438471e-09    1.28101542345651e-06    1.95734769947755e-07    2.71907223149938e-06
73.5000000000007    1.92708089546487e-07    1.0895276784041e-08    1.30548988739594e-07    1.34686700570113e-09    2.11028782871006e-06    2.39723120617501e-07    2.68551017140338e-06
74.000000000001    1.02782180711099e-07    9.45856612052575e-09    1.2800140758604e-07    1.34385263316405e-09    2.19335903504473e-06    2.41241755360434e-07    2.67618679745599e-06
74.5000000000012    8.83695981916509e-07    9.59823889879015e-09    1.21206521933524e-07    1.41297398891007e-09    1.443135068612e-06    1.97067915594306e-07    2.65611670094404e-06
75.0000000000015    1.76836265084875e-06    1.09197317561923e-08    1.0422145400119e-07    1.62307348413672e-09    5.8385397080789e-07    1.37622652872764e-07    2.60660353377092e-06
75.5000000000017    2.23501680175617e-06    1.15046940203337e-08    7.49554120909339e-08    2.23220320571528e-09    1.25632585768695e-07    8.29596941436073e-08    2.53230139098545e-06
76.000000000002    2.35181751621602e-06    9.53263935275386e-09    3.87424654957968e-08    4.19995491206449e-09    7.41973858393411e-09    3.52638214750964e-08    2.44697613603566e-06
76.5000000000022    2.32482596783595e-06    9.21973824298166e-09    1.18231291300714e-08    1.26000344201855e-08    1.50411400970692e-12    2.02847133762977e-09    2.36049884508082e-06
77.0000000000025    2.16204108582128e-06    9.56101436070267e-09    4.60947337477385e-08    3.63546915211322e-09    1.19102268007482e-08    4.42235752281063e-08    2.27746610511069e-06
77.5000000000027    1.86050437280558e-06    1.4251613512519e-08    7.92923990412144e-08    2.00876836253802e-09    1.56359885893317e-07    8.71240417218216e-08    2.19954108133699e-06
78.000000000003    1.23884447852923e-06    1.28690046318996e-08    1.01831024282455e-07    1.4760111444985e-09    6.44929541702437e-07    1.3423333778849e-07    2.13418339807901e-06
78.5000000000033    3.94747519727736e-07    1.03819157569765e-08    1.10220932016602e-07    1.31019411797837e-09    1.40011768026106e-06    1.79218915755586e-07    2.09599715763594e-06
79.0000000000035    1.50230039609735e-08    8.5495944477546e-09    1.09884815522363e-07    1.26238791440326e-09    1.75394070560337e-06    1.96060973407384e-07    2.08472148085625e-06
79.5000000000038    5.11079348233856e-07    9.27032706132446e-09    1.04498677977364e-07    1.27819993297577e-09    1.27808604856629e-06    1.70357979309046e-07    2.07457058108086e-06
80.000000000004    1.28317435128915e-06    8.88476896973447e-09    9.0663598091347e-08    1.43113859270392e-09    5.36524318272251e-07    1.22506376718398e-07    2.04318455193359e-06
80.5000000000043    1.71993520099704e-06    1.10703830826705e-08    6.65198162631487e-08    1.91079494363202e-09    1.17070314329511e-07    7.4250430354421e-08    1.99075693997042e-06
81.0000000000045    1.83912307481647e-06    1.08631217357634e-08    3.50484106935535e-08    3.53520476672568e-09    7.44086491259435e-09    3.24503643476383e-08    1.92846104127275e-06
81.5000000000048    1.83184851911388e-06    9.99252301330025e-09    1.0294862382932e-08    1.11284555643855e-08    7.88366893597619e-13    1.11770214897354e-09    1.86438285059037e-06
82.000000000005    1.70754709564952e-06    8.52875872984942e-09    3.86093104920818e-08    3.35362265663091e-09    7.43739199607643e-09    3.70025446361209e-08    1.80247872416028e-06
82.5000000000053    1.48363899323385e-06    1.41601348106693e-08    6.75443156963209e-08    1.84730168144693e-09    1.02249870703424e-07    7.44496561332266e-08    1.74389027225894e-06
83.0000000000056    1.04805366085238e-06    1.49137642775011e-08    8.80878921208367e-08    1.3550273417277e-09    4.24793278101174e-07    1.15855789377355e-07    1.69305941207098e-06
83.5000000000058    4.3655880956052e-07    1.083042553393e-08    9.75245366573164e-08    1.19687896454759e-09    9.55804971930338e-07    1.57407838106735e-07    1.65932346075339e-06
84.0000000000061    2.83550951504456e-08    8.09318009699689e-09    9.73042084910642e-08    1.16620951920774e-09    1.3286869828221e-06    1.8368522871464e-07    1.64729090479445e-06
84.5000000000063    1.94854011835514e-07    9.93641500479846e-09    9.50210983648944e-08    1.15506581269987e-09    1.16945589215091e-06    1.70641408322447e-07    1.64106389149126e-06
85.0000000000066    7.49622362338519e-07    9.37200435110481e-09    8.78114699418433e-08    1.22446416250563e-09    6.46426494789013e-07    1.30415333460467e-07    1.62487212904345e-06
85.5000000000068    1.21149004935762e-06    1.04263160874713e-08    7.13170712451233e-08    1.47767427284824e-09    2.12348250054299e-07    8.6288925699802e-08    1.59334828671716e-06
86.0000000000071    1.41046240005199e-06    1.16485625191983e-08    4.63259590830298e-08    2.24757434381743e-09    3.22725780779303e-08    4.76174424277973e-08    1.55057451650376e-06
86.5000000000073    1.45405512304231e-06    1.13580457084762e-08    1.86289251259239e-08    5.40770120398117e-09    6.06218818667753e-10    1.3229238589709e-08    1.50328525248907e-06
87.0000000000076    1.41048074140391e-06    8.05815626256686e-09    1.94266467505608e-08    5.50336915614444e-09    2.85770373916581e-10    1.21735702782484e-08    1.45592825422535e-06
87.5000000000079    1.28310385125108e-06    1.01113770458599e-08    4.4720118604383e-08    2.28979413757023e-09    2.49436410618016e-08    4.53011011322383e-08    1.41046988323293e-06
88.0000000000081    1.02451536747483e-06    1.50562781976296e-08    6.64862725883469e-08    1.45239461397081e-09    1.81804469446306e-07    7.91045441702695e-08    1.36841932649135e-06
88.5000000000084    5.62728530145461e-07    1.25621517834506e-08    8.05988558301603e-08    1.15035015220451e-09    5.64437079371704e-07    1.13992550679888e-07    1.33546951796287e-06
89.0000000000086    1.00848641084819e-07    7.25875785106423e-09    8.35207992783732e-08    1.08384937034056e-09    9.83077712747759e-07    1.44147044889687e-07    1.31993680522204e-06
89.5000000000089    7.08703886880746e-08    8.65447425676558e-09    8.33176694991547e-08    1.04324864265921e-09    1.00686005961922e-06    1.43484721233267e-07    1.31423056193914e-06
90.0000000000091    4.97181488986867e-07    9.00702967905059e-09    7.76010275367211e-08    1.07413737127671e-09    6.04898836179068e-07    1.15392262891976e-07    1.30515478264496e-06
90.5000000000094    9.25325644289881e-07    8.47907061451092e-09    6.34900951564139e-08    1.27417435218811e-09    2.06930041113608e-07    7.85299185279476e-08    1.28402894405455e-06
91.0000000000096    1.11990010086939e-06    1.15103608439573e-08    4.2581463029964e-08    1.86637686011186e-09    3.32856879787268e-08    4.33974841276694e-08    1.25254147370982e-06
91.5000000000099    1.16775621912686e-06    1.25770872412653e-08    1.77270826763653e-08    4.39340939135008e-09    8.58104250144077e-10    1.34654468471767e-08    1.21677734953316e-06
92.0000000000102    1.14186603412181e-06    8.99766560364728e-09    1.54258209705626e-08    5.32999418157478e-09    1.24122716796512e-10    8.73661111059196e-09    1.18048024870498e-06
92.5000000000104    1.04501436062095e-06    8.77746521628857e-09    3.7232057626336e-08    2.1261226606847e-09    1.52319735419537e-08    3.70431344006327e-08    1.14542511406684e-06
93.0000000000107    8.54585040061003e-07    1.58640580639542e-08    5.65808379004725e-08    1.32338264723064e-09    1.1806734804305e-07    6.60663879590013e-08    1.11248705467471e-06
93.5000000000109    5.23728207841686e-07    1.43524151290756e-08    6.96116132852508e-08    1.05091727463742e-09    3.79028815768031e-07    9.74998200183576e-08    1.08527178931704e-06
94.0000000000112    1.53294188693243e-07    7.83463433620499e-09    7.42552648240723e-08    9.74662418571326e-10    7.06629131095923e-07    1.26501598027826e-07    1.06948947939584e-06
94.5000000000114    1.6441942966829e-08    7.67924717902163e-09    7.34098057141949e-08    9.53725896632692e-10    8.28835299591813e-07    1.37106397695034e-07    1.06442641904353e-06
95.0000000000117    2.43467801207241e-07    1.03642575171827e-08    7.08476984108282e-08    9.47301611411041e-10    6.15788556737075e-07    1.17860888325309e-07    1.05927650380905e-06
95.500000000012    6.06860164257285e-07    8.42188017091067e-09    6.30014370935581e-08    1.04211694921216e-09    2.83284376788991e-07    8.45203620083558e-08    1.04713033726831e-06
96.0000000000122    8.41157144570347e-07    1.08107767964359e-08    4.71503449905475e-08    1.37300822864926e-09    7.33698528236339e-08    5.28956765226067e-08    1.02675680393222e-06
96.5000000000125    9.26370645566172e-07    1.3090637522798e-08    2.67137746032466e-08    2.38778488195649e-09    6.94217684519472e-09    2.52849295713677e-08    1.00078994899074e-06
97.0000000000127    9.44589880338784e-07    1.11754751768941e-08    8.41361884616708e-09    7.10435143662043e-09    1.23314726754888e-11    1.61288355664007e-09    9.72908540827781e-07
97.500000000013    8.93202129567355e-07    6.58726110992129e-09    2.15660465937068e-08    2.93124931250183e-09    1.94197890923794e-09    1.91064784909566e-08    9.45335143983679e-07
98.0000000000132    7.81176734813852e-07    1.23161856348451e-08    4.0440295307384e-08    1.50214970956884e-09    4.00464460529837e-08    4.33220533619652e-08    9.18803864880599e-07
98.5000000000135    5.59452053573852e-07    1.56480882194888e-08    5.48035439272776e-08    1.05978909324992e-09    1.94438856601948e-07    6.96014359973603e-08    8.95003767413176e-07
99.0000000000137    2.37784924969353e-07    9.71118929125019e-09    6.2751344738585e-08    9.13286259166129e-10    4.71467821006486e-07    9.55393741236083e-08    8.78167940388449e-07
99.500000000014    2.07075294490179e-08    5.67108598645964e-09    6.41562552257864e-08    8.71754238988531e-10    6.68447073268451e-07    1.11321290950578e-07    8.71174989119281e-07
100.000000000014    1.26111005731673e-07    1.02382627578109e-08    6.25945076257897e-08    8.45992016844584e-10    5.65232229472721e-07    1.0276406457308e-07    8.67786062177919e-07
100.500000000015    4.37789942970328e-07    7.95528897563169e-09    5.60488640324841e-08    9.06121183346494e-10    2.80282623032035e-07    7.7538609690083e-08    8.60521449883908e-07
101.000000000015    6.67065159800558e-07    8.46823963626738e-09    4.2827004047062e-08    1.1572481122671e-09    7.68284878496123e-08    4.95997931630822e-08    8.45945932608849e-07
101.500000000015    7.5317488773985e-07    1.2969199598014e-08    2.51818748653569e-08    1.95183228298082e-09    8.39505917890715e-09    2.45029466819591e-08    8.26175800347068e-07
102.000000000015    7.74273018380094e-07    1.33012884794256e-08    8.4263590368317e-09    5.62283184582197e-09    4.73566688949211e-11    2.78386698106571e-09    8.04454721392134e-07
102.500000000016    7.40271806658126e-07    6.80502200980165e-09    1.7286590429098e-08    2.86839016540468e-09    9.31824158467452e-10    1.45811830499101e-08    7.82744816470808e-07
103.000000000016    6.56571461824918e-07    1.01130311769499e-08    3.36934050726425e-08    1.42080839300261e-09    2.42453647024237e-08    3.56532827018735e-08    7.6169735387181e-07
103.500000000016    4.92010920104538e-07    1.72320290130255e-08    4.70855663478422e-08    9.71713960240761e-10    1.2686384205053e-07    5.80832153412575e-08    7.42247286817434e-07
104.000000000016    2.51459580888934e-07    1.23692803987262e-08    5.49667145739244e-08    8.34336000745906e-10    3.25664664467288e-07    8.204016422343e-08    7.27334740553048e-07
104.500000000017    4.79111926261618e-08    5.09993679971543e-09    5.71280722845315e-08    8.01317594649013e-10    5.08328803323395e-07    1.00471546185787e-07    7.1974086881424e-07
105.000000000017    4.330691097436e-08    9.52171838994358e-09    5.61492299731491e-08    7.7354861912755e-10    5.06527929075303e-07    1.00678645860998e-07    7.16957982892881e-07
105.500000000017    2.49897787197584e-07    1.0303477628921e-08    5.29422202658177e-08    7.83291704971995e-10    3.17959850521005e-07    8.08624810119839e-08    7.12749108330283e-07
106.000000000017    4.75673837206483e-07    7.13500277820162e-09    4.43349072607461e-08    9.21557742466359e-10    1.20646963119349e-07    5.5285402474441e-08    7.03997670581687e-07
106.500000000018    5.91356010810959e-07    1.14348808674712e-08    3.02060425309104e-08    1.33904183962796e-09    2.38139458381779e-08    3.22260134609529e-08    6.90375935348099e-07
107.000000000018    6.28855040339984e-07    1.50974904445116e-08    1.42918235496604e-08    2.80948564420963e-09    1.18238103971929e-09    1.16995469958806e-08    6.73935768013965e-07
107.500000000018    6.30935844432267e-07    9.43890917969571e-09    7.9284757069315e-09    5.031873827711e-09    2.07502851161182e-11    3.36830805552538e-09    6.56724161487246e-07
108.000000000018    5.82897832149817e-07    6.0567673438889e-09    2.23275223435565e-08    1.75931295270397e-09    5.3611989478802e-09    2.13874780311373e-08    6.39790111768984e-07
108.500000000019    4.78539724989232e-07    1.47431271284561e-08    3.55630658643487e-08    1.04382023779735e-09    5.34486459549953e-08    4.02091362793798e-08    6.2354752045421e-07
109.000000000019    2.96638162276013e-07    1.58729051360699e-08    4.52577915687455e-08    8.03021616413149e-10    1.90900783925918e-07    6.01075416751989e-08    6.09580206198358e-07
109.500000000019    9.40160760308751e-08    6.32000707152542e-09    4.96448990560442e-08    7.37431840491945e-10    3.71741217212277e-07    7.82496899130624e-08    6.00709321124276e-07
110.000000000019    1.74281417373975e-08    6.93096381427858e-09    4.93906246448591e-08    7.1454137694357e-10    4.37477616870516e-07    8.57310688879696e-08    5.97672957331965e-07
110.50000000002    1.52185804978324e-07    1.15373023121054e-08    4.72316035837312e-08    6.99178192873755e-10    3.09687788865096e-07    7.36498115637063e-08    5.94991489495836e-07
111.00000000002    3.61882441129802e-07    6.59909781554574e-09    4.06071818972832e-08    7.86856884186137e-10    1.27131064124397e-07    5.21684081456354e-08    5.89175049996849e-07
111.50000000002    4.81732616550925e-07    8.90724842228786e-09    2.89113553633651e-08    1.08542602791284e-09    2.75077276646711e-08    3.09359481663682e-08    5.7908032219553e-07
112.00000000002    5.19826820405351e-07    1.54139937369578e-08    1.43336184271808e-08    2.20554522612945e-09    1.88718334385804e-09    1.26172899615738e-08    5.66284451101051e-07
112.500000000021    5.26860519903966e-07    1.26848988256272e-08    6.22137962848883e-09    4.90268485707823e-09    8.22257381809297e-12    1.89751218492999e-09    5.52575217973909e-07
113.000000000021    4.94331111452216e-07    5.46947272738803e-09    1.79038181601267e-08    1.73817647325392e-09    2.6655378350031e-09    1.68569439778766e-08    5.38965060625865e-07
113.500000000021    4.17250965196814e-07    1.25502771447001e-08    3.00592877957434e-08    9.92203321837175e-10    3.21543600605484e-08    3.26803537483759e-08    5.25687447268019e-07
114.000000000021    2.79941819528575e-07    1.81865617798856e-08    3.91117647533798e-08    7.37239287572003e-10    1.25689556260126e-07    5.01439595415494e-08    5.13810901151088e-07
114.500000000022    1.18238669852425e-07    9.48895585017864e-09    4.3767853923234e-08    6.72866536146403e-10    2.65466178480821e-07    6.77483111719132e-08    5.05382835814718e-07
115.000000000022    1.93672559727101e-08    5.10451545368289e-09    4.4470333400225e-08    6.52296655821335e-10    3.53389046796275e-07    7.85979437987018e-08    5.01581392077416e-07
115.500000000022    6.68991386343442e-08    1.20256413528915e-08    4.30641483401598e-08    6.315916541947e-10    3.03288767697807e-07    7.39523805388988e-08    4.99861668218296e-07
116.000000000022    2.29429975263666e-07    9.03193552055702e-09    3.94844608686565e-08    6.6479114680689e-10    1.61821516381599e-07    5.59345112245493e-08    4.96367190405834e-07
116.500000000023    3.64016840336284e-07    6.95341124356203e-09    3.11770920875051e-08    8.25030834787944e-10    5.06996666843115e-08    3.63085361574212e-08    4.89980577343872e-07
117.000000000023    4.19730961781771e-07    1.3805645580006e-08    1.91666420675264e-08    1.33468048348652e-09    7.50663086286241e-09    1.91788235624136e-08    4.80723384338066e-07
117.500000000023    4.39175992006667e-07    1.58326350536035e-08    7.41914008485436e-09    3.46376099318461e-09    1.64451231464028e-10    3.9597743987534e-09    4.70015753768527e-07
118.000000000023    4.31828905556424e-07    7.0058728163739e-09    9.96943975034576e-09    2.57899755756679e-09    2.29359430818636e-10    7.37746792737223e-09    4.58990043038901e-07
118.500000000024    3.86814286585268e-07    7.96602726779068e-09    2.09589809209183e-08    1.17609066543573e-09    9.60603669326618e-09    2.15944345127309e-08    4.4811585664541e-07
119.000000000024    2.91772581880707e-07    1.74309474870686e-08    3.05691686004044e-08    7.68033534510465e-10    6.11698687065314e-08    3.60892951494398e-08    4.37799895358662e-07
119.500000000024    1.56108909807996e-07    1.36929427730234e-08    3.6838139481003e-08    6.38990705187729e-10    1.70770669723866e-07    5.13819787941161e-08    4.29431631285192e-07
120.000000000024    4.00870521265419e-08    4.39302732611715e-09    3.89811350840379e-08    6.0315619138044e-10    2.76812714136943e-07    6.38578707924591e-08    4.24734955657479e-07
120.500000000025    2.9644207221773e-08    1.0331019942199e-08    3.8483660706886e-08    5.79715684977248e-10    2.78808618019327e-07    6.50427670435723e-08    4.22889988618734e-07
121.000000000025    1.52491305383674e-07    1.09607079341248e-08    3.5926032669742e-08    5.81515890605974e-10    1.68265460576263e-07    5.2520125627117e-08    4.20745148081527e-07
121.500000000025    2.87060846431202e-07    5.79214642686346e-09    2.95095711274646e-08    6.90999501342969e-10    5.80579795591743e-08    3.52163164729347e-08    4.16327859518982e-07
122.000000000026    3.47955004779395e-07    1.15089746565172e-08    1.90560651410489e-08    1.06522188447858e-09    1.01099702559776e-08    1.96455007087794e-08    4.09340737426196e-07
122.500000000026    3.66740360674621e-07    1.73324365008264e-08    8.13232227393133e-09    2.58852393784529e-09    4.30358746668768e-10    5.59939749677447e-09    4.00823399630668e-07
123.000000000026    3.67466326126597e-07    9.70055038545134e-09    7.33077962429306e-09    2.86254676614154e-09    7.34462763854909e-11    4.44893445960864e-09    3.91882583638477e-07
123.500000000026    3.37411932917871e-07    5.8944086883578e-09    1.69884002568491e-08    1.17463324723121e-09    4.72416905447693e-09    1.67741269383688e-08    3.82967671103155e-07
124.000000000027    2.65706880049214e-07    1.61699775404135e-08    2.57027398369834e-08    7.41221821743461e-10    3.6578688312594e-08    2.94378288978078e-08    3.74337336458756e-07
124.500000000027    1.60573005620629e-07    1.69662755163798e-08    3.18220514063923e-08    5.96650511880842e-10    1.13689250103655e-07    4.32994309047739e-08    3.66946664063711e-07
125.000000000027    6.06622853510577e-08    5.75813773969571e-09    3.4812845105686e-08    5.52604881597293e-10    2.04372230324881e-07    5.57802058880149e-08    3.61938309290933e-07
125.500000000027    1.53322898382403e-08    7.87520070460317e-09    3.50749480259265e-08    5.29786122646884e-10    2.3991504880403e-07    6.09059038487215e-08    3.59633177344168e-07
126.000000000028    7.59783305586549e-08    1.33352536366271e-08    3.33979861973006e-08    5.19588439614862e-10    1.81112932007768e-07    5.41183617679915e-08    3.58462452607957e-07
126.500000000028    1.96593510643001e-07    6.73992164411907e-09    2.96414325620461e-08    5.68618572769994e-10    8.33245451650152e-08    3.88987518428627e-08    3.55766780429814e-07
127.000000000028    2.73602788641439e-07    8.49516750145144e-09    2.1812717706123e-08    7.63443483428286e-10    2.21786519631125e-08    2.43104866426826e-08    3.51163255938237e-07
127.500000000028    3.00365711937827e-07    1.70020886721193e-08    1.20886259844216e-08    1.39892352995802e-09    2.57141508264629e-09    1.13591019785318e-08    3.44785867185504e-07
128.000000000029    3.14153769408437e-07    1.39536966336337e-08    4.67201439125182e-09    3.44197908355876e-09    2.25629277677502e-11    1.39237053267725e-09    3.37636392977326e-07
128.500000000028    3.04120446647228e-07    4.55674689070361e-09    1.03807530809038e-08    1.58795331982549e-09    6.73197298177689e-10    8.9883176622492e-09    3.30307414899088e-07
129.000000000028    2.58650164937705e-07    1.16181290732607e-08    1.88955647472048e-08    8.37220911460432e-10    1.3012751839835e-08    2.00369763632992e-08    3.23050807872765e-07
129.500000000027    1.78347903209048e-07    1.8824147089984e-08    2.58773490773636e-08    5.97958792987885e-10    6.10389706821644e-08    3.16180429059441e-08    3.16304371757492e-07
130.000000000027    8.79470259597267e-08    9.33030673223651e-09    3.00929544644714e-08    5.21952479245909e-10    1.39873028022095e-07    4.33057889761694e-08    3.11071056633945e-07
130.500000000026    2.27600138764185e-08    4.58258084473327e-09    3.12366906623704e-08    4.91929326345274e-10    1.9792016439602e-07    5.12478488056849e-08    3.08239227911572e-07
131.000000000026    3.60168736691047e-08    1.36589733255725e-08    3.0487726836116e-08    4.73945018053119e-10    1.77202679978293e-07    4.91745128581557e-08    3.07014711685295e-07
131.500000000025    1.37670101365443e-07    8.58447126511938e-09    2.76716538253427e-08    4.9407856060588e-10    9.32064550481872e-08    3.78160883284614e-08    3.0544284839316e-07
132.000000000025    2.21860540759941e-07    5.72470420789234e-09    2.15459261029474e-08    6.2294746952495e-10    2.7958746287553e-08    2.45123699238193e-08    3.02225234751678e-07
132.500000000024    2.51501907063937e-07    1.49740092733977e-08    1.29707480916754e-08    1.05500694253294e-09    4.23202595358281e-09    1.25798312784197e-08    2.97313528603546e-07
133.000000000024    2.63755556179417e-07    1.73805633410837e-08    5.1230115443214e-09    2.69126405339626e-09    1.2153819399806e-10    2.49151619943972e-09    2.91563449511656e-07
133.500000000024    2.6439230263362e-07    5.77996247297829e-09    7.52380982309346e-09    1.81884626531239e-09    2.02810708835814e-10    5.8222496249247e-09    2.85539981528764e-07
134.000000000023    2.33778927740359e-07    7.86183450870692e-09    1.52637507812205e-08    8.55711405432274e-10    6.20403999064427e-09    1.5515875038743e-08    2.79480139465106e-07
134.500000000023    1.70208684728232e-07    1.90062031175093e-08    2.18188087614816e-08    5.7895766723745e-10    3.6359480678907e-08    2.57201133906509e-08    2.73692248344018e-07
135.000000000022    9.74662287083948e-08    1.37715626572402e-08    2.6245521245196e-08    4.8906832651802e-10    9.43065264247643e-08    3.65671732577686e-08    2.68846080619882e-07
135.500000000022    3.79582318225547e-08    3.21152829364979e-09    2.8054049577953e-08    4.56129102810242e-10    1.50369027394092e-07    4.56702793205816e-08    2.65719245511641e-07
136.000000000021    1.45398635951023e-08    1.17060509437806e-08    2.8010417241435e-08    4.36173689889796e-10    1.61952184486293e-07    4.75866652811544e-08    2.64231355237655e-07
136.500000000021    7.37938633312657e-08    1.24875370912435e-08    2.65490152498283e-08    4.30811921684457e-10    1.10079190362855e-07    3.98579306152651e-08    2.63198348572143e-07
137.00000000002    1.60745252101884e-07    4.71817733204932e-09    2.24376357920816e-08    4.99777556042914e-10    4.48598902238388e-08    2.81240327060723e-08    2.61384765711969e-07
137.50000000002    2.03051730910978e-07    1.08850432178395e-08    1.5847782108692e-08    7.04300316097378e-10    1.07984376040647e-08    1.67184505362254e-08    2.58005744693897e-07
138.000000000019    2.17086641675326e-07    1.91075871403623e-08    8.06423660533573e-09    1.47322197023371e-09    1.08367116812849e-09    6.7971962623778e-09    2.53612554821764e-07
138.500000000019    2.30487974119386e-07    1.02116749398559e-08    3.91419141403826e-09    2.76781330105714e-09    1.11409126989607e-11    1.33998366612452e-09    2.48732778353161e-07
139.000000000019    2.1883144294935e-07    3.82878467574537e-09    9.76225537524942e-09    1.11574416156265e-09    1.10410619808275e-09    9.04973651903454e-09    2.43692069879025e-07
139.500000000018    1.74178454256712e-07    1.53031882000191e-08    1.63752598203261e-08    6.43911410423451e-10    1.43644248268265e-08    1.78505412251606e-08    2.38715779739468e-07
140.000000000018    1.12815829361567e-07    1.81955179556213e-08    2.15549509493101e-08    4.884575619627e-10    5.39645523030897e-08    2.71807995278643e-08    2.34200107659415e-07
140.500000000017    5.77706211979103e-08    5.10500633650061e-09    2.45593224619772e-08    4.30021694411931e-10    1.06820384589211e-07    3.60475920939742e-08    2.30732948373985e-07
141.000000000017    1.57940207845265e-08    7.08936000662715e-09    2.51042422566331e-08    4.08185656172599e-10    1.39253754316664e-07    4.12461010841204e-08    2.28895664104744e-07
141.500000000016    3.5795131160363e-08    1.48933179557617e-08    2.43276547841029e-08    3.94515924060537e-10    1.14767008280423e-07    3.78557924791708e-08    2.28033420583882e-07
142.000000000016    1.16700760991722e-07    5.74967347175106e-09    2.15722628209893e-08    4.27039752416296e-10    5.42383639584463e-08    2.81754717307077e-08    2.26863572726033e-07
142.500000000015    1.68118343885421e-07    6.78003051366627e-09    1.61577497797289e-08    5.60918488528262e-10    1.50949966932794e-08    1.7788561144817e-08    2.24500600505441e-07
143.000000000015    1.81973281210692e-07    1.81331806925203e-08    9.14455959233125e-09    1.05136190935683e-09    2.24082233163488e-09    8.52287617696504e-09    2.210660819135e-07
143.500000000014    1.94269285096505e-07    1.50715212990949e-08    3.8083188646504e-09    2.39204339280275e-09    4.75926777981187e-11    1.52839003098331e-09    2.17117151361834e-07
144.000000000014    1.95355387423701e-07    3.06455721565285e-09    7.04131351134999e-09    1.28774144957142e-09    2.91554807553738e-10    5.88471477939503e-09    2.12925269187224e-07
144.500000000014    1.63666049758501e-07    1.10179918767504e-08    1.31009583645367e-08    6.74877153481961e-10    6.59611539486378e-09    1.36412594642108e-08    2.08697252012345e-07
145.000000000013    1.12009665050679e-07    2.03079352522641e-08    1.81844865621763e-08    4.7974889198828e-10    3.19262468596658e-08    2.18100789251153e-08    2.04718161541889e-07
145.500000000013    6.72382194489794e-08    9.68179328939252e-09    2.1662106184993e-08    4.05854678721176e-10    7.22821149637845e-08    3.01004856854193e-08    2.0137057425129e-07
146.000000000012    2.8171308591349e-08    3.29210285432057e-09    2.30057456580724e-08    3.75031416846897e-10    1.07718926804935e-07    3.65158760995288e-08    1.99078991425052e-07
146.500000000012    1.21103741175599e-08    1.49259996615409e-08    2.2518012231447e-08    3.64461056112097e-10    1.10839610834169e-07    3.74981931091689e-08    1.98256651009997e-07
147.000000000011    6.58245272224769e-08    1.00382036722097e-08    2.11698479976801e-08    3.66910522402887e-10    6.96479011186079e-08    3.04116633656161e-08    1.97459053898994e-07
147.500000000011    1.26937593817837e-07    3.73540371694951e-09    1.74762085211249e-08    4.35892954573773e-10    2.6451154048861e-08    2.10826068209527e-08    1.96118859880299e-07
148.00000000001    1.48419417359354e-07    1.4092700347784e-08    1.18860600799546e-08    6.49557256576201e-10    6.3950029091239e-09    1.2269192137379e-08    1.93711930090171e-07
148.50000000001    1.58965537195657e-07    1.92870769896481e-08    5.83819271473956e-09    1.43435724581139e-09    6.11724313326373e-10    4.54247532770567e-09    1.90679363786888e-07
149.000000000009    1.74037263308472e-07    6.14944537186177e-09    3.45721186772293e-09    2.17836892177075e-09    1.27104654488502e-11    1.42603836510786e-09    1.87261038300384e-07
149.500000000009    1.59801584553559e-07    5.04893142253414e-09    8.62155100533846e-09    8.66065801119677e-10    1.26472037868803e-09    8.09252611149258e-09    1.83695379272732e-07
150.000000000009    1.18906704328853e-07    1.84361311652282e-08    1.37657972467225e-08    5.32056435085132e-10    1.32886753866597e-08    1.52867527158527e-08    1.80216117278401e-07
150.500000000008    7.78139170792722e-08    1.59356396473436e-08    1.78488877551383e-08    4.10451142188597e-10    4.23837934521965e-08    2.26893461066338e-08    1.77082035182773e-07
151.000000000008    4.53446858808803e-08    2.39283442517051e-09    2.01858499585661e-08    3.57945232141466e-10    7.69052994966379e-08    2.93751975790829e-08    1.74561812572479e-07
151.500000000007    1.07315860511244e-08    1.0590063448067e-08    2.03671490029223e-08    3.42878207380251e-10    9.81160261906125e-08    3.31698663243945e-08    1.73317569224501e-07
152.000000000007    3.13083705804616e-08    1.43965174952695e-08    1.97234512963258e-08    3.33814681836355e-10    7.72697427828321e-08    2.95878881345302e-08    1.72619784971255e-07
152.500000000006    9.44444235065581e-08    3.55622730435688e-09    1.73191732091495e-08    3.66433943471186e-10    3.44028766526653e-08    2.17082937270593e-08    1.7179742834326e-07
153.000000000006    1.24716905139753e-07    8.70086817909692e-09    1.26992081174546e-08    4.97873720790381e-10    9.81816427384757e-09    1.36865414300364e-08    1.70119560860979e-07
153.500000000005    1.31449589376754e-07    2.02015494699775e-08    7.07453978028647e-09    9.90617742789686e-10    1.61347675257044e-09    6.423216174531e-09    1.67752989296909e-07
154.000000000005    1.46966585385569e-07    1.16388491880953e-08    3.15321385059639e-09    1.99361595254221e-09    2.67182567148426e-11    1.22166800196377e-09    1.65000650635481e-07
154.500000000004    1.47545500555258e-07    2.05815046652348e-09    6.02150978706171e-09    1.03502733200849e-09    2.60402930604057e-10    5.08389808438175e-09    1.62004489155838e-07
155.000000000004    1.16381512437827e-07    1.39718443040626e-08    1.08910432510583e-08    5.70191241587705e-10    5.74230843418942e-09    1.14388774402524e-08    1.58995777108977e-07
155.500000000004    7.78875892961466e-08    2.02491025120746e-08    1.49447474682497e-08    4.14306021531408e-10    2.4633341258095e-08    1.80777533063708e-08    1.56206839862468e-07
156.000000000003    5.40047120111721e-08    6.01466762219874e-09    1.77085420267149e-08    3.45635977073103e-10    5.11228007347708e-08    2.46087226997864e-08    1.53805081071716e-07
156.500000000003    2.2907318608977e-08    4.96179287639196e-09    1.88973835474275e-08    3.16192450700961e-10    7.56422513263995e-08    2.92740044810548e-08    1.51998943290952e-07
157.000000000002    8.46823745434719e-09    1.66205695943046e-08    1.84308294938387e-08    3.08271138931344e-10    7.77868274896432e-08    2.97875297949496e-08    1.51402264966015e-07
157.500000000002    5.43626927160918e-08    7.81425135005288e-09    1.72202819489339e-08    3.15921769470582e-10    4.70863599705884e-08    2.40465453003214e-08    1.50846053055459e-07
158.000000000001    9.7171273947088e-08    3.562160088633e-09    1.42239778891335e-08    3.76002866374897e-10    1.7891164130671e-08    1.66324909235168e-08    1.49857069845417e-07
158.500000000001    1.0667090536194e-07    1.66973212823297e-08    9.5337543477918e-09    5.8237355305719e-10    4.8444734734371e-09    9.87646494613821e-09    1.48205292964694e-07
159    1.17971186234047e-07    1.78671727545083e-08    4.82742570753441e-09    1.23732763145494e-09    4.81579840288549e-10    3.73442832731257e-09    1.46119120495146e-07
159.5    1.34488564633979e-07    3.43654093698751e-09    2.77845973488964e-09    1.87298826439956e-09    7.12720730581287e-12    1.09217313980345e-09    1.43675853917365e-07
159.999999999999    1.18810346076933e-07    6.69404137496477e-09    7.12320913414253e-09    7.51560345807764e-10    1.05422609578195e-09    6.67009948382885e-09    1.41103482511459e-07
160.499999999999    8.39554351402143e-08    1.99906709878643e-08    1.1351845839369e-08    4.70875051609933e-10    1.02911488743502e-08    1.25603661168102e-08    1.38620342010218e-07
160.999999999999    5.99838355993233e-08    1.31828068195821e-08    1.47077905395841e-08    3.53683546163553e-10    2.96652865844906e-08    1.84746313707624e-08    1.36368034459906e-07
161.499999999998    3.96163528883997e-08    1.57140483935496e-09    1.65662113476149e-08    3.07080437336772e-10    5.2608853949736e-08    2.38005826507511e-08    1.34470486113193e-07
161.999999999998    7.13537758851506e-09    1.30020623598841e-08    1.69381932316119e-08    2.90884971875993e-10    6.95267587187787e-08    2.64554602406217e-08    1.33348737111288e-07
162.499999999997    2.43346433706181e-08    1.33016035453929e-08    1.61287509125107e-08    2.90469985127978e-10    5.48432257309482e-08    2.40838167698603e-08    1.32982510314458e-07
162.999999999997    7.30597546316396e-08    2.3382386296779e-09    1.42672768742357e-08    3.1728282947572e-10    2.45449456102797e-08    1.78246911622493e-08    1.32352189737558e-07
163.499999999996    9.04619684289116e-08    1.03220635934229e-08    1.06046640421273e-08    4.28631279637743e-10    7.8800791327689e-09    1.14732483716253e-08    1.31170654848494e-07
163.999999999996    9.51290873758633e-08    2.02817536110399e-08    6.16406125111552e-09    8.44773797045294e-10    1.53138688443687e-09    5.61729411154172e-09    1.29568357031043e-07
164.499999999995    1.13381323538793e-07    8.73564190379195e-09    2.73029684696083e-09    1.64102277573658e-09    2.31719860428375e-11    1.12524149241689e-09    1.27636698543742e-07
164.999999999995    1.13537552164391e-07    2.2561060267992e-09    4.74284385970043e-09    9.49002739919432e-10    1.53363770762373e-10    3.81570920780003e-09    1.25454577769373e-07
165.499999999994    8.51891294964441e-08    1.55470838792846e-08    8.7872000612787e-09    5.29188175410008e-10    4.08166079374831e-09    9.14228939645941e-09    1.23276551802625e-07
165.999999999994    5.87103196757124e-08    1.8773843620067e-08    1.22499304024958e-08    3.70017169734009e-10    1.66718745309955e-08    1.44727903877002e-08    1.21248775786705e-07
166.499999999994    4.74988864833966e-08    3.8292578872112e-09    1.46559702065384e-08    2.97921074376314e-10    3.35596594198152e-08    1.95698570175387e-08    1.19411552088876e-07
166.999999999993    1.97824764326066e-08    6.66719160980399e-09    1.54755035379257e-08    2.75327072244444e-10    5.21954547847498e-08    2.36528147250083e-08    1.18048768162339e-07
167.499999999993    5.09302927348476e-09    1.67202120380832e-08    1.53098579847006e-08    2.68433910603244e-10    5.60242291591613e-08    2.40308095563594e-08    1.17446571922392e-07
167.999999999992    4.18718680373774e-08    6.29844016227187e-09    1.43224937499176e-08    2.74863609127102e-10    3.44515230663944e-08    1.98641266315482e-08    1.17083315256637e-07
168.499999999992    7.19637491931379e-08    3.86340941301884e-09    1.20107021124443e-08    3.22890708900847e-10    1.40959348931037e-08    1.41128722358774e-08    1.16369558556483e-07
168.999999999991    7.56538195696666e-08    1.75557275457701e-08    8.32006344652376e-09    4.94931304786763e-10    4.52101639314673e-09    8.71132619653251e-09    1.15256884456426e-07
169.499999999991    8.8648857616044e-08    1.55583631171609e-08    4.48116707866204e-09    9.78693889602936e-10    5.12501922394633e-10    3.66352427668299e-09    1.13843107900548e-07
169.99999999999    1.05543246177266e-07    2.19812675598913e-09    2.08733734910602e-09    1.7466818437226e-09    1.53150452113071e-12    4.98530713685828e-10    1.12075454344291e-07
170.49999999999    9.03599942257727e-08    7.85903911562102e-09    5.55303222815098e-09    7.30871931118816e-10    6.59202748665627e-10    5.02966779611207e-09    1.10191808045441e-07
170.999999999989    6.24980023403744e-08    1.96440930964608e-08    9.11056658157137e-09    4.43271931551535e-10    6.74782877163176e-09    9.94788644803197e-09    1.08391649169622e-07
171.499999999989    5.03964885476947e-08    1.05795703646608e-08    1.20019766273544e-08    3.16339294798347e-10    1.87233779478201e-08    1.47022416868398e-08    1.06719994469168e-07
171.999999999989    3.60154516842035e-08    1.76468836003993e-09    1.3785481992116e-08    2.6755422416369e-10    3.44911157570069e-08    1.8828432156437e-08    1.05152724173967e-07
172.499999999988    5.30378399241675e-09    1.37049538634791e-08    1.40464899010348e-08    2.54756583718318e-10    4.94969314132575e-08    2.14613172796971e-08    1.04268233033604e-07
172.999999999988    1.71213539727008e-08    1.20815771508702e-08    1.36122910043627e-08    2.52001591483612e-10    4.09943540193141e-08    1.98506367222432e-08    1.03912214460975e-07
173.499999999987    5.44239504819026e-08    1.73311789936566e-09    1.21872992829977e-08    2.73237205086696e-10    1.96013476835534e-08    1.52609303598715e-08    1.03479882912778e-07
173.999999999987    6.43014442255235e-08    1.09166031838499e-08    9.34703363215583e-09    3.59555565321799e-10    7.43464940961662e-09    1.03290494993773e-08    1.02688335515845e-07
174.499999999986    6.91143737395638e-08    1.87615011399417e-08    5.8143504907124e-09    6.6005806911175e-10    1.73734293520037e-09    5.54373467716496e-09    1.01631361051695e-07
174.999999999986    8.83343983120627e-08    6.71353691227271e-09    2.58893165026351e-09    1.29835473789353e-09    3.51041968737207e-11    1.30303950966411e-09    1.0027336531903e-07
175.499999999985    8.9267769231661e-08    2.53757005142621e-09    3.36753945282221e-09    9.8660938936019e-10    5.84198782060631e-11    2.44473245547678e-09    9.86626404589525e-08
175.999999999985    6.48463988556075e-08    1.54429097516773e-08    6.88944564945689e-09    5.2336480002186e-10    2.42561469155498e-09    6.93370004266227e-09    9.70614337909808e-08
176.499999999984    4.7441756211444e-08    1.63828229808515e-08    9.84052913709021e-09    3.4275822190151e-10    1.01609338911804e-08    1.14023485458891e-08    9.55711489883567e-08
176.999999999984    4.2775689395971e-08    2.71469324410755e-09    1.20839995347059e-08    2.64805712653626e-10    2.08576038941821e-08    1.5418502662509e-08    9.41152944441291e-08
177.499999999984    1.81805811360169e-08    7.19267622589472e-09    1.29904485808639e-08    2.40688323668094e-10    3.55570174626684e-08    1.87530886174397e-08    9.29145003465517e-08
177.999999999983    2.59873725546149e-09    1.57327162348446e-08    1.28464655661623e-08    2.37035241181993e-10    4.13146081206582e-08    1.97314903971933e-08    9.24610528155018e-08
178.499999999983    3.06357574767332e-08    5.27034124970458e-09    1.22532757653885e-08    2.38350112952607e-10    2.69546100483721e-08    1.67821839893416e-08    9.21345186424926e-08
178.999999999982    5.22027617849569e-08    3.81914181780071e-09    1.04500221348059e-08    2.74574025091145e-10    1.23321608420569e-08    1.25843850915209e-08    9.16630456962325e-08
179.499999999982    5.34628061299032e-08    1.6518935444092e-08    7.6612958557845e-09    3.98215698123527e-10    4.68343943605361e-09    8.20137603010091e-09    9.09260685940578e-08
179.999999999981    6.69990029169987e-08    1.32092594483586e-08    4.44849824091011e-09    7.35183470632289e-10    6.50334587196268e-10    3.94060855189118e-09    8.99828872159872e-08
180.499999999981    8.35477743694893e-08    1.65469097195975e-09    1.72736907912001e-09    1.52727345048096e-09    5.09673039859045e-13    2.43666803870342e-10    8.87012843479602e-08
180.99999999998    7.08659904170351e-08    7.69636480494031e-09    4.14492423048547e-09    7.5800385305827e-10    3.18893898089963e-10    3.51754035411304e-09    8.73017175577221e-08
181.49999999998    4.92697963577898e-08    1.74043919890784e-08    7.2693278417083e-09    4.30039435277933e-10    3.92876628015856e-09    7.65788226572825e-09    8.59602041697412e-08
181.999999999979    4.33817397843765e-08    8.38708598014326e-09    9.85141135496023e-09    2.85987015030944e-10    1.1193679443778e-08    1.15766877670532e-08    8.46765913453421e-08
182.499999999979    3.2535122546245e-08    1.88461309546079e-09    1.14255959778027e-08    2.3843426302216e-10    2.22535000373995e-08    1.50912135696705e-08    8.34284794896005e-08
182.999999999979    5.08101300659117e-09    1.25579252435189e-08    1.18385161275318e-08    2.2620738980581e-10    3.54585079349532e-08    1.74559724615895e-08    8.26181421639904e-08
183.499999999978    1.11110882934136e-08    1.07570629891736e-08    1.15848338146128e-08    2.22654072941107e-10    3.18834998249975e-08    1.67545165093986e-08    8.23136555045373e-08
183.999999999978    3.95401681827371e-08    1.40303801960323e-09    1.06315625000333e-08    2.35487375322684e-10    1.6739946842375e-08    1.34530529869756e-08    8.20032559070469e-08
184.499999999977    4.58709283370073e-08    9.85517766607224e-09    8.48863719500422e-09    2.97963699632602e-10    7.33104107675027e-09    9.63711485758683e-09    8.14808628320534e-08
184.999999999977    5.09629032834019e-08    1.59929629455781e-08    5.65754487856071e-09    5.01930586403297e-10    2.00512827326103e-09    5.67360766058739e-09    8.07940776277924e-08
185.499999999976    6.88884916647029e-08    5.44471637124287e-09    2.71551811618244e-09    9.55950259869373e-10    6.7457480987946e-11    1.76905669549268e-09    7.98411905884781e-08
185.999999999976    7.15298994369186e-08    2.3644239552534e-09    2.38149335279779e-09    1.06552622223714e-09    1.58050207017933e-11    1.28408207291971e-09    7.86412300608284e-08
186.499999999975    5.17492570645066e-08    1.32870863333668e-08    5.36488909209696e-09    5.29540644733209e-10    1.29942569753112e-09    5.21145718044735e-09    7.7441656012682e-08
186.999999999975    3.97535961287788e-08    1.32223507085399e-08    8.01385711375783e-09    3.19442434160012e-10    6.00991207369237e-09    8.98417929448814e-09    7.63033377534171e-08
187.499999999974    3.71386879074899e-08    2.23789247565866e-09    1.00194679383428e-08    2.39871704235384e-10    1.3147942672276e-08    1.23743374581953e-08    7.51582001561982e-08
187.999999999974    1.67103939550262e-08    6.41297010209351e-09    1.08864875493677e-08    2.15960448968047e-10    2.46475891318679e-08    1.53057044897344e-08    7.41791056770578e-08
188.499999999974    1.57705947387262e-09    1.34441766069139e-08    1.09669322980291e-08    2.10461033372996e-10    3.11362261542046e-08    1.63776415650525e-08    7.37124971314457e-08
188.999999999973    2.17093363888578e-08    4.53303629108314e-09    1.0588992162025e-08    2.09130531575131e-10    2.19271506770902e-08    1.44867528928716e-08    7.34543989435028e-08
189.499999999973    3.79046818367763e-08    3.32591433950453e-09    9.28712845315729e-09    2.35070596828008e-10    1.10436958725721e-08    1.13369926174052e-08    7.31334837162434e-08
189.999999999972    3.91045371384509e-08    1.36717158513786e-08    7.09270630747856e-09    3.24466695357902e-10    4.64296888347746e-09    7.81722759223976e-09    7.26536224683831e-08
190.499999999972    5.15498700894502e-08    1.06015420486284e-08    4.42587799691505e-09    5.50317031312564e-10    7.62328858489404e-10    4.12803927171223e-09    7.20179752965079e-08
190.999999999971    6.61619808525481e-08    1.46304401841867e-09    1.73758591788219e-09    1.18165113247332e-09    2.6383621326811e-12    5.40587330494348e-10    7.10874876139493e-08
191.499999999971    5.69405722022442e-08    6.53049736570294e-09    3.16772242346541e-09    7.6498164009069e-10    1.491917206521e-10    2.47877150227743e-09    7.00317368544328e-08
191.99999999997    4.05437894398055e-08    1.37811148465022e-08    5.8644339241033e-09    4.15118283612549e-10    2.2965728979549e-09    6.1117532327258e-09    6.90127826247042e-08
192.49999999997    3.66603760634383e-08    6.38913955804536e-09    8.17292178657779e-09    2.63213657262747e-10    7.03844623062105e-09    9.48776789904027e-09    6.80118651949855e-08
192.999999999969    2.7558158351673e-08    1.9195029529032e-09    9.69640302345469e-09    2.14713736523736e-10    1.52047439392238e-08    1.23975047380232e-08    6.69910267418016e-08
193.499999999969    5.06550802762397e-09    1.02760790817001e-08    1.00953404122407e-08    2.04067876008043e-10    2.60628212070954e-08    1.46193307942057e-08    6.63231473988739e-08
193.999999999969    7.54120142269579e-09    8.82208166653661e-09    9.97219797370193e-09    1.99089238867772e-10    2.51002657454982e-08    1.44118571468541e-08    6.60466931941544e-08
194.499999999968    2.8733522133946e-08    1.318786907735e-09    9.36429240119219e-09    2.06048180974122e-10    1.42607249959307e-08    1.19172752969026e-08    6.58006499166805e-08
194.999999999968    3.39125467366122e-08    7.98505046748139e-09    7.69679348652335e-09    2.52986317120813e-10    6.72670530743045e-09    8.87911972871926e-09    6.54532020438874e-08
195.499999999967    3.93337229193045e-08    1.24214618227888e-08    5.38149975119006e-09    3.97392576662521e-10    1.96965339577733e-09    5.49100647665884e-09    6.49947369423821e-08
195.999999999967    5.44782810180196e-08    4.26871483109877e-09    2.70524899871625e-09    7.42201828378236e-10    9.03914736644438e-11    2.03348114613767e-09    6.4318319296015e-08
196.499999999966    5.7580088546448e-08    2.13115179327835e-09    1.85193410355746e-09    1.05580408162759e-09    5.95831868812264e-12    7.88339266260647e-10    6.34132761098602e-08
196.999999999966    4.22037832069105e-08    1.0411728801886e-08    4.40419377770074e-09    5.05085690586511e-10    7.76107631335108e-10    4.19544830984887e-09    6.24963474182677e-08
197.499999999965    3.32771217131384e-08    9.86710870733479e-09    6.75408231941733e-09    2.93756107390664e-10    3.91899652920923e-09    7.49415150748899e-09    6.16052168839794e-08
197.999999999965    3.04530156882884e-08    1.88082225689361e-09    8.56060514024174e-09    2.16553144379016e-10    9.19990450680795e-09    1.03834558754782e-08    6.06943566120889e-08
198.499999999964    1.38095150955024e-08    5.41536022465351e-09    9.43823704025763e-09    1.94265590600571e-10    1.82198791934223e-08    1.27895895186958e-08    5.98668466631323e-08
198.999999999964    1.39798433228235e-09    1.06075364901237e-08    9.50842853189672e-09    1.89703324710434e-10    2.38622412015503e-08    1.39255125100377e-08    5.94914063906012e-08
199.499999999964    1.60723513352201e-08    3.65039974976138e-09    9.27666140068279e-09    1.87040402291449e-10    1.75320755526627e-08    1.25631376411763e-08    5.92816660817947e-08
199.999999999963    2.84866352518262e-08    2.8101459640785e-09    8.2478402463664e-09    2.07245956541245e-10    9.22720766578395e-09    1.00797488719042e-08    5.90588239565005e-08
200.499999999963    3.04111037282252e-08    1.05510965950014e-08    6.43833258121586e-09    2.78030936421175e-10    3.94193261791597e-09    7.11602065894786e-09    5.87365171177275e-08
200.999999999962    4.12118776330565e-08    7.97066652437399e-09    4.09165397920951e-09    4.56648633665324e-10    6.69098123124357e-10    3.89181187860712e-09    5.82917567720368e-08
201.499999999962    5.3106227294775e-08    1.24244672899969e-09    1.62004602779168e-09    9.9747641829808e-10    3.59502892289824e-12    6.24723621131449e-10    5.75945151199188e-08
201.999999999961    4.590089620455e-08    5.28609301455488e-09    2.7141107723352e-09    6.98331063443299e-10    1.00270659817029e-10    2.08413764041711e-09    5.67838393551175e-08
202.499999999961    3.31312650667648e-08    1.04584023814102e-08    5.13568947076373e-09    3.70692635749258e-10    1.63813055323475e-09    5.24837509599152e-09    5.59825552039142e-08
202.99999999996    2.97714518816741e-08    4.65816010902503e-09    7.16237320267912e-09    2.35349178641942e-10    5.19861552722291e-09    8.15996023046659e-09    5.51859101297096e-08
203.49999999996    2.15448341185008e-08    1.88001059888034e-09    8.37884109097188e-09    1.95711516292218e-10    1.16509956220048e-08    1.07455150125467e-08    5.43959079591967e-08
203.999999999959    4.00388041357973e-09    8.25638164666211e-09    8.8615573570106e-09    1.83957970353869e-10    2.00608403834229e-08    1.24550649980537e-08    5.3821682769083e-08
204.499999999959    6.00647006704582e-09    6.89197100657987e-09    8.76532644550815e-09    1.79367251331216e-10    1.93978498990345e-08    1.237640829671e-08    5.36173929662095e-08
204.999999999959    2.23225150389361e-08    1.13230533085755e-09    8.22188836575094e-09    1.86243751830707e-10    1.11607436744948e-08    1.04149653636219e-08    5.3438661525492e-08
205.499999999958    2.67526440600997e-08    6.29968254747058e-09    6.80899231290942e-09    2.27046003657575e-10    5.24363368218476e-09    7.86179004183703e-09    5.31937886481591e-08
205.999999999958    3.19435683650437e-08    9.39401245800768e-09    4.79300412299021e-09    3.49096397156763e-10    1.4903286361998e-09    4.89341720125494e-09    5.28634271806531e-08
206.499999999957    4.42137839877241e-08    3.252143437003e-09    2.39085060914341e-09    6.60316326968757e-10    6.54597792930851e-11    1.77146052763133e-09    5.23540146677636e-08
206.999999999957    4.64326430041841e-08    1.82030256898722e-09    1.70816015242081e-09    9.1029279090667e-10    5.72658149664764e-12    7.78003881435047e-10    5.16551289794305e-08
207.499999999956    3.38450924918526e-08    8.12927688648782e-09    4.02321488795516e-09    4.35354609311568e-10    6.43465287134117e-10    3.85815839267626e-09    5.09345625554176e-08
207.999999999956    2.66111383371741e-08    7.35877090078276e-09    6.10317166684102e-09    2.56871690325499e-10    3.16959674108668e-09    6.72078527417421e-09    5.02203346103842e-08
208.499999999955    2.35173455890754e-08    1.55275739686762e-09    7.56895598423397e-09    1.94988458315373e-10    7.46392067527145e-09    9.20490472869435e-09    4.95028728324582e-08
208.999999999955    1.01383268881642e-08    4.61889382078255e-09    8.27399064728727e-09    1.77148243824165e-10    1.45001996452513e-08    1.11546842904888e-08    4.88632435357982e-08
209.499999999954    1.27612874240788e-09    8.42948651552326e-09    8.32398238090119e-09    1.72630412226943e-10    1.83960342566068e-08    1.19680606096215e-08    4.85663229172876e-08
209.999999999954    1.33502866941077e-08    2.88836789184618e-09    8.09170423685559e-09    1.71049673442715e-10    1.31336821879162e-08    1.07758195212979e-08    4.84109102054663e-08
210.499999999954    2.31693103062057e-08    2.37286000487334e-09    7.18748289519422e-09    1.89502095417253e-10    6.69390927618514e-09    8.63623291568764e-09    4.82492974935633e-08
210.999999999953    2.52725531298124e-08    8.16081500471118e-09    5.54699224177252e-09    2.57615954334673e-10    2.69823662379209e-09    6.07287641423495e-09    4.80090893686578e-08
211.499999999953    3.41115991380369e-08    6.09275918744544e-09    3.43531145135585e-09    4.36507217148198e-10    4.09829395621256e-10    3.17969830812875e-09    4.76657046977364e-08
211.999999999952    4.34417918310381e-08    1.0747383198178e-09    1.29111141991649e-09    9.89291247722817e-10    1.17836263796762e-12    3.19935550043169e-10    4.71180467311764e-08
212.499999999952    3.6555209465664e-08    4.31224048073754e-09    2.71137145897822e-09    5.60313442818513e-10    1.17793171760171e-10    2.2233709152948e-09    4.64802989352532e-08
212.999999999951    2.58698748833066e-08    8.18279749695392e-09    4.85259710692627e-09    3.0610141577353e-10    1.5544238254491e-09    5.07155796941947e-09    4.5837352697829e-08
213.499999999951    2.27654530091336e-08    3.52650712284521e-09    6.50635563697134e-09    2.0720799603844e-10    4.64078316151289e-09    7.5587834131603e-09    4.52050903396618e-08
213.99999999995    1.56177093269684e-08    1.86603831542916e-09    7.5016857790108e-09    1.75209936948747e-10    9.87887068251491e-09    9.54281583832497e-09    4.4582329879197e-08
214.49999999995    2.64086167484637e-09    6.90920834410643e-09    7.77304956876743e-09    1.68770836924611e-10    1.585656803104e-08    1.08204859544116e-08    4.41689444100965e-08
214.999999999949    5.7990809394528e-09    5.59770904366766e-09    7.673221030732e-09    1.65802820321147e-10    1.430183948145e-08    1.04641265703123e-08    4.4001779885936e-08
215.499999999949    1.91742974025532e-08    1.01670743517448e-09    7.1143742821457e-09    1.73128676497979e-10    7.66571905592846e-09    8.74070474016415e-09    4.38849315924639e-08
215.999999999949    2.26909071038478e-08    5.12921416244667e-09    5.81370202930168e-09    2.1439739792198e-10    3.3317857908426e-09    6.51306161692337e-09    4.36930681012841e-08
216.499999999948    2.70366502132072e-08    7.34718491407221e-09    3.95066239119213e-09    3.47361661148603e-10    8.39841149693094e-10    3.90754884225994e-09    4.34292491715732e-08
216.999999999948    3.66785736216907e-08    2.67923994950419e-09    1.80462143442935e-09    6.97903944055322e-10    2.42334360791111e-11    1.13321397956202e-09    4.30177863653207e-08
217.499999999947    3.71122159260148e-08    1.608053844777e-09    1.86824756148204e-09    6.83266069196465e-10    1.51282601837487e-11    1.17654690353394e-09    4.2463458565188e-08
217.999999999947    2.59770795524352e-08    6.77998523151474e-09    4.01833582414151e-09    3.44604788919125e-10    7.50949542923665e-10    4.00880176223296e-09    4.18797567021672e-08
218.499999999946    1.99227461879484e-08    5.80382207183093e-09    5.73450871339499e-09    2.19249767047349e-10    3.12619525622675e-09    6.4990160022564e-09    4.13055379987048e-08
218.999999999946    1.70856026068293e-08    1.42660061386025e-09    6.88652189104321e-09    1.73719898722701e-10    6.72634891173797e-09    8.44684213395655e-09    4.074563605615e-08
219.499999999945    6.82276188006592e-09    4.22446843850553e-09    7.32526002789487e-09    1.61627070421751e-10    1.18919125119123e-08    9.85858420590486e-09    4.02846141347053e-08
219.999999999945    1.54367739829737e-09    7.21061875706669e-09    7.30070199097452e-09    1.60781093370794e-10    1.37074256767549e-08    1.01494028454223e-08    4.00726077618865e-08
220.499999999944    1.26991572654639e-08    2.40167547282069e-09    6.99200931165184e-09    1.6193411154272e-10    8.79872465681466e-09    8.91248198994129e-09    3.99659828082351e-08
220.999999999944    2.03567812021964e-08    2.17507992796151e-09    6.06613352103981e-09    1.83762726904488e-10    4.02741166303484e-09    7.02841021728514e-09    3.98375792584222e-08
221.499999999944    2.19414662532478e-08    6.68763288066036e-09    4.52640271388108e-09    2.63451344277141e-10    1.44927380994939e-09    4.76051507789456e-09    3.96287420799103e-08
221.999999999943    2.88480261150966e-08    5.04779637909768e-09    2.58930800671817e-09    4.8158614676778e-10    1.68672070820953e-10    2.20193287229145e-09    3.93373215907927e-08
222.499999999943    3.56873950104864e-08    9.45979911681951e-10    1.08126072991438e-09    9.57953854550265e-10    3.90986265862904e-13    2.1602147948988e-10    3.88890019723887e-08
222.999999999942    2.81367785595087e-08    3.90222492720651e-09    3.00209384699463e-09    4.13329123660573e-10    2.14524278544828e-10    2.70431238740467e-09    3.83732631233199e-08
223.499999999942    1.87679976106621e-08    6.95251201707028e-09    4.83847734072434e-09    2.47989337333504e-10    1.83349895712517e-09    5.20200309459406e-09    3.78424783575095e-08
223.999999999941    1.63493880202691e-08    2.89042249553172e-09    6.11485463200133e-09    1.80177682200229e-10    4.60075626526418e-09    7.21017807264977e-09    3.73457771679163e-08
224.499999999941    1.0862917613618e-08    1.90654424686333e-09    6.78874306442616e-09    1.58804328871027e-10    8.56586695246248e-09    8.60537496988003e-09    3.6888251176121e-08
224.99999999994    1.75069442822424e-09    6.41019990492134e-09    6.83891673138861e-09    1.5877066938895e-10    1.21586111840866e-08    9.29401488918498e-09    3.66112078071947e-08
225.49999999994    6.68096412855559e-09    4.87791025953558e-09    6.594935260953e-09    1.5989207885686e-10    9.56093558567992e-09    8.63521097947465e-09    3.65098482930556e-08
225.999999999939    1.78931459696684e-08    9.95643423824189e-10    5.9586712364291e-09    1.70545923163909e-10    4.39566895932183e-09    7.00268878700951e-09    3.64163642994169e-08
226.499999999939    2.01001957714231e-08    4.51700026502714e-09    4.67559195085853e-09    2.22958279442266e-10    1.68085938826438e-09    5.04341600415142e-09    3.62400216591668e-08
226.999999999939    2.31886863647051e-08    6.35165107552266e-09    2.95755438567681e-09    3.97591176948687e-10    3.53584373425757e-10    2.75115941748825e-09    3.60002267937673e-08
227.499999999938    3.07400259155921e-08    2.32601433366816e-09    1.28997379775759e-09    7.70058841428548e-10    4.0850717128994e-12    5.1923494412219e-10    3.56493929042815e-08
227.999999999938    2.89383061292537e-08    1.56847180545616e-09    2.28914656434335e-09    4.62072659411082e-10    5.54030669809166e-11    1.8868645605098e-09    3.5200264785955e-08
228.499999999937    1.8590679200937e-08    6.22524135667223e-09    4.16909180507882e-09    2.68304497743444e-10    1.06972774473322e-09    4.39054267934402e-09    3.47135872845087e-08
228.999999999937    1.38028965393491e-08    4.93458273159582e-09    5.53400969755809e-09    1.86659325860045e-10    3.38519924554157e-09    6.40850973868121e-09    3.42518572785859e-08
229.499999999936    1.21276537423279e-08    1.32637033490709e-09    6.30306184696021e-09    1.56933759671781e-10    6.12170853062902e-09    7.804563696644e-09    3.384029191114e-08
229.999999999936    4.60995297321312e-09    4.29254157660213e-09    6.47884678262179e-09    1.52431534428569e-10    9.41958345729038e-09    8.57083778767899e-09    3.3524194111835e-08
230.499999999935    2.46245283576401e-09    6.72658988225961e-09    6.2716648475809e-09    1.56708368315568e-10    9.41139149249561e-09    8.37151669008692e-09    3.34003241165026e-08
230.999999999935    1.31565100052594e-08    2.09261855581984e-09    5.83120072842294e-09    1.61694311907177e-10    5.02688038017432e-09    7.06332978852729e-09    3.3332233770111e-08
231.499999999934    1.87291464482919e-08    2.13138276797955e-09    4.88269873571298e-09    1.90027423628804e-10    1.92275798532736e-09    5.34149882578326e-09    3.31975121867239e-08
231.999999999934    1.9313340321114e-08    6.01113249280365e-09    3.41005857568124e-09    3.06910071374314e-10    6.00463468319518e-10    3.35420148215586e-09    3.29961064114485e-08
232.499999999934    2.45753892653893e-08    4.5315426487555e-09    1.77684849630563e-09    5.77227031455482e-10    4.4334836334273e-11    1.22732760756597e-09    3.27326698858062e-08
232.999999999933    2.85449305641786e-08    8.06585683199935e-10    1.4978703262902e-09    6.30166370961524e-10    7.12394561873302e-12    8.72920657827492e-10    3.23595975480765e-08
233.499999999933    2.04705211495186e-08    3.95681680634545e-09    3.41577090910409e-09    2.96671707885983e-10    4.47926756202842e-10    3.33952153492463e-09    3.19272288639816e-08
233.999999999932    1.24123375586701e-08    6.2252165082919e-09    4.83394115075446e-09    2.02997102424592e-10    2.33572992001339e-09    5.48447447891225e-09    3.14946967190667e-08
234.499999999932    1.1321510817299e-08    2.38720374400227e-09    5.74464797341814e-09    1.594575686426e-10    4.58639996534188e-09    6.91970951055418e-09    3.11189295792581e-08
234.999999999931    7.65841250282789e-09    2.11312586802427e-09    6.06458682073344e-09    1.49416707646183e-10    7.13423139825149e-09    7.6860648706884e-09    3.08058381681717e-08
235.499999999931    1.73125303459381e-09    6.48368123871872e-09    5.90713087855174e-09    1.55829203136282e-10    8.62880469351212e-09    7.72380323162579e-09    3.06305022801385e-08
235.99999999993    8.31270424372749e-09    4.3231327370942e-09    5.51738623184866e-09    1.61821061011379e-10    5.51365578831889e-09    6.74861363121001e-09    3.05773136932106e-08
236.49999999993    1.72623937166392e-08    1.06438762183082e-09    4.76918473144318e-09    1.78027323668615e-10    1.98862727187955e-09    5.22494286801341e-09    3.04875635334747e-08
236.999999999929    1.81369054444064e-08    4.27239154230075e-09    3.48666965177988e-09    2.62383815003836e-10    6.3627855322587e-10    3.50956766120233e-09    3.03041966679191e-08
237.499999999929    2.00151628308352e-08    5.8181287696691e-09    2.02556167519849e-09    4.90333667170144e-10    1.0155203756969e-10    1.62718853020922e-09    3.00779275106518e-08
237.999999999929    2.54313197894335e-08    1.86009485001936e-09    1.21847603101995e-09    7.05816166980588e-10    5.71533664203236e-12    5.51740290658035e-10    2.97731624647535e-08
238.499999999928    2.14831468504507e-08    1.82135860503206e-09    2.88197408719494e-09    3.07639136144456e-10    1.9329640822484e-10    2.70950135358335e-09    2.93969164406304e-08
238.999999999928    1.20932064668989e-08    5.84247582496961e-09    4.38931840057445e-09    2.08101948155108e-10    1.6058328280661e-09    4.8452138559235e-09    2.89841493245877e-08
239.499999999927    9.02146004766111e-09    4.03515045284977e-09    5.33967172921805e-09    1.60129232485685e-10    3.69160092775002e-09    6.38379841685377e-09    2.86318108068184e-08
239.999999999927    8.62909286951032e-09    1.24648893866015e-09    5.76272973525387e-09    1.43521581151577e-10    5.42411461283609e-09    7.14036427683161e-09    2.83463120142436e-08
240.499999999926    3.34906348939813e-09    4.71189674166808e-09    5.63605686583311e-09    1.48998845457322e-10    7.0191263307143e-09    7.29154816826145e-09    2.81566904413324e-08
240.999999999926    4.28884421139757e-09    6.11994765844666e-09    5.24341228313878e-09    1.62948826441653e-10    5.67710732421685e-09    6.59776682116729e-09    2.80900271248088e-08
241.499999999925    1.39443592570747e-08    1.75797797955299e-09    4.65528324798452e-09    1.72428024102233e-10    2.29199508287262e-09    5.21055274486716e-09    2.80325963364542e-08
241.999999999925    1.74868353500724e-08    2.24029536863984e-09    3.59351654718777e-09    2.21414438510266e-10    6.65150002357456e-10    3.68217310776377e-09    2.78893848145315e-08
242.499999999924    1.7327729396368e-08    5.54923934026427e-09    2.262080397848e-09    4.10332566740896e-10    1.64006067709195e-10    1.97049566162149e-09    2.76838834305519e-08
242.999999999924    2.11096973532898e-08    3.70171664828795e-09    1.30260787246775e-09    6.19589102466903e-10    9.30461630116508e-12    6.94209049804282e-10    2.74371246426178e-08
243.499999999924    2.16102925348576e-08    8.18900581402889e-10    2.28187804231598e-09    3.45969511180823e-10    7.07539816748856e-11    1.99148322042104e-09    2.71192778718532e-08
243.999999999923    1.35124533242405e-08    4.04348849500486e-09    3.88123825606405e-09    2.15739727122471e-10    9.5993655129956e-10    4.12717215414922e-09    2.67400285078807e-08
244.499999999923    7.41355826162424e-09    5.09107395727061e-09    4.89805738919623e-09    1.64982573473991e-10    3.02242361616762e-09    5.80056449797067e-09    2.63906602957034e-08
244.999999999922    7.66741562820164e-09    1.72501388814616e-09    5.40080618933565e-09    1.42022535312763e-10    4.55984995686973e-09    6.64095822188055e-09    2.61360664197465e-08
245.499999999922    5.32458371645483e-09    2.60641641310922e-09    5.36591115430279e-09    1.43275927333365e-10    5.74615015834278e-09    6.7647129280864e-09    2.59510502976294e-08
245.999999999921    2.94958628686256e-09    6.15799397576008e-09    4.96316089318451e-09    1.62507242802819e-10    5.42738167470163e-09    6.20612494991468e-09    2.58667550232263e-08
246.499999999921    1.04474689406267e-08    3.37168456814463e-09    4.37235306210755e-09    1.77035448196577e-10    2.49728151964797e-09    4.96230022806166e-09    2.58281237667851e-08
246.99999999992    1.67862928370811e-08    1.16982551437412e-09    3.43630425426203e-09    2.10593721389362e-10    6.02459855005439e-10    3.51533348963205e-09    2.57208096717441e-08
247.49999999992    1.6851616044376e-08    4.01807423493402e-09    2.21418400702608e-09    3.76059429287221e-10    1.3724425292642e-10    1.9269473027349e-09    2.55241252712846e-08
247.999999999919    1.77644463828318e-08    4.70507107572539e-09    1.3955017354553e-09    5.61451283756296e-10    1.77196041667553e-11    8.57701246897666e-10    2.53018913288332e-08
248.499999999919    1.95910741800761e-08    1.298415659346e-09    2.02374771755545e-09    3.73900578783041e-10    6.56437638447561e-11    1.67742610172346e-09    2.50302080013288e-08
248.999999999919    1.4322445059452e-08    2.13753874592206e-09    3.61575735501876e-09    2.05657563703246e-10    6.55865730246997e-10    3.75449144518412e-09    2.46917558995272e-08
249.499999999918    6.73219694909352e-09    4.74990421176991e-09    4.68655412025122e-09    1.60549666166138e-10    2.53938578444727e-09    5.46810520681783e-09    2.43366959385459e-08
249.999999999918    5.42504694812086e-09    2.69878221630591e-09    5.2219033717122e-09    1.37541681107644e-10    4.1717233224787e-09    6.43540992223375e-09    2.40904074619591e-08
250.499999999917    5.74071505962999e-09    1.41621710003866e-09    5.24665930730071e-09    1.34272730508946e-10    4.82856160884544e-09    6.56979392613724e-09    2.3936219732461e-08
250.999999999917    3.49066536358396e-09    4.62820576849194e-09    4.84804092725006e-09    1.51543357233566e-10    4.70180251006727e-09    6.02637633026068e-09    2.38466342568875e-08
251.499999999916    7.34520092161214e-09    4.58259371163349e-09    4.23773972342599e-09    1.7647438791541e-10    2.62707646947702e-09    4.8438041600065e-09    2.38128893740706e-08
251.999999999916    1.47527255075348e-08    1.37319871119267e-09    3.33724110814161e-09    2.06031378928304e-10    6.54122569204207e-10    3.42818394751803e-09    2.37515032225196e-08
252.499999999915    1.68561090679249e-08    2.24735213909389e-09    2.14354194982932e-09    3.36841082715298e-10    1.02950314543068e-10    1.89618701979693e-09    2.35829815739034e-08
252.999999999915    1.63181003921111e-08    4.29260246866202e-09    1.35221204669358e-09    5.44741427972676e-10    1.80245677000415e-11    8.45361891566898e-10    2.33710427947063e-08
253.499999999914    1.70254142706945e-08    2.35573212325846e-09    1.80068454666611e-09    4.26420326310971e-10    7.40779516805765e-11    1.44956865591376e-09    2.31318978745244e-08
253.999999999914    1.42629280620135e-08    1.12046466417785e-09    3.34612164191395e-09    2.00946831522638e-10    5.00698434211857e-10    3.40650364302323e-09    2.28376632768631e-08
254.499999999914    7.28034409033298e-09    3.31520506842863e-09    4.45470560741149e-09    1.53510452704348e-10    2.16319750920259e-09    5.13273032592758e-09    2.24996930540076e-08
254.999999999913    3.6193102514771e-09    3.13685808206366e-09    4.9938083939971e-09    1.33506627080011e-10    4.09652172219986e-09    6.27099576659331e-09    2.2251000843411e-08
255.499999999913    4.58340046181104e-09    1.29481474916771e-09    5.09696430808886e-09    1.27004389991225e-10    4.59476019893854e-09    6.41755130074426e-09    2.21144954087416e-08
255.999999999912    4.51269584837402e-09    2.76935111390812e-09    4.7338969590352e-09    1.37890717347036e-10    4.09775630276236e-09    5.79030427933412e-09    2.20418952207609e-08
256.499999999912    6.49834407888706e-09    4.28943231269394e-09    4.02741069750532e-09    1.71455643446348e-10    2.4169628988715e-09    4.61201174639842e-09    2.20156173778026e-08
256.999999999911    1.27706131046868e-08    2.15353018784471e-09    3.07951653042671e-09    2.18157654662023e-10    6.22217315324248e-10    3.12385411375843e-09    2.19678889067029e-08
257.499999999911    1.66530041014446e-08    1.33790721639833e-09    1.86444043829035e-09    3.42169398505695e-10    5.80379242428295e-11    1.56699361616197e-09    2.18225526950438e-08
257.99999999991    1.63094700117028e-08    2.94183151068372e-09    1.16012482452799e-09    5.69004545120548e-10    8.83594170891941e-12    6.25610568203286e-10    2.16148774019472e-08
258.49999999991    1.46410484606901e-08    2.72293282705228e-09    1.92099536090669e-09    3.78792883329752e-10    1.09552686955296e-10    1.61359674971767e-09    2.13869189686518e-08
258.999999999909    1.22650603793465e-08    1.30825142365262e-09    3.32833473006771e-09    1.87490649221021e-10    5.9879701325274e-10    3.43312167535633e-09    2.11210558708969e-08
259.499999999909    7.23883464719059e-09    1.9350848028858e-09    4.38261390354284e-09    1.40645125176567e-10    2.06595517878558e-09    5.04708847070933e-09    2.08102221282907e-08
259.999999999909    2.65735320230641e-09    2.69782004986635e-09    4.89009131350589e-09    1.25205548109284e-10    3.99188495744513e-09    6.20423206469053e-09    2.05665871359236e-08
260.499999999908    2.77992643562159e-09    1.67205292388458e-09    4.98228170162058e-09    1.2001095099323e-10    4.48215446772145e-09    6.40309594120214e-09    2.04395224210436e-08
260.999999999908    4.73562797624188e-09    1.67219523077206e-09    4.64905222343826e-09    1.27217926059934e-10    3.50767468915004e-09    5.71028693303021e-09    2.04020549786924e-08
261.499999999907    6.98358604508201e-09    2.92976437300073e-09    3.91993852556061e-09    1.57107697470551e-10    1.94819043640254e-09    4.44704919944428e-09    2.03856362769607e-08
261.999999999907    1.11635274383773e-08    2.60349092277935e-09    2.88111383997318e-09    2.19502520953894e-10    5.51801924132313e-10    2.92554073361628e-09    2.03449773798323e-08
262.499999999906    1.55551124389835e-08    1.33226766549269e-09    1.62086805916657e-09    3.70495085703664e-10    4.37329677871434e-11    1.29771762872861e-09    2.02201938458622e-08
262.999999999906    1.63502522126397e-08    1.68780660880789e-09    9.79498081564883e-10    5.95349372087783e-10    3.19225563001771e-12    4.08111584868593e-10    2.00242101155989e-08
263.499999999905    1.32537886251165e-08    2.31239704647248e-09    2.0057810726568e-09    3.26755314469265e-10    1.30592519993835e-10    1.77506051812285e-09    1.98043750968317e-08
263.999999999905    9.82151847331891e-09    2.04346792926586e-09    3.2944615380554e-09    1.78981775626796e-10    7.72491149864722e-10    3.44389624466154e-09    1.95548171107932e-08
264.499999999904    6.47310140919521e-09    1.38357432934985e-09    4.22586053469575e-09    1.34431594061192e-10    2.14909217565151e-09    4.92322046177938e-09    1.92892805047329e-08
264.999999999904    2.59376637977411e-09    1.84591725697285e-09    4.71277342122962e-09    1.19409196615523e-10    3.85114185817001e-09    5.94035467844093e-09    1.9063362791203e-08
265.499999999904    1.7141793527849e-09    1.9488042074433e-09    4.77662528939956e-09    1.15843595155857e-10    4.28088052388885e-09    6.10884845500781e-09    1.89451814236803e-08
265.999999999903    4.56363894781709e-09    1.53520647466421e-09    4.42629624416695e-09    1.23040527891011e-10    2.93244079708158e-09    5.35105978754627e-09    1.89316827791671e-08
266.499999999903    8.26622974190914e-09    1.56270688474256e-09    3.64037754891614e-09    1.50019590531197e-10    1.29627679297363e-09    4.01579381458486e-09    1.89314043736575e-08
266.999999999902    1.10156117648991e-08    2.34930064046801e-09    2.50560811523555e-09    2.34679963246009e-10    3.32290563861548e-10    2.43805679130758e-09    1.88755478390178e-08
267.499999999902    1.4288345404927e-08    1.87441012059329e-09    1.27188731621877e-09    4.55353717312891e-10    2.39508366568341e-11    8.36661080961836e-10    1.87506084766706e-08
267.999999999901    1.52246214778554e-08    1.19591228441727e-09    1.06163424160272e-09    5.18243011680945e-10    5.10940393225334e-12    5.6166417599357e-10    1.85671845954822e-08
268.499999999901    1.17177261617978e-08    1.79886343454444e-09    2.26730392112341e-09    2.57159446174938e-10    1.86478639368068e-10    2.12735838498866e-09    1.83548899879973e-08
268.9999999999    7.14106970688289e-09    2.82791426231083e-09    3.33320008769061e-09    1.70083876023008e-10    1.0279337623131e-09    3.61766169711442e-09    1.81178633923349e-08
269.4999999999    4.82230977956971e-09    1.77302218019774e-09    4.10620389020201e-09    1.30239820091137e-10    2.24795641780984e-09    4.81609655524963e-09    1.78958286431201e-08
269.999999999899    3.02754558864534e-09    1.27339582027511e-09    4.48791662504392e-09    1.16133562000976e-10    3.25316703495519e-09    5.55390957223814e-09    1.77120682031587e-08
270.499999999899    1.78942295935393e-09    2.23279601807729e-09    4.44672316760802e-09    1.16872492036339e-10    3.4080815130514e-09    5.62075592166824e-09    1.76146520717952e-08
270.999999999899    4.30608339332144e-09    2.13168827949686e-09    4.05181238787397e-09    1.27183217347292e-10    2.15953515954595e-09    4.83140240246847e-09    1.7607704840054e-08
271.499999999898    8.9621147607236e-09    1.01387017050815e-09    3.24720420988535e-09    1.54495980616061e-10    7.42031818520726e-10    3.49049168842892e-09    1.76102086286828e-08
271.999999999898    1.12801588790099e-08    1.82657192525825e-09    2.08800927507235e-09    2.60402038956659e-10    1.58867038090589e-10    1.92238114077161e-09    1.75363902971594e-08
272.499999999897    1.25344894355221e-08    2.59141407100816e-09    1.11890558142552e-09    4.76192849979709e-10    1.47051045379237e-11    6.7123669157906e-10    1.74069437340524e-08
272.999999999897    1.3206207871276e-08    1.32595660891302e-09    1.33192470557368e-09    4.04127135468436e-10    1.57659567949809e-11    9.56173702597407e-10    1.72401559806235e-08
273.499999999896    1.04576324709164e-08    1.27826235320633e-09    2.46842081567286e-09    2.1380070771912e-10    2.35885150428401e-10    2.38665360645656e-09    1.70406551043997e-08
273.999999999896    5.47261719788941e-09    2.96627688717261e-09    3.34434248582425e-09    1.60907227525657e-10    1.19797897680034e-09    3.67402061552569e-09    1.6816143390738e-08
274.499999999895    3.06989406435464e-09    2.56362104770325e-09    3.91119958815332e-09    1.30118325731496e-10    2.33785418253967e-09    4.62293081476547e-09    1.66356180232478e-08
274.999999999895    3.45307988134273e-09    1.02855563735988e-09    4.14580780194975e-09    1.17578543730217e-10    2.70325925846041e-09    5.0626729618466e-09    1.65109540846896e-08
275.499999999894    2.77446630660584e-09    2.1349938445252e-09    4.01955591458135e-09    1.21935722439477e-10    2.49122755475215e-09    4.88928262438572e-09    1.64314619672897e-08
275.999999999894    4.53144568478757e-09    2.71574635125288e-09    3.53048533459183e-09    1.41140627629087e-10    1.45309958769643e-09    4.04245853479036e-09    1.64143761207482e-08
276.499999999894    9.19198141312414e-09    1.29813407499717e-09    2.66699275783231e-09    1.81039425428057e-10    3.60005619812311e-10    2.70671948379959e-09    1.64048727749936e-08
276.999999999893    1.21423356870486e-08    1.13531203666607e-09    1.48023032305988e-09    3.35971560781464e-10    3.74616839367206e-11    1.18204042123269e-09    1.63133517127255e-08
277.499999999893    1.12975279083857e-08    2.6773625435183e-09    1.08292097183086e-09    4.73397450652382e-10    9.33744477483572e-12    6.30332705607206e-10    1.61708790247693e-08
277.999999999892    1.05160017004866e-08    1.70575791572679e-09    1.81563930512587e-09    2.94302194353018e-10    7.33670795832182e-11    1.60587004932048e-09    1.60109382445959e-08
278.499999999892    8.50687930778115e-09    1.01794307405465e-09    2.82708354677052e-09    1.71841064945197e-10    4.03241950173073e-10    2.89562953169395e-09    1.58226184754185e-08
278.999999999891    4.35912690095073e-09    2.25815707797851e-09    3.49490448547989e-09    1.42569806869843e-10    1.41033271203916e-09    3.94941015538035e-09    1.56145011386985e-08
279.499999999891    1.47890245407939e-09    2.94657199518504e-09    3.84565058086786e-09    1.26027161697404e-10    2.45372417036997e-09    4.61379684031672e-09    1.54646732025164e-08
279.99999999989    3.07550390694869e-09    1.24740399888107e-09    3.91281951703355e-09    1.17828741190961e-10    2.32871672072791e-09    4.70594962063575e-09    1.53882225054179e-08
280.49999999989    4.09311432581931e-09    1.56380840995813e-09    3.65190782822733e-09    1.25694744006018e-10    1.65232289874681e-09    4.25605124942101e-09    1.53428994561786e-08
280.999999999889    5.39760403261508e-09    2.57699768417941e-09    3.04096530244085e-09    1.59206390865945e-10    8.35728924585115e-10    3.30796202434132e-09    1.53184643590277e-08
281.499999999889    8.98725178022628e-09    1.84426252003216e-09    2.08207757421488e-09    2.34379507618904e-10    1.65118398388891e-10    1.9766267875529e-09    1.5289716568034e-08
281.999999999889    1.25686840904686e-08    7.15468257212208e-10    9.46227848766029e-10    4.69222121559734e-10    3.72417765703605e-12    4.84183895174377e-10    1.5187510390838e-08
282.499999999888    1.0534464509661e-08    1.92240500113062e-09    1.26906508060308e-09    3.99498168376404e-10    2.04853189487688e-11    8.91731630074237e-10    1.50376497087941e-08
282.999999999888    7.76702858397253e-09    2.10994043129969e-09    2.30189598068026e-09    2.18669825496541e-10    2.27101026304057e-10    2.24753263811358e-09    1.48721684858667e-08
283.499999999887    6.08786863297374e-09    1.21660104576343e-09    3.12538478537797e-09    1.45843781972115e-10    7.46288040107393e-10    3.37679815359035e-09    1.4698784439785e-08
283.999999999887    3.53962574604583e-09    1.43939647788347e-09    3.58458733955985e-09    1.27678866314507e-10    1.68548393073588e-09    4.15133299862341e-09    1.45281053591629e-08
284.499999999886    9.13085192068913e-10    2.68226408953311e-09    3.70684147554827e-09    1.24098807447686e-10    2.49138245503116e-09    4.49575525153386e-09    1.4413427271163e-08
284.999999999886    2.64991665112085e-09    1.83581853320938e-09    3.58439434341135e-09    1.23092507762306e-10    1.95828244094002e-09    4.22510161180882e-09    1.43766060882527e-08
285.499999999885    5.69381231929932e-09    9.9510455501004e-10    3.16495001412559e-09    1.35280248877607e-10    9.08344948644769e-10    3.46454551857972e-09    1.4362037604537e-08
285.999999999885    7.2107001302867e-09    1.84078847124419e-09    2.37894096063969e-09    1.92306469140921e-10    3.0371171368519e-10    2.40000829604025e-09    1.43264560410369e-08
286.499999999884    9.2700485359822e-09    2.10813071329999e-09    1.39873214691444e-09    3.43566323661217e-10    4.12702648469064e-11    1.09624904177797e-09    1.42579970264827e-08
286.999999999884    1.16546766119806e-08    8.58581528873299e-10    8.01871192816488e-10    5.18334686380331e-10    1.2534008814466e-12    3.07793400900363e-10    1.41425108218326e-08
287.499999999884    8.93535058909575e-09    1.24066639887153e-09    1.82684096180704e-09    2.52127810921275e-10    7.6623640280876e-11    1.65884686481239e-09    1.39904562657889e-08
287.999999999883    4.9341564949086e-09    2.43748056924213e-09    2.77956719058073e-09    1.69004235419251e-10    5.54068714422892e-10    2.93828811525846e-09    1.38125653198321e-08
288.499999999883    3.50544617735255e-09    1.66901741471333e-09    3.34641770885384e-09    1.30407463598575e-10    1.20810882350565e-09    3.80421258844562e-09    1.36636101764696e-08
288.999999999882    2.91096546387143e-09    1.09377364562619e-09    3.55962859097754e-09    1.2015200418802e-10    1.7010879233595e-09    4.16553205618849e-09    1.35511396842112e-08
289.499999999882    1.60320104726072e-09    2.37902641171057e-09    3.43628584143976e-09    1.28804408358339e-10    1.86733404560796e-09    4.06719929352725e-09    1.34818510479046e-08
289.999999999881    3.12166736386654e-09    2.49295393308594e-09    3.07374628895508e-09    1.43299068250871e-10    1.17971786102546e-09    3.45685007446361e-09    1.34682345896475e-08
290.499999999881    7.09162758534822e-09    9.35984566786755e-10    2.44893925816488e-09    1.69112732044969e-10    3.23030724239841e-10    2.49128222704407e-09    1.34599770936287e-08
290.99999999988    8.95009329654478e-09    1.24049939136813e-09    1.5550471537765e-09    2.77068053715663e-10    4.8549725375485e-11    1.32369183170437e-09    1.33949494524849e-08
291.49999999988    9.23523122046589e-09    2.09299165196465e-09    9.65771209254226e-10    4.44002876015601e-10    7.36362760847525e-12    5.48609793088962e-10    1.32939703783978e-08
291.999999999879    8.9877631521856e-09    1.25638487619135e-09    1.4235244742938e-09    3.14679283108674e-10    3.79120887924077e-11    1.15220769091435e-09    1.31724715654862e-08
292.499999999879    6.77912517661259e-09    8.46099177970675e-10    2.46914319041946e-09    1.68028238023177e-10    2.71451532781913e-10    2.48363820540475e-09    1.30174855212126e-08
292.999999999879    2.96642733120916e-09    1.99430714157509e-09    3.15526944498414e-09    1.33769906353723e-10    1.023983843513e-09    3.56981226628969e-09    1.28435699339248e-08
293.499999999878    1.62571646656366e-09    1.74854348331023e-09    3.47385304425854e-09    1.17672298296761e-10    1.65314722823715e-09    4.10699081213189e-09    1.27259233327982e-08
293.999999999878    2.46324194070393e-09    1.04891820305662e-09    3.43835883179617e-09    1.16148177514802e-10    1.58263900695916e-09    4.02340638898679e-09    1.26727125490175e-08
294.499999999877    3.16031175516313e-09    1.70454755851997e-09    3.07061521435799e-09    1.34211059798152e-10    1.12847711498645e-09    3.45159567529125e-09    1.26497583781169e-08
294.999999999877    4.73899815675816e-09    2.28717380550474e-09    2.42912507396653e-09    1.78499140137056e-10    4.93244536915403e-10    2.51170206403319e-09    1.26387427773151e-08
295.499999999876    8.24736877606467e-09    1.13699970984216e-09    1.55376331264366e-09    2.66885836153885e-10    6.2688363362118e-11    1.33619317382643e-09    1.26038991718929e-08
295.999999999876    1.00755477775589e-08    8.98608285077589e-10    7.55157294607249e-10    4.93791526234496e-10    1.06999951768895e-12    2.85677016836413e-10    1.25098518998323e-08
296.499999999875    8.10621567396033e-09    1.55918929795516e-09    1.32546999920221e-09    3.28044720327059e-10    3.44016659163313e-11    1.03660208428961e-09    1.23899234416507e-08
296.999999999875    5.64402129034895e-09    1.65751236331442e-09    2.24398999022642e-09    1.87749001519725e-10    2.74383329667084e-10    2.24489463172957e-09    1.22525506068062e-08
297.499999999874    3.92465181624116e-09    1.01994897473714e-09    2.97194808578808e-09    1.31893062741707e-10    7.72458296955348e-10    3.28578719200777e-09    1.21066874284712e-08
297.999999999874    1.77036349724809e-09    1.34835248049161e-09    3.36212044740245e-09    1.15231294475057e-10    1.42551835246608e-09    3.94930761509005e-09    1.19708936871733e-08
298.499999999874    1.10546689055647e-09    1.60908542869471e-09    3.40631173739953e-09    1.13293035218934e-10    1.60975576886867e-09    4.05484234158601e-09    1.18987552023243e-08
298.999999999873    2.76024519636049e-09    1.29400737548389e-09    3.1186737138194e-09    1.21461572753451e-10    1.05140341229685e-09    3.54594051008827e-09    1.18917317808023e-08
299.499999999873    5.23850775377881e-09    1.00549552468985e-09    2.49892129826033e-09    1.51466296497678e-10    4.01765250956806e-10    2.59725861303118e-09    1.18934147372147e-08
