#t    E^kin_scal0    E^grad_scal0    E^kin_scal1    E^grad_scal1    Vpot_term_0    Vpot_term_1    E_tot
0    0.00709756635236965    2.42252764565006e-07    3.95929643075448e-07    2.19898245639019e-07    0.0141944191750778    6.98207062808252e-08    0.021292913428807
0.504    0.00710941942741362    2.4752883244842e-07    2.79366398181166e-07    2.29592776898188e-07    0.0123537452582712    6.85495539406552e-08    0.0194639897232463
1.008    0.00707754140479545    2.15813336182324e-07    2.46204822381128e-07    1.82589354558407e-07    0.0105270935373081    5.56660550672781e-08    0.0176053352156718
1.512    0.00699037236609124    1.77762562495968e-07    2.01691455284612e-07    1.56795149777522e-07    0.00874725762600698    4.65121185591907e-08    0.0157382127533843
2.016    0.00683595024867815    1.49943045798465e-07    1.69132505633104e-07    1.30828523006097e-07    0.00705288998463474    3.76395388032033e-08    0.0138893277769261
2.52    0.00660344148269637    1.24854339062876e-07    1.4084669744832e-07    1.09877129902875e-07    0.00548630494629826    3.02402266430194e-08    0.0120901522473877
3.024    0.00628538061599052    1.04806790196835e-07    1.1650674231072e-07    9.32403823971478e-08    0.0040894188124613    2.39490844795538e-08    0.0103751379314512
3.528    0.00588048616646455    8.77921932408778e-08    9.66671321044953e-08    7.92007477469449e-08    0.00289791750956336    1.86572503892512e-08    0.00877868599335139
4.032    0.00539629962965521    7.42426795202376e-08    8.12718017419687e-08    6.69131436249312e-08    0.00193460004116322    1.41075523792843e-08    0.0073311362059957
4.536    0.00485054847484102    6.28376566567911e-08    6.75617426606615e-08    5.7707962210815e-08    0.0012038222887171    1.06286208993434e-08    0.00605456949954055
5.04    0.00427004443743173    5.35208366178455e-08    5.70805184842831e-08    4.9574115534416e-08    0.000689404141009778    7.72458709603532e-09    0.00495961647849924
5.544    0.003686689916886    4.59238083738686e-08    4.81802075019839e-08    4.32067045307502e-08    0.000357552714767007    5.48030473120197e-09    0.00404438542267814
6.048    0.00313151996124696    3.98389233782561e-08    4.11694639457313e-08    3.77115157647455e-08    0.00016429190867957    3.73636268561382e-09    0.00329593432619231
6.552    0.0026288959055731    3.44602503760184e-08    3.54650502567195e-08    3.31021255347301e-08    6.47225242099158e-05    2.42967483210363e-09    0.00269372388688402
7.05600000000001    0.00219298846918014    3.0183734086304e-08    3.07112637438312e-08    2.92921475309274e-08    2.07208132025974e-05    1.48533045550992e-09    0.00221380095485855
7.56000000000001    0.00182747799049127    2.66565706486121e-08    2.6667065489446e-08    2.61787316877488e-08    4.89643388520787e-06    8.24303882936363e-10    0.00183245475104818
8.064    0.00152785313863227    2.35533316083614e-08    2.3636788925306e-08    2.3179653380563e-08    7.01247913360993e-07    3.85677333900685e-10    0.00152862514199688
8.56799999999994    0.00128487917988193    2.09808621979949e-08    2.08144249109467e-08    2.08816706882996e-08    3.66840503982749e-08    1.30447140308735e-10    0.00128497867133727
9.07199999999989    0.0010879122511617    1.87486864818408e-08    1.85882201766832e-08    1.87286680165117e-08    7.4303250684631e-11    1.4847215513598e-11    0.00108796840588684
9.57599999999983    0.000927257118242179    1.69514608073624e-08    1.67654322592513e-08    1.67808574527367e-08    2.53871765709394e-11    9.32129327612363e-12    0.000927307650701168
10.0799999999998    0.0007951647954707    1.52586550986765e-08    1.51085162012665e-08    1.51714287333976e-08    2.85538092400637e-08    8.74729239419727e-11    0.000795238975352897
10.5839999999997    0.000685171192320217    1.3805048217826e-08    1.37677372905586e-08    1.36693491985666e-08    6.85629606540055e-07    2.25624331513964e-10    0.000685898289685795
11.0879999999997    0.000589461428673347    1.25704353270822e-08    1.26511545236845e-08    1.22995390977053e-08    5.51599696681202e-06    4.04873175451683e-10    0.000595015351642283
11.5919999999996    0.000494216712747976    1.14654496453904e-08    1.16501467513952e-08    1.11154671721774e-08    2.58969730724676e-05    6.08428071919125e-10    0.000520148525312085
12.0959999999996    0.000375838603792143    1.05543293412968e-08    1.08067466159607e-08    1.00294322535717e-08    8.56134970506061e-05    8.12998975737513e-10    0.000461484304349936
12.5999999999995    0.000213901630175228    9.59321572110028e-09    9.96450706588728e-09    9.13613088833271e-09    0.000208387501860031    9.96829660537548e-10    0.000422318822718594
13.1039999999994    4.85116130654714e-05    8.78984667038048e-09    9.21492696681583e-09    8.29719336521107e-09    0.000357160756791541    1.09986384170167e-09    0.000405699771687856
13.6079999999994    7.06040257589992e-06    8.03674555374055e-09    8.51416279141583e-09    7.50728743497374e-09    0.000396927960536029    1.07292443231371e-09    0.000404013494232141
14.1119999999993    0.000119703012691259    7.33022885073793e-09    7.7484132830389e-09    6.85876810561464e-09    0.000276560169541138    9.25410766927759e-10    0.000396286045053403
14.6159999999993    0.000242099345645159    6.68560206128844e-09    6.97633412116696e-09    6.3138911058844e-09    0.000128064779108647    7.18377643929715e-10    0.000370184818958739
15.1199999999992    0.000289270342704138    6.11344597906587e-09    6.26811053944536e-09    5.83782392749182e-09    4.31168979315974e-05    5.05621584678507e-10    0.000332405965637766
15.6239999999992    0.000282234950088531    5.56115796750562e-09    5.65414761662846e-09    5.39876630237486e-09    1.10190178872705e-05    3.26749121608562e-10    0.00029327090879681
16.1279999999991    0.000255728345222148    5.11243417935101e-09    5.15229266502117e-09    4.96992795156787e-09    2.05263530806881e-06    1.88953365886545e-10    0.000257796404138379
16.6319999999991    0.000226809087287139    4.68460226729959e-09    4.69151568594931e-09    4.60437732198923e-09    2.36450200295673e-07    9.34064443796924e-11    0.000227059611389154
17.135999999999    0.000200667262480123    4.28098751968444e-09    4.29013741467405e-09    4.2706464209576e-09    1.06289229902637e-08    3.35698401386989e-11    0.000200690766744309
17.6399999999989    0.000178021570536426    3.98450750826526e-09    3.9321500944314e-09    3.97152646430105e-09    2.6930142602917e-11    4.63315101532179e-12    0.000178033490283787
18.1439999999989    0.00015847404814333    3.68820836626761e-09    3.64374514593518e-09    3.67019729872536e-09    1.19129243086159e-12    1.6325515786157e-12    0.000158485053117985
18.6479999999988    0.000141535138086923    3.43188292156753e-09    3.38086589629632e-09    3.40205773520847e-09    2.22014890946713e-09    2.00922460365334e-11    0.000141547593134632
19.1519999999988    0.000126757566720911    3.19046030997266e-09    3.16613566392259e-09    3.13785410071292e-09    4.81400133151272e-08    5.5195391507709e-11    0.000126815256379692
19.6559999999987    0.000113628442924495    2.96464404062379e-09    2.9723374925464e-09    2.89853632575861e-09    3.27264276060159e-07    1.03120997676942e-10    0.000113964645839412
20.1599999999987    0.000101462066396916    2.75462795669662e-09    2.80317099688214e-09    2.67553978566846e-09    1.28769618891822e-06    1.59898200026841e-10    0.000102758155822773
20.6639999999986    8.9374769362586e-05    2.60196641697473e-09    2.65152737739273e-09    2.47130841708706e-09    3.67042836189247e-06    2.22258380306656e-10    9.30531447850703e-05
21.1679999999986    7.63876866508043e-05    2.4169275400602e-09    2.53278214855179e-09    2.2673928949521e-09    8.41122095014828e-06    2.85189874386298e-10    8.48064098934105e-05
21.6719999999985    6.17096715159249e-05    2.2592346045761e-09    2.41411735430717e-09    2.09098850212292e-09    1.63454432350412e-05    3.46523307625904e-10    7.80622256147347e-05
22.1759999999984    4.52212630036625e-05    2.12898416600865e-09    2.29670457414738e-09    1.93538374988521e-09    2.76836531128639e-05    4.02836674593111e-10    7.2911680025691e-05
22.6799999999984    2.80254304070103e-05    1.99471556214752e-09    2.19889769115578e-09    1.78068788826249e-09    4.13829882525019e-05    4.45880384710674e-10    6.94148388410385e-05
23.1839999999983    1.26706758155196e-05    1.87437336736671e-09    2.09429708433164e-09    1.64588435294036e-09    5.48139227762555e-05    4.73881639961032e-10    6.74906870282197e-05
23.6879999999983    2.52918425341986e-06    1.74578242931372e-09    1.98811769411464e-09    1.52322022810863e-09    6.42722668006396e-05    4.81477223244561e-10    6.68071896516342e-05
24.1919999999982    2.24347156244229e-07    1.64789932726665e-09    1.87093268329465e-09    1.4183941523941e-09    6.65109391378261e-05    4.68380320329761e-10    6.67406919005536e-05
24.6959999999982    5.9345938768236e-06    1.5372170431542e-09    1.74736400820951e-09    1.3250303774248e-09    6.05458321010535e-05    4.36702674748573e-10    6.64854722919807e-05
25.1999999999981    1.6944979698529e-05    1.43182995375046e-09    1.62353332256826e-09    1.24006520235099e-09    4.83697413834089e-05    3.88660706678397e-10    6.53194051711233e-05
25.7039999999981    2.90116514982913e-05    1.32711500239864e-09    1.48772694209404e-09    1.17557326543123e-09    3.38680654450976e-05    3.32308480538448e-10    6.28840396670793e-05
26.207999999998    3.85188717081209e-05    1.23915289314005e-09    1.36753692749224e-09    1.10999969975508e-09    2.07568264669172e-05    2.70042419399971e-10    5.92796849069779e-05
26.7119999999979    4.38242972997156e-05    1.16388674975761e-09    1.25092612013752e-09    1.05435120796728e-09    1.10930812463668e-05    2.1018665243096e-10    5.49210578968126e-05
27.2159999999979    4.51720885712284e-05    1.07819206480509e-09    1.14308962271317e-09    1.00398620892736e-09    5.11689889243759e-06    1.56525408834045e-10    5.02923692569712e-05
27.7199999999978    4.37760942011205e-05    1.01106075059954e-09    1.04961798886208e-09    9.54734451345378e-10    1.9906160371431e-06    1.0940728194985e-10    4.57698350587364e-05
28.2239999999978    4.09415845565813e-05    9.44828848735383e-10    9.72324477739254e-10    9.02540107121109e-10    6.23244075583304e-07    7.08574477255383e-11    4.15677191830459e-05
28.7279999999977    3.76214400067674e-05    8.9206421252634e-10    8.94100957032166e-10    8.62581800549479e-10    1.4308561323393e-07    4.16662782607365e-11    3.77672160332497e-05
29.2319999999977    3.43475168438281e-05    8.33737400519986e-10    8.31045811047342e-10    8.1801742379567e-10    1.97464777082494e-08    2.05578280803451e-11    3.43697666799998e-05
29.7359999999976    3.13379956493261e-05    7.8169713801695e-10    7.73076321800331e-10    7.77472210787396e-10    9.73595190986928e-10    7.21501039596626e-12    3.13413087051981e-05
30.2399999999976    2.86364659253975e-05    7.39101512474582e-10    7.24162112374313e-10    7.35917247254762e-10    1.60115977823586e-12    8.08646227052203e-13    2.86386675160756e-05
30.7439999999975    2.62190758222262e-05    6.96565633691144e-10    6.88413669471217e-10    6.88224388893889e-10    1.00241053120867e-12    6.48654971473681e-13    2.62211506769837e-05
31.2479999999974    2.40505998962731e-05    6.53827094255123e-10    6.5000765836549e-10    6.49710325209963e-10    8.83373894772236e-10    5.8446952489256e-12    2.40534426599409e-05
31.7519999999974    2.20838726023043e-05    6.19216567495616e-10    6.21769193991728e-10    6.06923843910204e-10    1.99870596741517e-08    1.53369452837183e-11    2.21057229085291e-05
32.2559999999974    2.01989550914373e-05    5.87513746317213e-10    5.88768119620606e-10    5.74165189292125e-10    1.55474437548466e-07    2.85504467360584e-11    2.03562085264878e-05
32.7599999999976    1.80848512795546e-05    5.57401310552994e-10    5.69386643891067e-10    5.33186999559419e-10    7.13981701690483e-07    4.36814064069529e-11    1.88005366376054e-05
33.2639999999978    1.51229811123076e-05    5.2449253306878e-10    5.51696227075718e-10    4.95130059657279e-10    2.3453862074364e-06    5.99995553149069e-11    1.74699986381191e-05
33.767999999998    1.05679976188236e-05    4.98732574255781e-10    5.33300446548398e-10    4.61566388344655e-10    5.87976157184985e-06    7.58438672347811e-11    1.64493286339499e-05
34.2719999999981    4.68178044140374e-06    4.76632456985244e-10    5.13090027061608e-10    4.32873785188475e-10    1.11677911289037e-05    8.80628594111542e-11    1.58510822294361e-05
34.7759999999983    3.69732102872124e-07    4.50687141622573e-10    4.93779473841765e-10    4.05109928052615e-10    1.53062963294241e-05    9.29261812695265e-11    1.5677470935021e-05
35.2799999999985    1.18961323348703e-06    4.27474460649201e-10    4.65683002559636e-10    3.86040790182397e-10    1.44617555504496e-05    8.93869013681499e-11    1.56527373690914e-05
35.7839999999986    5.93291252557613e-06    4.03410302701147e-10    4.40342665090847e-10    3.65986099346265e-10    9.4393108139092e-06    7.68051087874208e-11    1.53735098836613e-05
36.2879999999988    1.0226268561982e-05    3.84244796643877e-10    4.08800645929402e-10    3.53364922320978e-10    4.47081182525632e-06    6.07800658540576e-11    1.4698287577669e-05
36.791999999999    1.21554586665501e-05    3.62054421343501e-10    3.77050047157027e-10    3.43461753676508e-10    1.61768470410067e-06    4.46433392235791e-11    1.37742705802122e-05
37.2959999999991    1.23336548196718e-05    3.45084237361302e-10    3.52565279735308e-10    3.29917566569045e-10    4.52182328537202e-07    2.97869971159335e-11    1.27868945022898e-05
37.7999999999993    1.17452738894798e-05    3.29303727577137e-10    3.31024501972516e-10    3.16312633820813e-10    9.23062955359666e-08    1.78369876649768e-11    1.18385746628668e-05
38.3039999999995    1.09510985307304e-05    3.13987792946275e-10    3.09647810361029e-10    3.05062352013757e-10    1.16107742414235e-08    9.12346646997262e-12    1.09636471263936e-05
38.8079999999996    1.01641866890851e-05    2.96202907902365e-10    2.93720118637588e-10    2.90686716103806e-10    5.66966915828531e-10    3.3791880791036e-12    1.01656376449316e-05
39.3119999999998    9.43783362018601e-06    2.84438263596434e-10    2.77112428170257e-10    2.79094679175468e-10    1.54630251534523e-12    4.77437332195116e-13    9.4386762892968e-06
39.816    8.77474642589674e-06    2.66629094706633e-10    2.6306911561864e-10    2.66788536099631e-10    7.583448345305e-14    1.75355713189019e-13    8.77554316383336e-06
40.3200000000001    8.16872591113986e-06    2.56626776907918e-10    2.54875895421214e-10    2.50273587912911e-10    1.50115499529642e-10    2.16165868469684e-12    8.16963996455832e-06
40.8240000000003    7.6110059793288e-06    2.43243672134032e-10    2.42990857274822e-10    2.39101360857913e-10    3.48069885345529e-09    6.11486320332572e-12    7.61521812893573e-06
41.3280000000005    7.08178456845399e-06    2.33884999751419e-10    2.34105540895393e-10    2.26403026189268e-10    2.52457251247668e-08    1.16540147730848e-11    7.10773634116036e-06
41.8320000000006    6.5386064115543e-06    2.2283910054355e-10    2.27188051043313e-10    2.1318570441535e-10    1.05603082799044e-07    1.83717116145751e-11    6.64489107892096e-06
42.3360000000008    5.90923266191465e-06    2.11827087216539e-10    2.22434224840251e-10    1.99384885417922e-10    3.18298688042572e-07    2.56873513793399e-11    6.22819068350607e-06
42.840000000001    5.0990754972234e-06    2.03973582593444e-10    2.18241905070328e-10    1.8628101875949e-10    7.64730521627563e-07    3.33512203885323e-11    5.86444786657777e-06
43.3440000000012    4.0286353327175e-06    1.94506338098373e-10    2.1224394677052e-10    1.75806415611084e-10    1.53666156337781e-06    4.11381851068723e-11    5.5659205909809e-06
43.8480000000013    2.71161249178101e-06    1.85979642885911e-10    2.0804125061495e-10    1.64783210586071e-10    2.63492230392542e-06    4.76393967587985e-11    5.34714123920727e-06
44.3520000000015    1.34531260810382e-06    1.79861040834936e-10    2.03478659288564e-10    1.54678865850233e-10    3.87085787900164e-06    5.24707193850638e-11    5.21676097639081e-06
44.8560000000017    3.14796258260601e-07    1.72423690465278e-10    1.97197329502243e-10    1.46386050816626e-10    4.85043316077741e-06    5.50776682321734e-11    5.16580050377703e-06
45.3600000000018    9.38197293714512e-09    1.62565410398381e-10    1.89672630692058e-10    1.39434690150444e-10    5.14986967557991e-06    5.47347485587801e-11    5.15979805599686e-06
45.864000000002    5.31832697222268e-07    1.58222286773435e-10    1.81021688499863e-10    1.33602986848128e-10    4.61337988307667e-06    5.14919152045898e-11    5.14573691917626e-06
46.3680000000022    1.58623336381478e-06    1.49622277681342e-10    1.7133376669258e-10    1.2890502189417e-10    3.48860159354526e-06    4.58799579516564e-11    5.07533069838426e-06
46.8720000000023    2.69129688492604e-06    1.43449603564782e-10    1.60472862243157e-10    1.25540270490191e-10    2.23626381559986e-06    3.89539355102807e-11    4.92802911719771e-06
47.3760000000025    3.49411341431704e-06    1.3587922604483e-10    1.50400682909444e-10    1.22077685202868e-10    1.21999815150826e-06    3.13401983781253e-11    4.71455126361784e-06
47.8800000000027    3.89657224086951e-06    1.31859562814206e-10    1.40819968959236e-10    1.18980027458624e-10    5.65050683259421e-07    2.38473723154718e-11    4.46203843106048e-06
48.3840000000028    3.97828133074077e-06    1.26035715366374e-10    1.30596934047516e-10    1.17271845644442e-10    2.1844720468906e-07    1.72150099074831e-11    4.1971196549348e-06
48.888000000003    3.86976278491585e-06    1.20538584480803e-10    1.2253421572472e-10    1.14365044857088e-10    6.75120772511442e-08    1.14476992886633e-11    3.93764374771135e-06
49.3920000000032    3.67689102587642e-06    1.14799901214475e-10    1.15612508383245e-10    1.11092052518142e-10    1.52066786818449e-08    6.81990062917754e-12    3.69244602892101e-06
49.8960000000033    3.46200450127865e-06    1.10358460919851e-10    1.08926745031105e-10    1.08250989604955e-10    2.03808811626833e-09    3.42404761486963e-12    3.46437354963808e-06
50.4000000000035    3.25288202178722e-06    1.0623328922165e-10    1.03978259250831e-10    1.04256470396567e-10    9.47751567578465e-11    1.19514663770222e-12    3.25329246010948e-06
50.9040000000037    3.0577054675179e-06    1.01730258722886e-10    9.89773640883533e-11    1.00844484676321e-10    1.19899463290538e-13    1.25704311319053e-13    3.05800726522916e-06
51.4080000000038    2.87686689825863e-06    9.74251250996138e-11    9.54993974581591e-11    9.63540345705076e-11    1.61803581322136e-13    1.33155597059368e-13    2.87715647177494e-06
51.912000000004    2.70909239504569e-06    9.41153429247759e-11    9.17030843986741e-11    9.26314777577954e-11    1.090748322567e-10    1.11350198046187e-12    2.70948103328501e-06
52.4160000000042    2.55129070039462e-06    9.0595149872767e-11    8.90807043348793e-11    8.81418019079346e-11    2.3279433501195e-09    2.91726996107115e-12    2.55388937867082e-06
52.9200000000044    2.39184996134589e-06    8.617544989583e-11    8.65149076620127e-11    8.39963550227328e-11    1.76003201400558e-08    5.41598274117091e-12    2.40971238418127e-06
53.4240000000045    2.19782592292087e-06    8.3557739383445e-11    8.56758814529709e-11    7.86338669090859e-11    7.94112120787453e-08    8.29403322775338e-12    2.27749329652059e-06
53.9280000000047    1.90189907963089e-06    7.96373310316867e-11    8.43071218095704e-11    7.41473926652268e-11    2.58340625940047e-07    1.15222113640528e-11    2.1604893196278e-06
54.4320000000049    1.41669575922169e-06    7.73215568222989e-11    8.30020888793886e-11    6.99548593741472e-11    6.49331001104767e-07    1.47127113731304e-11    2.0662717515429e-06
54.936000000005    7.39621574558685e-07    7.44465445516167e-11    8.13149188067541e-11    6.63443962637901e-11    1.26560998178116e-06    1.74296700613026e-11    2.00547109186953e-06
55.4400000000052    1.35435856875755e-07    7.17779142185797e-11    7.97939547464874e-11    6.27946938775172e-11    1.84671118727028e-06    1.88288843727221e-11    1.98238023959325e-06
55.9440000000054    4.42470021991131e-08    6.89582093824655e-11    7.6868735377086e-11    6.0442923413474e-11    1.935946876355e-06    1.87351970961062e-11    1.98041888361939e-06
56.4480000000055    5.22499196515386e-07    6.59778362607768e-11    7.42290922193848e-11    5.79094998571879e-11    1.44326335242387e-06    1.67789614850522e-11    1.96597744432908e-06
56.9520000000057    1.12829350243339e-06    6.36884492610615e-11    6.92872545777823e-11    5.74418169905147e-11    7.89175762586042e-07    1.40511641405772e-11    1.9176737337044e-06
57.4560000000059    1.50911310723644e-06    6.13392278266687e-11    6.53892566332419e-11    5.62717950244483e-11    3.30919096615896e-07    1.07695799148939e-11    1.84022597371174e-06
57.960000000006    1.6403481422364e-06    5.9422007018497e-11    6.16689272341346e-11    5.52370554880151e-11    1.08690050246862e-07    7.61889898311664e-12    1.74922213937198e-06
58.4640000000062    1.62910306284395e-06    5.64453976702045e-11    5.79536276403261e-11    5.44754697351211e-11    2.71722871455586e-08    4.94585520898466e-12    1.65644917033976e-06
58.9680000000064    1.56257118245057e-06    5.56167859433229e-11    5.53232559121549e-11    5.29387829485158e-11    4.6363110501454e-09    2.79411993562485e-12    1.56737416644545e-06
59.4720000000065    1.4830734127567e-06    5.29376084022212e-11    5.18969582313781e-11    5.2441893052959e-11    4.08020159680621e-10    1.2801158658402e-12    1.48363998949194e-06
59.9760000000067    1.40517765364512e-06    5.11580465321145e-11    5.01565908627145e-11    5.04594195595815e-11    7.69977187549804e-12    3.45179182921449e-13    1.40533747265314e-06
60.4800000000069    1.33198112932459e-06    4.92609443481236e-11    4.80645469278388e-11    4.90344940187792e-11    4.34962050698353e-18    2.86822377665559e-15    1.33212749218246e-06
60.984000000007    1.26347973596621e-06    4.7686693104677e-11    4.62503177270117e-11    4.74943676423769e-11    1.87760106527314e-12    2.17043488371069e-13    1.26362326198924e-06
61.4880000000072    1.19917867450682e-06    4.5776489191953e-11    4.51092515488848e-11    4.54325257563368e-11    1.52667280288937e-10    9.25257377968773e-13    1.19946858531098e-06
61.9920000000074    1.13746726915312e-06    4.43483931744812e-11    4.42130064512447e-11    4.32971007612859e-11    1.76668577545918e-09    2.04485419250587e-12    1.13936785828316e-06
62.4960000000075    1.07351115369076e-06    4.31838411164229e-11    4.33132813504364e-11    4.13143246567798e-11    9.54517728765974e-09    3.52642296767033e-12    1.08318766884851e-06
63.0000000000077    9.96949288698516e-07    4.14988447573025e-11    4.30516201618369e-11    3.89097296249702e-11    3.40865490765793e-08    5.19989483100084e-12    1.03116449786447e-06
63.5040000000079    8.91100922068719e-07    4.0052084437639e-11    4.26486329152028e-11    3.68137464011501e-11    9.29542782112902e-08    7.03550227507431e-12    9.84181750246039e-07
64.008000000008    7.36965446584587e-07    3.87568941501718e-11    4.23876871966654e-11    3.47464465962439e-11    2.06883083134887e-07    8.87643422103522e-12    9.43973297181639e-07
64.5120000000078    5.26465756161234e-07    3.73628533933292e-11    4.23837746105335e-11    3.25828610685823e-11    3.86355528839441e-07    1.05236857974231e-11    9.12944138175545e-07
65.0160000000075    2.84242048451936e-07    3.65125192636895e-11    4.1750740638192e-11    3.10548431489765e-11    6.088258109927e-07    1.19117154317019e-11    8.93189089263118e-07
65.5200000000072    7.99763069094723e-08    3.55791176329207e-11    4.0788631242833e-11    2.97921378428228e-11    8.04533751758549e-07    1.28167356152058e-11    8.84629035290355e-07
66.0240000000069    4.26666777789412e-11    3.39953094081523e-11    4.01015915613919e-11    2.83707728375352e-11    8.83147033474788e-07    1.2831739736279e-11    8.83304999566111e-07
66.5280000000066    8.10369821596668e-08    3.2939582980551e-11    3.89572982408872e-11    2.7315789277355e-11    8.00750450501014e-07    1.21326161933361e-11    8.81898777947373e-07
67.0320000000064    2.72422163370957e-07    3.19030748398776e-11    3.66903553371672e-11    2.71256751213847e-11    6.0070542726001e-07    1.10446889880405e-11    8.73234354425254e-07
67.5360000000061    4.78304771156415e-07    3.10744033064379e-11    3.48874080695624e-11    2.66349534425364e-11    3.75657504258646e-07    9.36210467741139e-12    8.54064234284557e-07
68.0400000000058    6.28342939671911e-07    2.98311971053871e-11    3.32411839679256e-11    2.60735603736148e-11    1.97290542775485e-07    7.47773474644162e-12    8.2573010612359e-07
68.5440000000055    7.04890255087684e-07    2.86560526046493e-11    3.0939592534592e-11    2.61817312930788e-11    8.69162401996392e-08    5.74141594941601e-12    7.91898014079704e-07
69.0480000000052    7.24514376565821e-07    2.82096557321602e-11    2.92706566001718e-11    2.58622490143142e-11    3.14918880872855e-08    4.07519830964947e-12    7.56093682412763e-07
69.552000000005    7.11631412171235e-07    2.69472519323743e-11    2.76814930736612e-11    2.556946670419e-11    8.90200027047694e-09    2.6766272385375e-12    7.20616287280661e-07
70.0560000000047    6.84755912244581e-07    2.61954485997396e-11    2.60820399810972e-11    2.54261866441531e-11    1.74827330602274e-09    1.55170731257616e-12    6.86583440933142e-07
70.5600000000044    6.54108999648357e-07    2.54240534805811e-11    2.49605506738859e-11    2.48997252995212e-11    1.82599862591187e-10    7.24981015026672e-13    6.54367608821417e-07
71.0640000000041    6.23911744662486e-07    2.45780357039e-11    2.39905196697486e-11    2.4311663638691e-11    4.56507379937021e-12    2.08411808294087e-13    6.23989398367106e-07
71.5680000000038    5.95280685060952e-07    2.38337160888936e-11    2.31436119707135e-11    2.36708941695337e-11    4.66444412976413e-17    4.43119576769174e-15    5.95351337761022e-07
72.0720000000036    5.68268244663796e-07    2.31834720223032e-11    2.23277261763227e-11    2.30631594898059e-11    5.78454694312255e-13    9.99085513581537e-14    5.6833749738473e-07
72.5760000000033    5.42704610155654e-07    2.24320383016368e-11    2.20201105035516e-11    2.20016349230491e-11    6.78502074713238e-11    4.60297634227462e-13    5.42839374444488e-07
73.080000000003    5.17764351936156e-07    2.17480617415812e-11    2.1565231174174e-11    2.11501998857681e-11    9.4063683887363e-10    1.05808423779227e-12    5.18770510352069e-07
73.5840000000027    4.90234164191169e-07    2.12484826820923e-11    2.13741424784046e-11    2.01165584356605e-11    5.82926606083199e-09    1.82825760218444e-12    4.96127997693199e-07
74.0880000000025    4.51723982772288e-07    2.04829146333744e-11    2.11905225565881e-11    1.91462506696076e-11    2.33635256659966e-08    2.73901139471305e-12    4.75151067137539e-07
74.5920000000022    3.86677148756573e-07    1.99245354941883e-11    2.12107498080886e-11    1.80537622284257e-11    6.98464553842216e-08    3.70430067184186e-12    4.56586497488997e-07
75.0960000000019    2.78221225215113e-07    1.93187631573991e-11    2.10162160097305e-11    1.72091431999102e-11    1.63618574463033e-07    4.67105654667065e-12    4.4190201485706e-07
75.6000000000016    1.33844672573564e-07    1.87796344991711e-11    2.09870140002186e-11    1.6298490518236e-11    2.98973096784667e-07    5.38263842865807e-12    4.32879217135677e-07
76.1040000000013    1.80420451317366e-08    1.82838033815179e-11    2.07275208895011e-11    1.55571661504293e-11    4.117431091364e-07    5.78167710092964e-12    4.29845504435659e-07
76.6080000000011    1.62992987242164e-08    1.77075840811376e-11    2.00658516296656e-11    1.51685107654496e-11    4.13230754446462e-07    5.70654008924199e-12    4.29588701657244e-07
77.1120000000008    1.25476540494876e-07    1.72124714358584e-11    1.92815694089065e-11    1.48765203253039e-11    3.01154542831911e-07    5.13886576204194e-12    4.26687592753718e-07
77.6160000000005    2.53794406481465e-07    1.66804357292449e-11    1.82640083607002e-11    1.47701034709102e-11    1.64249396166552e-07    4.30244081758597e-12    4.18097819636396e-07
78.1200000000002    3.35054339250786e-07    1.62226748488778e-11    1.73864038877454e-11    1.45985650596959e-11    6.96315418700275e-08    3.30504119064713e-12    4.04737393805801e-07
78.6239999999999    3.65728099482572e-07    1.57178804608655e-11    1.63861597712931e-11    1.45809728358169e-11    2.32742517518679e-08    2.37649416989218e-12    3.89051412741677e-07
79.1279999999997    3.6691409718385e-07    1.53064602857849e-11    1.54930837664515e-11    1.45336606943031e-11    5.93315817061682e-09    1.55462464642825e-12    3.7289414318386e-07
79.6319999999994    3.56084531868975e-07    1.48578339984931e-11    1.48141894220581e-11    1.43258307115046e-11    1.03181513387485e-09    8.93040417230481e-13    3.57161237897399e-07
80.1359999999991    3.4201462637872e-07    1.43872181373707e-11    1.41641601045716e-11    1.41460530682686e-11    9.2322264866991e-11    4.07975755444366e-13    3.42150054050653e-07
80.6399999999988    3.27860401873042e-07    1.40752986530913e-11    1.36672967871982e-11    1.38484065568127e-11    1.75623482874821e-12    1.10606370045338e-13    3.27903859716238e-07
81.1439999999985    3.14350046914961e-07    1.36147581551327e-11    1.31681825190998e-11    1.35890711182862e-11    7.7726769680182e-19    8.60389299657294e-16    3.1439041978792e-07
81.6479999999983    3.01526045627538e-07    1.33816990759798e-11    1.28169932864666e-11    1.32078886417358e-11    4.72223642238215e-13    7.27240368855268e-14    3.01565997156221e-07
82.151999999998    2.89312231829989e-07    1.29415536474796e-11    1.26496751792177e-11    1.26670338409039e-11    3.84801030104917e-11    3.07719651144726e-13    2.89389277915318e-07
82.6559999999977    2.77338700594266e-07    1.25404403174117e-11    1.24839818583602e-11    1.21612852325421e-11    4.51257626004123e-10    6.81620117430066e-13    2.77827825547796e-07
83.1599999999974    2.64366722860854e-07    1.21960790306714e-11    1.24339912711718e-11    1.15762825991951e-11    2.47584576120526e-09    1.16590661669565e-12    2.66879940881577e-07
83.6639999999971    2.47605451097449e-07    1.18316866019014e-11    1.23224563131359e-11    1.10917277791476e-11    8.97869951307565e-09    1.73971669619251e-12    2.56621136197915e-07
84.1679999999969    2.22402474436629e-07    1.16168359721393e-11    1.24065478961833e-11    1.0462904577278e-11    2.48301645127218e-08    2.34697267526662e-12    2.47269472210472e-07
84.6719999999966    1.83346206131603e-07    1.13166171009515e-11    1.24603501706495e-11    9.90419448719126e-12    5.58547629994617e-08    2.95989933631748e-12    2.3923761019216e-07
85.1759999999963    1.28275536967058e-07    1.09988934529872e-11    1.24607145312917e-11    9.41360159380946e-12    1.04781189488931e-07    3.53455033644656e-12    2.33093134215903e-07
85.679999999996    6.49956971275426e-08    1.07078398550939e-11    1.24518226812669e-11    8.95196094587827e-12    1.64284552986471e-07    3.9737329587125e-12    2.29316335470454e-07
86.1839999999957    1.45414548900214e-08    1.04124516577031e-11    1.22374775655925e-11    8.65611868195697e-12    2.13264631817809e-07    4.25188350754103e-12    2.27841644639244e-07
86.6879999999955    9.43773138882074e-10    1.01933429888175e-11    1.20623066061737e-11    8.3252267348665e-12    2.26704913226063e-07    4.24163680432346e-12    2.27683508878079e-07
87.1919999999952    3.07179882402451e-08    9.94616454188414e-12    1.15978438092411e-11    8.22220026262895e-12    1.96423570478139e-07    4.01802126896626e-12    2.27175342948267e-07
87.6959999999949    8.54727220513128e-08    9.65667253435792e-12    1.11681815578332e-11    8.0700881124631e-12    1.39366748923811e-07    3.56985557909471e-12    2.24871935772908e-07
88.1999999999946    1.38445078955253e-07    9.4561211063079e-12    1.05625503356622e-11    8.08586916210175e-12    8.18358728794868e-08    3.00763698989334e-12    2.20312064012334e-07
88.7039999999944    1.73840210912556e-07    9.18116883633235e-12    1.00237370855635e-11    8.05741081019188e-12    4.00905301247733e-08    2.38670520653918e-12    2.13960390059268e-07
89.2079999999941    1.90288442612296e-07    8.91460978210078e-12    9.45154606757341e-12    8.08487088708086e-12    1.63068616003529e-08    1.79309322410085e-12    2.0662354833261e-07
89.7119999999938    1.93604219095459e-07    8.64701796900297e-12    8.99814281168406e-12    8.04327210988788e-12    5.34666177604942e-09    1.24176437872748e-12    1.98977811068778e-07
90.2159999999935    1.90085357681543e-07    8.4149561429443e-12    8.52496656197903e-12    8.05084273057197e-12    1.31303207331258e-09    7.83328330392023e-13    1.91424163848621e-07
90.7199999999932    1.83911162113496e-07    8.25343595777035e-12    8.09356685330555e-12    8.04412650937415e-12    2.05100575880414e-10    4.26079573836334e-13    1.8414107989827e-07
91.223999999993    1.7714385188558e-07    8.08179675947633e-12    7.83399360116739e-12    7.89185233150009e-12    1.35284377776588e-11    1.69893956327041e-13    1.77181357860006e-07
91.7279999999927    1.70521399166084e-07    7.87476861264139e-12    7.53542131419032e-12    7.79555111029722e-12    7.95406573072534e-14    3.07514444941044e-14    1.70544715199223e-07
92.2319999999924    1.64193221021191e-07    7.61695815116307e-12    7.35885688110482e-12    7.59011136938367e-12    1.67857386674827e-16    3.81267278149197e-15    1.64215790928123e-07
92.7359999999921    1.58153556177551e-07    7.4769149573934e-12    7.21963467009471e-12    7.3600717252731e-12    2.06344578176748e-12    8.54852467549059e-14    1.58177761729932e-07
93.2399999999918    1.52324848851461e-07    7.30773233174142e-12    7.05966127429114e-12    7.16574645111712e-12    6.88482763873488e-11    2.64295488281772e-13    1.52415494563394e-07
93.7439999999916    1.46277256513726e-07    7.14845818239356e-12    7.11730836785698e-12    6.77016732147103e-12    6.23289927063045e-10    5.16982037784794e-13    1.46922099356699e-07
94.2479999999913    1.38595756056733e-07    6.97803196175312e-12    7.07283085912505e-12    6.49736611562205e-12    3.10457681459237e-09    8.38153842573492e-13    1.41721719254105e-07
94.751999999991    1.26071457601879e-07    6.74777558862549e-12    7.05416223698317e-12    6.21789292831713e-12    1.08252188139468e-08    1.20404987860415e-12    1.36917900296458e-07
95.2559999999907    1.03656892301588e-07    6.59617740767453e-12    7.13544366237892e-12    5.86605783389862e-12    2.9081881107765e-08    1.57233143768816e-12    1.32759943419694e-07
95.7599999999904    6.78630484379227e-08    6.45538562994689e-12    7.15872802370243e-12    5.58496010892176e-12    6.1776255603738e-08    1.9149484536198e-12    1.29660418063877e-07
96.2639999999902    2.58851674365216e-08    6.30729954821462e-12    7.13815784817222e-12    5.35317661346072e-12    1.02091164227846e-07    2.16349303405885e-12    1.27997293791411e-07
96.7679999999899    8.19954111738709e-10    6.18076660970326e-12    7.07419752859748e-12    5.14757679775179e-12    1.26769709975424e-07    2.2580827087395e-12    1.27610324710808e-07
97.2719999999896    1.19931009079352e-08    6.01140113329732e-12    6.90636458432594e-12    5.022819755042e-12    1.15475887458907e-07    2.16691515525462e-12    1.2748909586747e-07
97.7759999999893    4.86384174669907e-08    5.83386529526509e-12    6.61796892495004e-12    4.99233926161094e-12    7.77609670518174e-08    1.92304604221531e-12    1.26418751738332e-07
98.279999999989    8.39400609563198e-08    5.76368400576323e-12    6.2984974603705e-12    4.98803734656999e-12    4.00039662963201e-08    1.58163277652546e-12    1.23962659104229e-07
98.7839999999888    1.04260190543742e-07    5.61185702434181e-12    5.94998655700757e-12    5.02150033265954e-12    1.62125059037101e-08    1.21431499520166e-12    1.20490494106361e-07
99.2879999999885    1.11360968838847e-07    5.45524944900589e-12    5.62041789693289e-12    5.0581774298139e-12    5.18423985844786e-09    8.63535017952159e-13    1.16562206077089e-07
99.7919999999882    1.11295204480052e-07    5.36863274148665e-12    5.36209242342967e-12    5.05044410683064e-12    1.24465391123302e-09    5.51599140643285e-13    1.12556191159698e-07
100.295999999988    1.08434967143837e-07    5.19982638015063e-12    5.150143003545e-12    5.00947196867021e-12    1.95272097061226e-10    3.04996455138256e-13    1.08645903678706e-07
100.799999999988    1.04857646061335e-07    5.10225699401604e-12    4.90985391651044e-12    5.00937595190818e-12    1.40456089005973e-11    1.32175937294224e-13    1.04886845333035e-07
101.303999999987    1.01271794403217e-07    4.97218687248903e-12    4.78076338221557e-12    4.90945679792045e-12    1.33616071873621e-13    2.84578494339011e-14    1.01286618884191e-07
101.807999999987    9.78250902848075e-08    4.86591986332537e-12    4.62584242328564e-12    4.84494853858505e-12    1.45701983942099e-18    6.32109180622875e-16    9.78394276291989e-08
102.311999999987    9.45230515824258e-08    4.71960158284668e-12    4.59429739153226e-12    4.65955486053053e-12    5.73864055093419e-13    4.56052340616192e-14    9.45376445055498e-08
102.815999999987    9.13361757405553e-08    4.63983321201698e-12    4.49829700587683e-12    4.54929624675005e-12    2.4204838197927e-11    1.56825938718407e-13    9.13742248311566e-08
103.319999999986    8.81019277838517e-08    4.52938252226355e-12    4.48195078675057e-12    4.36794918230847e-12    2.29379854430292e-10    3.22113249846656e-13    8.83450090340232e-08
103.823999999986    8.43064344883809e-08    4.4368785228862e-12    4.49393889437174e-12    4.17069271333217e-12    1.13638360588406e-09    5.30694920276373e-13    8.54564502993159e-08
104.327999999986    7.88438897643111e-08    4.32636205742711e-12    4.52526911846488e-12    3.9677439121098e-12    3.88327782576002e-09    7.70774245723159e-13    8.27407577394048e-08
104.831999999985    6.99579032230714e-08    4.24401884044403e-12    4.53318931359717e-12    3.7978977824613e-12    1.03045647355374e-08    1.03369764539303e-12    8.02760767621907e-08
105.335999999985    5.58187771475607e-08    4.14495593141152e-12    4.58897887966824e-12    3.59635062482357e-12    2.23669832123806e-08    1.2872833865303e-12    7.81993779287637e-08
105.839999999985    3.62931222640251e-08    4.03738636294303e-12    4.6388153938774e-12    3.41278555228035e-12    4.03769265452306e-08    1.50690946541077e-12    7.66836447060303e-08
106.343999999985    1.54406826357939e-08    3.95216388384214e-12    4.65833135660169e-12    3.25781652393499e-12    6.03909362322748e-08    1.66718842062723e-12    7.58451543682537e-08
106.847999999984    1.67830174788329e-09    3.87723476821626e-12    4.61160071582799e-12    3.15109129699252e-12    7.39047763796866e-08    1.7479158746566e-12    7.55964659702255e-08
107.351999999984    2.34001778435449e-09    3.84991029210563e-12    4.55245081434704e-12    3.05775284035288e-12    7.32203521538812e-08    1.70432404807539e-12    7.55735343762306e-08
107.855999999984    1.6611724830621e-08    3.72523936805075e-12    4.39757220764854e-12    3.02419816685672e-12    5.8660993798009e-08    1.58226889402947e-12    7.52854479072666e-08
108.359999999983    3.6046695538086e-08    3.65549418499446e-12    4.17437110499348e-12    3.04085704672948e-12    3.83452987955972e-08    1.39518617088526e-12    7.44042602421908e-08
108.863999999983    5.21910942889993e-08    3.55089723284891e-12    3.96364977761675e-12    3.06042693043965e-12    2.07073226255453e-08    1.14918957878081e-12    7.29101410780643e-08
109.367999999983    6.16927427508803e-08    3.47793831717995e-12    3.75510470741746e-12    3.08305551536722e-12    9.28761410137731e-09    8.94450493584725e-13    7.09915674012912e-08
109.871999999983    6.54460836062529e-08    3.40328339414312e-12    3.58138389665355e-12    3.08646269347393e-12    3.41357649661234e-09    6.4793105061591e-13    6.88703791639001e-08
110.375999999982    6.57133163933537e-08    3.33069725429691e-12    3.39644403126484e-12    3.1112947188771e-12    9.8108958209211e-10    4.34094595121103e-13    6.67046785060453e-08
110.879999999982    6.4369881943735e-08    3.26228283541585e-12    3.23091082190992e-12    3.12766340044022e-12    1.97839001276566e-10    2.58742540066573e-13    6.45776005446094e-08
111.383999999982    6.24904149669443e-08    3.19026384954438e-12    3.0872650596668e-12    3.13349055432841e-12    2.17824046323598e-11    1.24985320043499e-13    6.25217333763602e-08
111.887999999982    6.05347685793448e-08    3.12669464308369e-12    2.9911294227041e-12    3.09707544425754e-12    6.30318493160159e-13    3.84295438859556e-14    6.05446522268919e-08
112.391999999981    5.86358899306862e-08    3.04676693265238e-12    2.91855894202839e-12    3.04172772550619e-12    3.2603896161351e-17    1.41007025524381e-15    5.86448984269606e-08
112.895999999981    5.68101950284011e-08    2.99397957925225e-12    2.86644468457568e-12    2.96918135417704e-12    3.44672911561518e-14    1.41251348378666e-14    5.68190732264451e-08
113.399999999981    5.50497240583772e-08    2.95406532258981e-12    2.81505707148969e-12    2.90018715122762e-12    5.32938003133329e-12    7.30467591966516e-14    5.5063795794713e-08
113.90399999998    5.32883015447664e-08    2.86196645090849e-12    2.81534745216692e-12    2.78433570632179e-12    7.97188224661359e-11    1.70008229778466e-13    5.33766520250717e-08
114.40799999998    5.12400685563239e-08    2.81701144264733e-12    2.83561058646454e-12    2.65521972522166e-12    5.11434101948638e-10    2.98867751940503e-13    5.17601093677788e-08
114.91199999998    4.81307879935799e-08    2.78310407949789e-12    2.84409964727366e-12    2.54484524402912e-12    2.09245838390654e-09    4.54114222726969e-13    5.023187254068e-08
115.41599999998    4.24694251984023e-08    2.7212819255131e-12    2.88365906896254e-12    2.41374436491104e-12    6.36496704600674e-09    6.19523729525322e-13    4.8843030453498e-08
115.919999999979    3.24358602870144e-08    2.64204339939553e-12    2.90545473762546e-12    2.30390906826975e-12    1.52511175855949e-08    7.87797952861587e-13    4.76956170777674e-08
116.423999999979    1.7991986726449e-08    2.60097709756331e-12    2.94408331393619e-12    2.18935678620512e-12    2.89255093630718e-08    9.21609378935456e-13    4.69261521160975e-08
116.927999999979    4.2789317578332e-09    2.54022025996346e-12    2.9294669404507e-12    2.11359082589153e-12    4.23149135534485e-08    1.01495613512941e-12    4.66024435454432e-08
117.431999999978    3.03670203415311e-10    2.49618427401101e-12    2.88011757183341e-12    2.06785125986736e-12    4.6254471971708e-08    1.02718491698044e-12    4.6566613513146e-08
117.935999999978    9.07978113139156e-09    2.44010496446036e-12    2.78450854757386e-12    2.05132076458579e-12    3.73609429114809e-08    9.63649348689402e-13    4.64489636264978e-08
118.439999999978    2.32131110341641e-08    2.39072727647543e-12    2.68805235665464e-12    2.03554775227374e-12    2.27308711797602e-08    8.28309574171428e-13    4.59519248508838e-08
118.943999999978    3.42743670729938e-08    2.36934904669989e-12    2.5743901600057e-12    2.03681240908741e-12    1.07705714879122e-08    6.61564967568859e-13    4.50525806774894e-08
119.447999999977    3.98394086715976e-08    2.30752895168672e-12    2.43086194112621e-12    2.06655683995312e-12    4.05591714511983e-09    4.98490426921018e-13    4.39026292548771e-08
119.951999999977    4.14540265167936e-08    2.26275934301583e-12    2.2884104234512e-12    2.10484320647792e-12    1.19479796428668e-09    3.4699665669687e-13    4.26558274907099e-08
120.455999999977    4.11403576619182e-08    2.20566342935807e-12    2.20882731895448e-12    2.09101965914849e-12    2.55293028654362e-10    2.12928704319776e-13    4.14023691296843e-08
120.959999999976    4.01407784973391e-08    2.17939602093514e-12    2.1089240218309e-12    2.10294932828281e-12    3.26955646507923e-11    1.1073742064654e-13    4.01799760687816e-08
121.463999999976    3.89916611426174e-08    2.120180215673e-12    2.03309741228433e-12    2.09454974709492e-12    1.49599727134202e-12    4.09861039504228e-14    3.89994459533678e-08
121.967999999976    3.78555070615147e-08    2.08393324819088e-12    1.98489831470281e-12    2.0622322537601e-12    2.28539824260852e-15    4.79219146759155e-15    3.78616452029211e-08
122.471999999976    3.67589991584413e-08    2.05476946696383e-12    1.94637233794715e-12    2.02235378496205e-12    1.32756967621576e-15    4.03326841188493e-15    3.67650280148693e-08
122.975999999975    3.57008160695641e-08    1.9990935491827e-12    1.90206055305131e-12    1.99070390092815e-12    1.08833151789338e-12    3.70998713666003e-14    3.57078333589565e-08
123.479999999975    3.46597948531972e-08    1.95995366280246e-12    1.91990376530878e-12    1.89870900974114e-12    2.29154225563126e-11    9.82860033293332e-14    3.46885871281946e-08
123.983999999975    3.35353847991441e-08    1.94090889990904e-12    1.92882964984238e-12    1.82016413909355e-12    1.66124796131384e-10    1.84067110114282e-13    3.37073835650745e-08
124.487999999975    3.20490667029186e-08    1.8854216305764e-12    1.93197917302647e-12    1.75253874795309e-12    7.144838259231e-10    2.90213794423516e-13    3.27694106821877e-08
124.991999999974    2.96531652617308e-08    1.86861588447005e-12    1.95454853790435e-12    1.67102992776356e-12    2.23209764497331e-09    4.08507541401357e-13    3.18911656085956e-08
125.495999999974    2.55651866301156e-08    1.82071918481639e-12    1.98252173436574e-12    1.58915959194481e-12    5.53652246542505e-09    5.32188665685242e-13    3.11076336847175e-08
125.999999999974    1.91628256181658e-08    1.79776885341667e-12    2.01014219164575e-12    1.51230513303989e-12    1.13053416963187e-08    6.50196434836365e-13    3.04741377270974e-08
126.503999999973    1.09173110603751e-08    1.75892643131839e-12    2.03752462622388e-12    1.43976400576929e-12    1.91269874756249e-08    7.45532817367144e-13    3.00502802838807e-08
127.007999999973    3.30111436096389e-09    1.72309559123045e-12    2.03324161046093e-12    1.39232845109511e-12    2.65494367481756e-08    8.11667542327425e-13    2.98565114423346e-08
127.511999999973    4.47843250639855e-12    1.6935342940141e-12    2.00779563941644e-12    1.35921390197121e-12    2.98133933862467e-08    8.30707999660475e-13    2.98237630705882e-08
128.015999999973    2.90969236751422e-09    1.65781375869699e-12    1.96703945948621e-12    1.334530945457e-12    2.68807161555739e-08    7.9618526273007e-13    2.97961640925145e-08
128.519999999973    1.00674964361604e-08    1.63343276796471e-12    1.89699513710017e-12    1.33189220010371e-12    1.95429934853262e-08    7.18405623519181e-13    2.96160706472153e-08
129.023999999974    1.76057535194922e-08    1.58719586532091e-12    1.80917566543243e-12    1.34095690865746e-12    1.1605332760133e-08    6.13722592605976e-13    2.92164373306572e-08
129.527999999974    2.29295169845932e-08    1.55914386461953e-12    1.73066128342364e-12    1.34620542519e-12    5.6954891740125e-09    4.90356400561097e-13    2.86301325255795e-08
130.031999999975    2.56217245144729e-08    1.53728702084412e-12    1.63370672766682e-12    1.37027218084551e-12    2.30648264385981e-09    3.72260117209326e-13    2.79331206843793e-08
130.535999999976    2.64383746956898e-08    1.52117003461379e-12    1.54949008075065e-12    1.38930023107514e-12    7.49633959484449e-10    2.61301967957686e-13    2.71927299174887e-08
131.039999999976    2.62637984463977e-08    1.48275346843347e-12    1.468998639769e-12    1.408942995292e-12    1.81643858844935e-10    1.67117430098648e-13    2.64499701177763e-08
131.543999999977    2.56915801507489e-08    1.4645003921747e-12    1.41034440075875e-12    1.41264673458839e-12    2.77675309852306e-11    9.02620662027475e-14    2.57237254353279e-08
132.047999999978    2.50142418519089e-08    1.43467767721605e-12    1.36275875415571e-12    1.40787292303449e-12    1.75352557757638e-12    3.62339962199623e-14    2.50202369208371e-08
132.551999999978    2.43362396022549e-08    1.39560069234315e-12    1.32648274917596e-12    1.39371266331696e-12    8.81269719952482e-15    6.20138085838337e-15    2.43403704124378e-08
133.055999999979    2.36793682214737e-08    1.38967471778041e-12    1.29772296428045e-12    1.3734655233484e-12    4.80029244969e-17    1.10320390390672e-15    2.36834302358859e-08
133.559999999979    2.30441539352541e-08    1.3628813166546e-12    1.28193966553324e-12    1.34149990498995e-12    3.44394783802557e-13    2.01188743531206e-14    2.30485047697994e-08
134.06399999998    2.24201006936749e-08    1.33108604983074e-12    1.27950462409917e-12    1.29684602082967e-12    1.07338128535647e-11    6.13115724718824e-14    2.24348032547957e-08
134.567999999981    2.1743947602446e-08    1.30437278581391e-12    1.28297374804931e-12    1.24959282392643e-12    9.44763450311837e-11    1.19717192199718e-13    2.18423806040272e-08
135.071999999981    2.08075864786976e-08    1.28547013321875e-12    1.30103198581231e-12    1.19116022732891e-12    4.63062080025965e-10    1.91621225572398e-13    2.12746178422954e-08
135.575999999982    1.91415111407754e-08    1.26019071097514e-12    1.31739705638554e-12    1.13714686595401e-12    1.59796493213665e-09    2.74645773423379e-13    2.07434654533188e-08
136.079999999982    1.600402883737e-08    1.24635077560676e-12    1.33412130761891e-12    1.08636642127155e-12    4.26861537722136e-09    3.61202654358524e-13    2.02766722557502e-08
136.583999999983    1.08401326210457e-08    1.22197067935239e-12    1.35258240605649e-12    1.03702774474046e-12    9.07602143340579e-09    4.40846921485039e-13    1.99202064822032e-08
137.087999999984    4.54024013311181e-09    1.20540409693976e-12    1.37373439238259e-12    9.87207095997062e-13    1.51745264496944e-08    4.97992174784428e-13    1.97188309205663e-08
137.591999999984    3.13614159910643e-10    1.1830107117435e-12    1.37563138028753e-12    9.53078149190129e-13    1.93463596611188e-08    5.2261364062371e-13    1.96640081549113e-08
138.095999999985    1.27961974014935e-09    1.16217611040142e-12    1.34917303409738e-12    9.36713819953281e-13    1.83716981622913e-08    5.11600235997827e-13    1.96552775656411e-08
138.599999999986    6.51316679623577e-09    1.14236169003869e-12    1.29899996502001e-12    9.39204175416664e-13    1.30398393330654e-08    4.63152051125549e-13    1.95568498471827e-08
139.103999999986    1.21894411504789e-08    1.11646342432878e-12    1.24027408431749e-12    9.48177571669552e-13    7.11135507065516e-09    3.89165001241926e-13    1.93044903012157e-08
139.607999999987    1.58545940264574e-08    1.10051999089456e-12    1.17581201516419e-12    9.62214171608339e-13    3.06772410640573e-09    3.0673698057282e-13    1.89258634160214e-08
140.111999999987    1.74249009814053e-08    1.0737656772289e-12    1.12422628028918e-12    9.70153486225443e-13    1.05267122151816e-09    2.21343665660116e-13    1.84809616920328e-08
140.615999999988    1.77360256555573e-08    1.06149112944906e-12    1.06537434742771e-12    9.86752034497223e-13    2.76441288687668e-10    1.48009218662506e-13    1.8015728570975e-08
141.119999999989    1.75008778908359e-08    1.04518866220228e-12    1.0182990807199e-12    9.9562463574169e-13    4.95727247796489e-11    8.65593461032244e-14    1.75535962873403e-08
141.623999999989    1.70956630701989e-08    1.02166278479458e-12    9.82423599442478e-13    9.96065423690855e-13    4.5756715873471e-12    4.00698692631462e-14    1.71032789634635e-08
142.12799999999    1.66637882467441e-08    1.00810076692805e-12    9.51541796829142e-13    9.92593492066045e-13    8.99731713244025e-14    1.13172230022926e-14    1.66668417731942e-08
142.63199999999    1.62413043465102e-08    9.87165631172893e-13    9.23431182170355e-13    9.88478169453634e-13    4.45396932774311e-20    9.04780653816031e-17    1.62442035120156e-08
143.135999999991    1.58319946098465e-08    9.69213273161784e-13    9.18448369551612e-13    9.60656203651299e-13    2.51514403380843e-14    7.56462151560113e-15    1.58348756437547e-08
143.639999999992    1.54334180442117e-08    9.59492349759542e-13    9.1275820941852e-13    9.35469968519335e-13    2.11810800268639e-12    3.13082778134207e-14    1.54383751810199e-08
144.143999999992    1.50260522091914e-08    9.39660777926777e-13    9.15340097152955e-13    9.03055801356602e-13    2.5565261990298e-11    6.97837992147772e-14    1.50544453116573e-08
144.647999999993    1.45369106986956e-08    9.23500708007341e-13    9.23007618005438e-13    8.67897211217792e-13    1.4414661468304e-10    1.19896269932905e-13    1.46838916151858e-08
145.151999999994    1.37912348762307e-08    9.14669567179168e-13    9.32525873418896e-13    8.31255131984848e-13    5.36362307467412e-10    1.80894040039006e-13    1.43304565283108e-08
145.655999999994    1.24832195754972e-08    8.94973048600697e-13    9.52723078656553e-13    7.884323348131e-13    1.51758092866137e-09    2.44843009823433e-13    1.40036814756305e-08
146.159999999995    1.02451171819546e-08    8.78229919683933e-13    9.78956805803247e-13    7.45138974363203e-13    3.47342422314909e-09    3.05973300656683e-13    1.37214497041042e-08
146.663999999995    6.9406286676628e-09    8.66643190617181e-13    9.91771291351651e-13    7.14419320931486e-13    6.56484455923038e-09    3.64386234181211e-13    1.35084104469303e-08
147.167999999996    3.16917694720938e-09    8.54825666459024e-13    1.00534975487186e-12    6.82421723413994e-13    1.02124600180286e-08    4.08185163863073e-13    1.33845877475466e-08
147.671999999997    4.49752534601831e-10    8.40741559218392e-13    9.98866058191894e-13    6.6536042162647e-13    1.28913584139314e-08    4.33881895608083e-13    1.33440497984679e-08
148.175999999997    3.00077000193807e-10    8.25722388063316e-13    9.86233949769931e-13    6.51349168893433e-13    1.30378542544786e-08    4.30957472820343e-13    1.3340825517652e-08
148.679999999998    2.75987764714845e-09    8.14124431252605e-13    9.55095170481234e-13    6.50919533505687e-13    1.05441216313931e-08    4.03058439482094e-13    1.33068224761163e-08
149.183999999998    6.30261572238427e-09    8.00772395616998e-13    9.17612282538838e-13    6.54222032549418e-13    6.88839788294365e-09    3.54193796748983e-13    1.31937404058354e-08
149.687999999999    9.30450413847198e-09    7.88135812500393e-13    8.75546394284156e-13    6.61676249436976e-13    3.68917129647478e-09    2.93207691845533e-13    1.29962940010948e-08
150.192    1.1105232803113e-08    7.76706937876069e-13    8.29738053155041e-13    6.72464916999225e-13    1.63142658116409e-09    2.30491622386249e-13    1.27391687858075e-08
150.696    1.18619598077618e-08    7.62490593524852e-13    7.85483302973961e-13    6.86070597196317e-13    5.87872709352487e-10    1.68712614496377e-13    1.24522352742224e-08
151.200000000001    1.19901663192236e-08    7.56511465330928e-13    7.49757781720591e-13    6.94436041317584e-13    1.64319986234692e-10    1.12675443780789e-13    1.21567996861904e-08
151.704000000002    1.18300911000306e-08    7.36217500272558e-13    7.18355927613639e-13    7.01460020809276e-13    3.17326170338632e-11    6.56493010001686e-14    1.18640453998141e-08
152.208000000002    1.15730362704361e-08    7.18174133395705e-13    6.92286017353249e-13    7.02886886198162e-13    3.22429752903919e-12    3.16572379813711e-14    1.15784055722401e-08
152.712000000003    1.12988527912464e-08    7.12627382975948e-13    6.69305347737033e-13    7.03785973671794e-13    7.55317693613196e-14    9.01900851390961e-15    1.13010230607287e-08
153.216000000003    1.10298188699761e-08    7.04004309414801e-13    6.57625201972865e-13    6.93092562416621e-13    3.43959753104019e-19    1.61508542062995e-16    1.10318737539024e-08
153.720000000004    1.07686559718717e-08    6.8577044483044e-13    6.43500652794145e-13    6.86333118799182e-13    1.28373297923358e-14    4.85707236841145e-15    1.07706892704903e-08
154.224000000005    1.05138289436145e-08    6.76746231276701e-13    6.48098981188178e-13    6.60184175403827e-13    1.36015095377257e-12    2.22455318006543e-14    1.05171963694879e-08
154.728000000005    1.02510413619186e-08    6.66553259532271e-13    6.468684021329e-13    6.41232854944603e-13    1.82272026816167e-11    5.08079680823458e-14    1.02712740270849e-08
155.232000000006    9.92071417921678e-09    6.61566850878091e-13    6.55604754467044e-13    6.1368325054465e-13    1.10845174686833e-10    8.77684000232908e-14    1.00335779771595e-08
155.736000000006    9.36620789930409e-09    6.45278199106276e-13    6.61534783667059e-13    5.9111061883986e-13    4.38913681819511e-10    1.3158269070366e-13    9.80715108741592e-09
156.240000000007    8.29337482427535e-09    6.41623825657968e-13    6.81676459068687e-13    5.56782171698881e-13    1.30472092368641e-09    1.77102526297871e-13    9.60015293294448e-09
156.744000000008    6.35377204272856e-09    6.30005746778474e-13    6.90748949055089e-13    5.35313067117408e-13    3.07253265127371e-09    2.23156347498175e-13    9.42838391811271e-09
157.248000000008    3.55272586642237e-09    6.21537394998025e-13    7.04477368141102e-13    5.0938624069031e-13    5.75777254134722e-09    2.61757448909781e-13    9.31259556622233e-09
157.752000000009    8.77592655869184e-10    6.11039391930119e-13    7.00675750868906e-13    4.97459803165247e-13    8.38347322735892e-09    2.89552461020927e-13    9.26316461063509e-09
158.25600000001    4.36120728008745e-11    5.94044666474974e-13    6.97675547338729e-13    4.84101994079833e-13    9.21169484833175e-09    2.93162468736322e-13    9.25737590580925e-09
158.76000000001    1.68104431278318e-09    5.925653054547e-13    6.86427891203094e-13    4.76969508064252e-13    7.55810373115655e-09    2.72974498906466e-13    9.24117698114336e-09
159.264000000011    4.45734757849992e-09    5.88472550045737e-13    6.53074174328308e-13    4.85235655692457e-13    4.71004170956453e-09    2.40919394782362e-13    9.1693569898393e-09
159.768000000011    6.73566605997488e-09    5.68495985459179e-13    6.26236577871909e-13    4.88977534279697e-13    2.29834679532054e-09    1.95491150050413e-13    9.03589205654308e-09
160.272000000012    7.9646712869438e-09    5.64278106544091e-13    5.97120888248266e-13    4.96531125860298e-13    8.95228894072247e-10    1.47617517345549e-13    8.86170572865404e-09
160.776000000013    8.39350207491274e-09    5.55940160717684e-13    5.6630798780667e-13    5.06090079911412e-13    2.74535513216832e-10    1.04245179053107e-13    8.66977017153707e-09
161.280000000013    8.41080683780053e-09    5.48547901513746e-13    5.36739452821716e-13    5.16700351093852e-13    6.18635060770209e-11    6.65606568836048e-14    8.47433889223986e-09
161.784000000014    8.27153376030162e-09    5.38370599919281e-13    5.15113553295748e-13    5.21199379570845e-13    8.60985537731927e-12    3.58876053643671e-14    8.28175418681709e-09
162.288000000014    8.09202031187021e-09    5.28027201258838e-13    4.95903310048091e-13    5.24756645194557e-13    4.68029462056833e-13    1.4078243371196e-14    8.09405110673214e-09
162.792000000015    7.91003236042017e-09    5.28902959862358e-13    4.88103490930653e-13    5.17003061472011e-13    1.48688431860764e-15    2.07734830924475e-15    7.91156993416506e-09
163.296000000016    7.73269274175123e-09    5.15281383617498e-13    4.78509534257901e-13    5.11602001713731e-13    6.08116242664299e-17    7.74775439382355e-16    7.73419897025788e-09
163.800000000016    7.56013408712791e-09    5.04172085732732e-13    4.74697805028945e-13    5.00746756252513e-13    1.4815605188505e-13    9.74124673112439e-15    7.56177160107354e-09
164.304000000017    7.38885160936433e-09    5.02772370308246e-13    4.7440418084182e-13    4.87085022384025e-13    3.80742959701011e-12    2.74312742278801e-14    7.3941507318091e-09
164.808000000018    7.19972783405426e-09    4.98350513698317e-13    4.8016209235561e-13    4.67992079978227e-13    3.01899578546303e-11    5.26613151469363e-14    7.23141695791007e-09
165.312000000018    6.93580941565288e-09    4.85978491381996e-13    4.88807334481763e-13    4.46501544322673e-13    1.37125574591414e-10    8.44955650282888e-14    7.07444077317951e-09
165.816000000019    6.47891671140898e-09    4.78310879481804e-13    4.96376166632529e-13    4.27851981643843e-13    4.45518139216975e-10    1.20368286869806e-13    6.92595775794058e-09
166.320000000019    5.65039223848079e-09    4.72370551097807e-13    5.12403141499484e-13    4.04412300961235e-13    1.13999010487576e-09    1.55186603605581e-13    6.79192671595371e-09
166.82400000002    4.29206412651049e-09    4.66361632541896e-13    5.2132055771303e-13    3.86109709878614e-13    2.38849696893821e-09    1.9234348139141e-13    6.68212723083022e-09
167.328000000021    2.48087770296939e-09    4.576615564807e-13    5.33118957552516e-13    3.68814193939621e-13    4.12518171577996e-09    2.19918309174591e-13    6.60763893176649e-09
167.832000000021    7.63137691453961e-10    4.54487795616536e-13    5.33021300949749e-13    3.58465965294845e-13    5.80838298876356e-09    2.41984917337089e-13    6.57310864019672e-09
168.336000000022    1.46786619363158e-12    4.45039989750658e-13    5.31034371791798e-13    3.48763856420443e-13    6.56411671542893e-09    2.48510666070066e-13    6.56715793050659e-09
168.840000000022    6.55399056051016e-10    4.3969031211827e-13    5.19998673355547e-13    3.46509603936933e-13    5.90541907536047e-09    2.38771022546679e-13    6.56236310102344e-09
169.344000000023    2.27804039819846e-09    4.33203530057189e-13    5.02131464071616e-13    3.48343756477397e-13    4.25122240139843e-09    2.15965357610389e-13    6.5307624437051e-09
169.848000000024    3.97423970673083e-09    4.25931689897097e-13    4.8126293144811e-13    3.5066371504221e-13    2.48503096111596e-09    1.85035549299264e-13    6.46071356173247e-09
170.352000000024    5.16187015250717e-09    4.19017658255921e-13    4.59252432116059e-13    3.55791601148912e-13    1.19496296421989e-09    1.48451499303893e-13    6.35821562991788e-09
170.856000000025    5.7633600598918e-09    4.13175001254004e-13    4.35226381931078e-13    3.63516169422805e-13    4.71802278751127e-10    1.12507519005051e-13    6.23648676371454e-09
171.360000000026    5.95737264875506e-09    4.05319090474341e-13    4.11320633581301e-13    3.72640379093479e-13    1.4831958694818e-10    7.94057062371073e-14    6.10696092151262e-09
171.864000000026    5.94101034997911e-09    3.99695420345144e-13    3.94995132118495e-13    3.76404088019955e-13    3.42311708071921e-11    4.97383223847968e-14    5.97646235374917e-09
172.368000000027    5.84208314142021e-09    3.9588899352681e-13    3.77126224383878e-13    3.8277379887108e-13    4.81592087827852e-12    2.64799729553852e-14    5.84808133128822e-09
172.872000000027    5.72143376843198e-09    3.88062385357534e-13    3.65589465827999e-13    3.83408960489873e-13    2.53582498677002e-13    9.96312785997785e-15    5.72283437487019e-09
173.376000000028    5.59976108104172e-09    3.86663465336738e-13    3.56166571320475e-13    3.82172767452675e-13    6.03225897438577e-16    1.32639377707748e-15    5.60088801346551e-09
173.880000000029    5.48106401837925e-09    3.77668049310894e-13    3.4907872842522e-13    3.78897459319618e-13    9.91435137132154e-17    8.75747091339286e-16    5.48217063750691e-09
174.384000000029    5.36533689544593e-09    3.78633323350028e-13    3.49541179413845e-13    3.67710687906884e-13    1.41472608331839e-13    8.59206071662503e-15    5.36658284530565e-09
174.88800000003    5.24949482443281e-09    3.70680279346252e-13    3.51101110716719e-13    3.56054756828896e-13    3.45275275520365e-12    2.30768580156163e-14    5.25404849019292e-09
175.39200000003    5.11607865493482e-09    3.63640432864189e-13    3.53559165697104e-13    3.44353934783576e-13    2.7495665151364e-11    4.32821005131213e-14    5.14467915572004e-09
175.896000000031    4.91071052705398e-09    3.56156602271834e-13    3.59918196164834e-13    3.2948840265857e-13    1.27459750180597e-10    6.78786883419163e-14    5.03928371912401e-09
176.400000000032    4.51552724855295e-09    3.53531018016076e-13    3.63854156471979e-13    3.17679218969927e-13    4.23744423081286e-10    9.61997007974434e-14    4.94040293572849e-09
176.904000000032    3.75273787730878e-09    3.48338136572328e-13    3.77340642968335e-13    2.99060258603671e-13    1.09976427514446e-09    1.22821914681333e-13    4.85364971340606e-09
177.408000000033    2.50545689916598e-09    3.45048353014935e-13    3.84020468347916e-13    2.86189692154177e-13    2.28134813158162e-09    1.49337068448723e-13    4.78796962632957e-09
177.912000000034    1.01687719143646e-09    3.40970074548244e-13    3.89934858515066e-13    2.75352191846983e-13    3.73353043025466e-09    1.67865572094276e-13    4.75158174438812e-09
178.416000000034    5.8517469587128e-11    3.35765122309111e-13    3.89069786918553e-13    2.68339053207424e-13    4.68244876886641e-09    1.77383974306465e-13    4.74213679639028e-09
178.920000000035    3.32001899692652e-10    3.30747991183107e-13    3.86872154325682e-13    2.64618840744e-13    4.40717434731226e-09    1.69411430114592e-13    4.74032789742128e-09
179.424000000035    1.59303150806247e-09    3.25244482533214e-13    3.76505746580764e-13    2.63088311633104e-13    3.12693512375298e-09    1.53446474188642e-13    4.72108491683039e-09
179.928000000036    2.95484292189503e-09    3.21430389029801e-13    3.58249578242315e-13    2.68036453411582e-13    1.71684157701996e-09    1.30518625501923e-13    4.67276273396117e-09
180.432000000037    3.85016498226366e-09    3.15759756419268e-13    3.380853065576e-13    2.74310743098232e-13    7.49192091328206e-10    1.04843751629166e-13    4.60039007314957e-09
180.936000000037    4.25309193807608e-09    3.12883651634082e-13    3.23596849476497e-13    2.77789710257633e-13    2.60866624236622e-10    7.68797989215457e-14    4.51494971232299e-09
181.440000000038    4.35432447227902e-09    3.08930812169297e-13    3.08475479352375e-13    2.83477335590816e-13    6.97214050254632e-11    5.13614571103117e-14    4.4249981223887e-09
181.944000000038    4.32129913377337e-09    3.06921776233375e-13    2.92022609552872e-13    2.91484330757462e-13    1.27878211271986e-11    3.01980990218773e-14    4.33500758171614e-09
182.448000000039    4.24459037011e-09    3.02240259217852e-13    2.83007069664663e-13    2.92044226937528e-13    1.22182115298525e-12    1.40565650996598e-14    4.2467035393839e-09
182.95200000004    4.15964403902179e-09    2.98068299897697e-13    2.7380304115553e-13    2.9280162393468e-13    2.600947680182e-14    4.25333531379608e-15    4.1605389747989e-09
183.45600000004    4.0756912442271e-09    2.907642284234e-13    2.67816830512779e-13    2.91136937007406e-13    4.89086003976516e-20    6.42304293391314e-17    4.07654102650238e-09
183.960000000041    3.9938028543712e-09    2.90346118026907e-13    2.65707767394312e-13    2.85889654639997e-13    5.30868593734791e-15    2.3750189811496e-15    3.99465248161618e-09
184.464000000042    3.91347423385212e-09    2.85096786089875e-13    2.63446319298725e-13    2.80477839167927e-13    4.97610967105605e-13    1.12313335093866e-14    3.91481209709729e-09
184.968000000042    3.82991287855864e-09    2.82557391500129e-13    2.67207863647377e-13    2.70228737397344e-13    6.24558557813323e-12    2.40172552279357e-14    3.83700247538454e-09
185.472000000043    3.7245183305744e-09    2.74480327315967e-13    2.71293856629334e-13    2.59643609340631e-13    3.60526475762784e-11    4.15747019817744e-14    3.76141797064595e-09
185.976000000043    3.55150519742903e-09    2.72113145806676e-13    2.77665836701354e-13    2.46927052381146e-13    1.36499100638929e-10    6.26668722742256e-14    3.68886367097512e-09
186.480000000044    3.22887153249643e-09    2.69862279520357e-13    2.85477311154762e-13    2.34887228865268e-13    3.91635622014873e-10    8.4279138630068e-14    3.62138166046948e-09
186.984000000045    2.65558977958068e-09    2.6718646888423e-13    2.9408871665265e-13    2.23740066488453e-13    9.06360339854767e-10    1.0523859934275e-13    3.56284037328682e-09
187.488000000045    1.79177233370429e-09    2.6335746492495e-13    3.02049374034913e-13    2.12591775571197e-13    1.72596302821092e-09    1.24921145347179e-13    3.51863828167509e-09
187.992000000046    8.0065827069175e-10    2.58914543236003e-13    3.01708940382541e-13    2.06144948995667e-13    2.69163135001969e-09    1.43871460580124e-13    3.49320026060464e-09
188.496000000047    1.00374300609014e-10    2.5627767380495e-13    3.04411580742638e-13    1.99815678695335e-13    3.38391421204519e-09    1.50523274165634e-13    3.48519954086162e-09
189.000000000047    9.93319742209495e-11    2.54412297084554e-13    3.01737816880173e-13    1.97666429760839e-13    3.38429014720211e-09    1.47712012159726e-13    3.48452364997894e-09
189.504000000048    7.85993684951734e-10    2.49414206267252e-13    2.92785546656398e-13    1.97172643690826e-13    2.68967505895222e-09    1.38881594549749e-13    3.47654699789512e-09
190.008000000048    1.73153867866447e-09    2.46513365906961e-13    2.83163239116575e-13    1.99264913557402e-13    1.71902308741061e-09    1.20109064568295e-13    3.45141081665823e-09
190.512000000049    2.50999795405125e-09    2.42202053836415e-13    2.70882942191953e-13    2.02035580970605e-13    8.97758451898637e-10    9.89786978264597e-14    3.40857050522471e-09
191.01600000005    2.96699137722663e-09    2.39935848177378e-13    2.56539984246614e-13    2.0696919155142e-13    3.85724223494632e-10    7.72710125499381e-14    3.35349631675778e-09
191.52000000005    3.15747113698673e-09    2.37519549998395e-13    2.40676669588799e-13    2.14007687339969e-13    1.34161199166442e-10    5.68602409524064e-14    3.29238140030105e-09
192.024000000051    3.19304311766713e-09    2.33403479196062e-13    2.30089305544981e-13    2.17405664700831e-13    3.57193457655174e-11    3.75689252940978e-14    3.22948093080739e-09
192.528000000051    3.15988722193707e-09    2.28184938386034e-13    2.21765472481705e-13    2.19307520280998e-13    6.38546779884681e-12    2.14677806799356e-14    3.16696341544774e-09
193.032000000052    3.10443205846651e-09    2.29433859692675e-13    2.12789068974749e-13    2.22102338074869e-13    5.58803774590045e-13    9.82216415826686e-15    3.105665009672e-09
193.536000000053    3.04513042723761e-09    2.2547979162867e-13    2.07152485519015e-13    2.21695460892991e-13    8.54368879497274e-15    2.67490847303981e-15    3.04579597357292e-09
194.040000000053    2.9867127425225e-09    2.23383535666065e-13    2.01679244579628e-13    2.22028322342305e-13    4.33480493310436e-27    2.45017392237207e-19    2.98735983387011e-09
194.544000000054    2.92966585879495e-09    2.21533849492006e-13    2.0174050020145e-13    2.168172590205e-13    9.59036310402792e-15    2.48131005523655e-15    2.93031802207682e-09
195.048000000055    2.87339247661564e-09    2.17803271047076e-13    2.02489849820487e-13    2.10840999394554e-13    6.006763415757e-13    9.86897248763564e-15    2.87463415604997e-09
195.552000000055    2.81286463621965e-09    2.12600304778447e-13    2.03834420893412e-13    2.03991139941763e-13    6.80837175886556e-12    2.16773349916108e-14    2.82031511117912e-09
196.056000000056    2.72884200044451e-09    2.11152078717413e-13    2.080886105544e-13    1.95085094382228e-13    3.80843952461742e-11    3.60834797079636e-14    2.76757680495404e-09
196.560000000056    2.57340842636111e-09    2.09393797050958e-13    2.13649386683488e-13    1.86677620418085e-13    1.43168445079675e-10    5.16607614044085e-14    2.71723825300634e-09
197.064000000057    2.26103939110844e-09    2.08267420583415e-13    2.21075287700825e-13    1.77765935799222e-13    4.0964154348606e-10    6.74860576628327e-14    2.67135552929625e-09
197.568000000058    1.69924198761341e-09    2.03644843286268e-13    2.23651462089099e-13    1.70212068426699e-13    9.33796386825141e-10    8.70305427939928e-14    2.63372291335514e-09
198.072000000058    9.11190941751877e-10    2.0094904654884e-13    2.27916008092232e-13    1.62449229735258e-13    1.69714160018766e-09    1.02157318538608e-13    2.60902601354245e-09
198.576000000059    1.97952738671831e-10    1.98162073765498e-13    2.29311601679265e-13    1.57672228896364e-13    2.40045868300972e-09    1.11224598944556e-13    2.59910779218484e-09
199.080000000059    2.49938374765342e-11    1.96155778129448e-13    2.29267000043519e-13    1.55858044427297e-13    2.57243877659593e-09    1.09881082177674e-13    2.59812377597725e-09
199.58400000006    5.20360188687569e-10    1.93325637724161e-13    2.24696833885425e-13    1.55591940585572e-13    2.07275964745193e-09    1.02043368984917e-13    2.59379549392067e-09
200.088000000061    1.2974710297917e-09    1.90314691726645e-13    2.1649762912415e-13    1.56358138172817e-13    1.27843129792343e-09    8.94832241713076e-14    2.57655498139833e-09
200.592000000061    1.92367841244322e-09    1.88853489865029e-13    2.04734631386041e-13    1.60461520673465e-13    6.21220970245177e-10    7.38045050356743e-14    2.54552723683536e-09
201.096000000062    2.26309440571077e-09    1.87174223517463e-13    1.96234976820021e-13    1.6251547112842e-13    2.41740339115219e-10    5.59175502909956e-14    2.50543658704775e-09
201.600000000063    2.38663733615824e-09    1.8519523975136e-13    1.85667432293961e-13    1.66377927257617e-13    7.4085692010722e-11    4.01441195456766e-14    2.46130041288781e-09
202.104000000063    2.39902767257396e-09    1.81845958409648e-13    1.75815176169368e-13    1.70365068029552e-13    1.66383797811356e-11    2.63114151579368e-14    2.41622038997286e-09
202.608000000064    2.36876162640092e-09    1.79645412010164e-13    1.68774800247269e-13    1.73981735254035e-13    2.29018796259225e-12    1.34101725640166e-14    2.37158762648359e-09
203.112000000064    2.32721753285384e-09    1.7638876123115e-13    1.63256478205633e-13    1.74244046556367e-13    1.20334402194574e-13    5.74277712187213e-15    2.32785749931915e-09
203.616000000065    2.28460608643434e-09    1.75671069467615e-13    1.58655152370644e-13    1.75128429672587e-13    3.22747056307616e-16    7.27122675007745e-16    2.28511659095558e-09
204.120000000066    2.24284752775403e-09    1.73476414988272e-13    1.56136010856694e-13    1.73517457326972e-13    2.78511694363584e-17    5.55062868632395e-16    2.24335124055124e-09
204.624000000066    2.20198476827632e-09    1.71262434094878e-13    1.56788369113593e-13    1.68897779530284e-13    4.92593133799005e-14    4.7436459095227e-15    2.20253571981835e-09
205.128000000067    2.16093825464536e-09    1.69697320864764e-13    1.60781839645831e-13    1.62483730130931e-13    1.20930219741813e-12    1.07583775260023e-14    2.16265127811095e-09
205.632000000067    2.11377792657413e-09    1.65775076325172e-13    1.61167740454297e-13    1.56703390244483e-13    9.44965395498245e-12    2.30997926700945e-14    2.1237343265288e-09
206.136000000068    2.04280138060645e-09    1.66546550920165e-13    1.66436398658611e-13    1.51547395591757e-13    4.27033397485241e-11    3.27548109746333e-14    2.08602200551112e-09
206.640000000069    1.91116523779916e-09    1.62763340677886e-13    1.70813315269132e-13    1.44381711621979e-13    1.38535244509998e-10    4.72026587900682e-14    2.05022564333551e-09
207.144000000069    1.66314005867906e-09    1.60161781841437e-13    1.74895986227659e-13    1.38178729473369e-13    3.54210774392444e-10    6.21474622112265e-14    2.01788621703126e-09
207.64800000007    1.25053457550721e-09    1.59436247428829e-13    1.82359053726406e-13    1.30715443623535e-13    7.40437076810739e-10    7.42889888569461e-14    1.99151845205158e-09
208.152000000071    7.02232688537934e-10    1.57006207137388e-13    1.8683077386741e-13    1.25293123483268e-13    1.27113861824188e-09    8.53428694029721e-14    1.97392577975371e-09
208.656000000071    1.96442873618026e-10    1.55836491974141e-13    1.86058147386979e-13    1.21974644059973e-13    1.76913735845249e-09    9.52568375445078e-14    1.96613935819148e-09
209.160000000072    7.90252242792001e-13    1.53924801568476e-13    1.88580882602979e-13    1.18566746446318e-13    1.96364983296069e-09    9.4724458670099e-14    1.96499588209277e-09
209.664000000072    2.37459690522001e-10    1.53079350474646e-13    1.7918279970085e-13    1.18536085118022e-13    1.72542867410608e-09    9.6399440553722e-14    1.96343556230393e-09
210.168000000073    7.45471048487593e-10    1.49155460816559e-13    1.75597793621998e-13    1.19083386984665e-13    1.20871279327646e-09    8.48151478810936e-14    1.95471249355336e-09
210.672000000074    1.24981821184401e-09    1.48177829419677e-13    1.65672494393859e-13    1.2101496678832e-13    6.86105896456797e-10    7.45721572328599e-14    1.93643354574864e-09
211.176000000074    1.59025772774981e-09    1.46390140465367e-13    1.57570619696671e-13    1.24565206079801e-13    3.19672046426511e-10    5.93540784052268e-14    1.91041765422096e-09
211.680000000075    1.75777362167496e-09    1.44977057944632e-13    1.51623517717664e-13    1.2723014206212e-13    1.21713354142539e-10    4.30559426499306e-14    1.87995386247787e-09
212.184000000075    1.81076567966622e-09    1.4338913582766e-13    1.43639058369301e-13    1.30205867802377e-13    3.650884411087e-11    3.02673525111849e-14    1.8477220251916e-09
212.688000000076    1.80696895485119e-09    1.41240700291617e-13    1.35010779009482e-13    1.33427230269773e-13    7.85833611047877e-12    2.02963521259381e-14    1.81525726602337e-09
213.192000000077    1.78183520682473e-09    1.40479321564753e-13    1.32202708498034e-13    1.34485913559806e-13    9.7761558834425e-13    9.22250627604713e-15    1.78322921286297e-09
213.696000000077    1.75140700768373e-09    1.37677881905437e-13    1.25800888079936e-13    1.36318340061845e-13    3.8655036342998e-14    4.12426709993567e-15    1.75184958409722e-09
214.200000000078    1.72075404571454e-09    1.37962171916519e-13    1.23072877985266e-13    1.36158040511607e-13    2.09803971506475e-17    3.74434145720417e-16    1.7211516342195e-09
214.704000000079    1.69073022661628e-09    1.35176485357323e-13    1.22036331870973e-13    1.34046971602699e-13    2.43808102595987e-16    7.94077128913273e-16    1.69112252429034e-09
215.208000000079    1.6612663684082e-09    1.34017255002918e-13    1.23486386546464e-13    1.30042175418416e-13    8.77123922289371e-14    4.22934667318359e-15    1.66174585596407e-09
215.71200000008    1.63099976617063e-09    1.32728861590229e-13    1.22610224697924e-13    1.27447320476415e-13    1.62000042087689e-12    1.15246763129505e-14    1.63301407767459e-09
216.21600000008    1.59315128931017e-09    1.31090029569131e-13    1.26262756925924e-13    1.21615563376399e-13    1.14308700581887e-11    1.97355147480719e-14    1.60498086323297e-09
216.720000000081    1.52806608672332e-09    1.2985968564015e-13    1.28329928211007e-13    1.16776500974945e-13    4.9443074155487e-11    3.07623046867637e-14    1.57791488929832e-09
217.224000000082    1.39544147147086e-09    1.28233905849944e-13    1.3302169937606e-13    1.11742103153448e-13    1.56730199679945e-10    4.08036406769769e-14    1.55258547249986e-09
217.728000000082    1.13882589258551e-09    1.25960616230425e-13    1.37228630031161e-13    1.05453001094211e-13    3.91355626401395e-10    5.28021538482149e-14    1.53060296338811e-09
218.232000000083    7.30890828684057e-10    1.25113103772359e-13    1.42010392065861e-13    1.01774988590664e-13    7.83063648620421e-10    6.09524969656423e-14    1.51438432828587e-09
218.736000000083    2.69387820613189e-10    1.23801967788742e-13    1.41185505832202e-13    9.76358358769598e-14    1.23606576169075e-09    7.21413583424477e-14    1.50588834697178e-09
219.240000000084    6.93416900203027e-12    1.21869300569933e-13    1.41713863590352e-13    9.58589488949582e-14    1.49663124081905e-09    7.44889987382575e-14    1.50399934093288e-09
219.744000000085    1.3709760516708e-10    1.20670181293693e-13    1.42583667293799e-13    9.48527257835849e-14    1.36579701508612e-09    6.91596184106275e-14    1.50332188644598e-09
220.248000000085    5.50827910930624e-10    1.19488524085343e-13    1.37159634076562e-13    9.57648407043033e-14    9.46322120322162e-10    6.3089638501515e-14    1.49756553389015e-09
220.752000000086    9.72744200055792e-10    1.17319794965118e-13    1.31822765789139e-13    9.75613822591057e-14    5.11056621001561e-10    5.24062039649665e-14    1.48419993120433e-09
221.256000000087    1.2440220338369e-09    1.16784761627161e-13    1.24450852572485e-13    9.98348651380499e-14    2.20357541995925e-10    4.21110432562879e-14    1.46476275735541e-09
221.760000000087    1.36583478340771e-09    1.16166134686088e-13    1.17219557281013e-13    1.0301628533056e-13    7.58590381127337e-11    3.12555107612557e-14    1.4420614790085e-09
222.264000000088    1.39789839333705e-09    1.14438008443443e-13    1.13507608891896e-13    1.04099818638937e-13    1.99594102264004e-11    2.00841667131181e-14    1.41820993316614e-09
222.768000000088    1.39040093650519e-09    1.12779914441302e-13    1.06850528269857e-13    1.06062745256417e-13    3.56068933442309e-12    1.3207176873193e-14    1.39430052620445e-09
223.272000000089    1.37010416725244e-09    1.11117446376989e-13    1.0270609057785e-13    1.08479165058129e-13    3.20608831269625e-13    5.74164870306018e-15    1.37075282043443e-09
223.77600000009    1.3473516298453e-09    1.10043062327102e-13    9.9488988682956e-14    1.09116484115747e-13    5.70463461005465e-15    1.52706938413322e-15    1.34767751008442e-09
224.28000000009    1.32476951636865e-09    1.0844987476235e-13    9.77228490316045e-14    1.08243491403441e-13    1.15814528045847e-22    4.96292120732278e-18    1.32508393754688e-09
224.784000000091    1.30264684922579e-09    1.07285324282972e-13    9.71862793104022e-14    1.06373543329433e-13    2.76441804289186e-15    1.35164197392375e-15    1.30296181043273e-09
225.288000000091    1.28078273806599e-09    1.06914097927855e-13    9.78226430308892e-14    1.03351464738004e-13    2.0432417808011e-13    5.20848767771497e-15    1.28130035893745e-09
225.792000000092    1.25739549262836e-09    1.05791406404116e-13    9.91232718955388e-14    1.00253973553918e-13    2.39050753286998e-12    1.08048961013963e-14    1.26010197370919e-09
226.296000000093    1.22574451628411e-09    1.04594468567788e-13    1.00915634892416e-13    9.67104486938317e-14    1.3368738179002e-11    1.82153466839877e-14    1.23943369036195e-09
226.800000000093    1.16947580082274e-09    1.02965179492117e-13    1.04939503341036e-13    9.17017371298125e-14    4.9743245878071e-11    2.62523072578104e-14    1.21954490542803e-09
227.304000000094    1.05964626314669e-09    1.00583833796644e-13    1.07455517635795e-13    8.79582297133404e-14    1.41074836859092e-10    3.57676937096512e-14    1.20105286528064e-09
227.808000000095    8.61644474896754e-10    1.00462858916779e-13    1.09247595358907e-13    8.41357814711829e-14    3.23123031255473e-10    4.64096989090669e-14    1.18510776208688e-09
228.312000000095    5.65218282886013e-10    9.98118265748423e-14    1.13643843410495e-13    7.96673102610966e-14    6.0771030164325e-10    5.3890849388725e-14    1.1732755983589e-09
228.816000000096    2.34711148260639e-10    9.94805548902137e-14    1.15493311828698e-13    7.6945784120195e-14    9.31684850934417e-10    6.0154213858863e-14    1.16674807305975e-09
229.320000000096    1.98989794875623e-11    9.81212140173039e-14    1.1549996148518e-13    7.53011159196266e-14    1.14467573179476e-09    6.34754866238565e-14    1.16492710906037e-09
229.824000000097    5.16417116460677e-11    9.71087068176186e-14    1.13345718260895e-13    7.43513027910075e-14    1.11271266010086e-09    6.35747373066504e-14    1.1647027522121e-09
230.328000000098    3.05009710450349e-10    9.53675456619854e-14    1.09755795772687e-13    7.5012654746294e-14    8.566036615796e-10    5.91629447567044e-14    1.16195267097089e-09
230.832000000098    6.24302157113981e-10    9.55412827846907e-14    1.07126474324343e-13    7.61245696542918e-14    5.2957169156263e-10    4.99021317218809e-14    1.1542025431351e-09
231.336000000099    8.74014063817328e-10    9.37099646568513e-14    1.01582063752972e-13    7.76265922826296e-14    2.67280609734631e-10    4.16478890519319e-14    1.1416092400617e-09
231.840000000099    1.01485200631493e-09    9.2618110978593e-14    9.59429160970455e-14    7.98888359320645e-14    1.10659365586209e-10    3.25641441693388e-14    1.12581238590831e-09
232.3440000001    1.07140419872681e-09    9.20171330005844e-14    9.14835816750926e-14    8.17349828462651e-14    3.67962184774063e-11    2.33775541112933e-14    1.10848903045585e-09
232.848000000101    1.08125410822945e-09    9.06283604711386e-14    8.68302785763391e-14    8.4122363356153e-14    9.20043235548691e-12    1.53152788330864e-14    1.09073143686618e-09
233.352000000101    1.07132062790578e-09    8.99279678204359e-14    8.31999829380798e-14    8.58251197768126e-14    1.48429668434473e-12    8.55320090912745e-15    1.07307243086157e-09
233.856000000102    1.05534262651833e-09    8.91197999349787e-14    8.03200607197965e-14    8.69006151646996e-14    1.05431718135668e-13    3.57089998568744e-15    1.05570796961227e-09
234.360000000103    1.03842981412724e-09    8.78518672598503e-14    7.84364660474396e-14    8.67429603480142e-14    8.20915807764446e-16    8.03430202863252e-16    1.03868446976691e-09
234.864000000103    1.0217522006379e-09    8.64428791220873e-14    7.74523076084773e-14    8.60117546507616e-14    1.90472736330483e-19    6.73621997747618e-17    1.02200217513195e-09
235.368000000104    1.00539409500801e-09    8.66915005690232e-14    7.72256192645308e-14    8.44059715425578e-14    9.25589765583039e-15    1.95841504511294e-15    1.00565363241208e-09
235.872000000104    9.89027675877431e-10    8.47125414916522e-14    7.8284237780835e-14    8.20925865965155e-14    3.53991115229885e-13    5.27516625751608e-15    9.89632031524787e-10
236.376000000105    9.70329654641932e-10    8.44630043692973e-14    7.84945877474344e-14    7.97555630722717e-14    3.36563232461822e-12    1.12604567702132e-14    9.7394926057851e-10
236.880000000106    9.41254811982307e-10    8.2896258546486e-14    8.08146451167265e-14    7.59873878020243e-14    1.71793356083309e-11    1.7910201913542e-14    9.58691756084016e-10
237.384000000106    8.8298355053134e-10    8.24666746726234e-14    8.50616476927784e-14    7.20137142716192e-14    6.0904198161127e-11    2.39143052556541e-14    9.4415120503436e-10
237.888000000107    7.64083218684342e-10    8.14524512912746e-14    8.49699453037179e-14    6.97044259593739e-14    1.66661463956558e-10    3.36408953809694e-14    9.31014450358836e-10
238.392000000107    5.55155953384995e-10    8.13921890485842e-14    8.85964654099187e-14    6.55739612177669e-14    3.65043092470828e-10    4.07697094165793e-14    9.20475378180916e-10
238.896000000108    2.76212010067017e-10    7.93254584600998e-14    8.9739202940699e-14    6.35582743441587e-14    6.37387966797202e-10    4.72204309334611e-14    9.13879820230897e-10
239.400000000109    4.60847399075571e-11    7.89371323197558e-14    9.08195572981397e-14    6.18030586696932e-14    8.65146662056096e-10    5.04262593248373e-14    9.11513387971266e-10
239.904000000109    1.99985579116406e-11    7.79403465652538e-14    9.05087976858878e-14    6.0602482435755e-14    8.91041975276401e-10    5.0369154550316e-14    9.11319953969279e-10
240.40800000011    2.15603358668305e-10    7.70980740855994e-14    8.75938956551365e-14    6.1445243284042e-14    6.93784134318932e-10    4.71331970525872e-14    9.09660763397314e-10
240.912000000111    4.87196941265299e-10    7.59957196535276e-14    8.69800227630789e-14    6.19109713686096e-14    4.16581163186936e-10    3.84947959373259e-14    9.04041485961958e-10
241.416000000111    6.95977478311498e-10    7.60729253898458e-14    8.0261406696106e-14    6.37488086892844e-14    1.98251884644519e-10    3.36045220180905e-14    8.9448305061881e-10
241.920000000112    8.06465782104232e-10    7.50004535925322e-14    7.69906944638087e-14    6.50551734724003e-14    7.57113609706474e-11    2.52611945160991e-14    8.82419450590924e-10
242.424000000112    8.46328894442623e-10    7.38557195668821e-14    7.31006596629926e-14    6.66605059967684e-14    2.26932673607433e-11    1.80761273333523e-14    8.69253854815926e-10
242.928000000113    8.50676216115751e-10    7.36440544435898e-14    7.00670157941627e-14    6.90011608318843e-14    4.92723385722139e-12    1.05851465778327e-14    8.5582674735062e-10
243.432000000114    8.41654665525156e-10    7.31211903492032e-14    6.66222931895421e-14    7.0224135531005e-14    6.37114168513301e-13    5.98086111213671e-15    8.42507728173851e-10
243.936000000114    8.29177697201583e-10    7.19948052868036e-14    6.50056413795052e-14    7.04908642658371e-14    2.88356500836258e-14    2.05627288480339e-15    8.29416080435484e-10
244.440000000115    8.16369319438502e-10    7.10032410196119e-14    6.2552434784208e-14    7.12538068284542e-14    3.78640302882148e-17    3.43222018172264e-16    8.16574510007183e-10
244.944000000115    8.03777011620139e-10    7.05497994661317e-14    6.22671157267367e-14    7.01220181362262e-14    3.87010619938407e-17    2.7922844997496e-16    8.0398026848298e-10
245.448000000116    7.91398187254585e-10    6.93667731111764e-14    6.28126990103916e-14    6.83260487208008e-14    2.70142387257932e-14    2.11367852495896e-15    7.91627820692678e-10
245.952000000117    7.78748931826078e-10    6.87062745546888e-14    6.35338931588171e-14    6.60931503373049e-14    5.61591368343753e-13    5.7532202502562e-15    7.79514609732723e-10
246.456000000117    7.6334823916937e-10    6.79477149304293e-14    6.50474418650655e-14    6.39110972411441e-14    4.10259693571156e-12    9.9984851594151e-15    7.67657740844278e-10
246.960000000118    7.38042676134573e-10    6.81984759130011e-14    6.61220354578607e-14    6.11199469290329e-14    1.78890735755973e-11    1.64374343200322e-14    7.56143627602791e-10
247.464000000119    6.88272877858559e-10    6.72935266716542e-14    6.80169490174461e-14    5.84464856038636e-14    5.67299117498496e-11    2.28511256358775e-14    7.45219397695337e-10
247.968000000119    5.92693149907493e-10    6.65450236241292e-14    7.1677468020201e-14    5.55569525186798e-14    1.4249088646874e-10    2.80132927298927e-14    7.35405829113126e-10
248.47200000012    4.34670947809375e-10    6.55933231073201e-14    7.25094947734056e-14    5.33173184927708e-14    2.9263250585141e-10    3.53597431785534e-14    7.27530233540337e-10
248.97600000012    2.30345718802332e-10    6.51222211990378e-14    7.3801238927171e-14    5.10805357769969e-14    4.9188606273574e-10    4.09954267542136e-14    7.2246278096073e-10
249.480000000121    5.35182863778539e-11    6.39181977166539e-14    7.47708975405394e-14    4.99068284616105e-14    6.66658951199629e-10    4.37638302775591e-14    7.20409597331479e-10
249.984000000122    3.34621665068074e-12    6.421159910732e-14    7.39350648078574e-14    4.91019426402358e-14    7.16604453655647e-10    4.49479543504415e-14    7.20182866867234e-10
250.488000000122    1.11670047047294e-10    6.36053317897572e-14    7.21433204396502e-14    4.92734047290215e-14    6.07577702514997e-10    4.29165066155261e-14    7.19475688125865e-10
250.992000000123    3.05877476896842e-10    6.28517621441509e-14    7.15045307615894e-14    4.94541385271536e-14    4.10214523615035e-10    3.67656898594147e-14    7.16312576633169e-10
251.496000000124    4.85536420229963e-10    6.17022625138572e-14    6.82853150741112e-14    5.03431514079881e-14    2.24430442767357e-10    3.11147510754632e-14    7.10178308477391e-10
252.000000000124    6.00905948380719e-10    6.15013970968321e-14    6.47143420024412e-14    5.15993863049948e-14    1.00663745359343e-10    2.49573205882609e-14    7.01772466186054e-10
252.504000000125    6.5522628319183e-10    6.02495152840514e-14    6.08626690034747e-14    5.32180020153121e-14    3.66982303472189e-11    1.90097254257514e-14    6.92117853450778e-10
253.008000000125    6.71405400198433e-10    5.97976032025811e-14    5.79876089271145e-14    5.51229001622227e-14    1.03984156998876e-11    1.26109452540197e-14    6.81989334955867e-10
253.512000000126    6.69578547546088e-10    5.92583978096528e-14    5.49671894937508e-14    5.6283402693399e-14    2.05162878450799e-12    8.04895095623765e-15    6.71808734271549e-10
254.016000000127    6.61361208893506e-10    5.87662058000474e-14    5.30820693859777e-14    5.70453508876922e-14    2.17492248638243e-13    4.02782338920242e-15    6.61751622591607e-10
254.520000000127    6.51695317360198e-10    5.86672718750324e-14    5.170392144955e-14    5.7605055388153e-14    5.73472517553406e-15    1.09375650731018e-15    6.51870122090593e-10
255.024000000128    6.42005194222742e-10    5.78741478096536e-14    5.0925903774275e-14    5.71597306380516e-14    1.19757068285962e-19    3.5644249909053e-17    6.4217118976897e-10
255.528000000128    6.32486248131242e-10    5.74567423455403e-14    5.06335041036604e-14    5.66434134217715e-14    5.1482493411206e-16    5.12072279894429e-16    6.32652008688327e-10
256.032000000129    6.2307644732969e-10    5.65729100548705e-14    5.12209567880574e-14    5.519602258676e-14    6.67119064576018e-14    2.46130758915316e-15    6.23308610433166e-10
256.536000000128    6.1302793462896e-10    5.61618004630326e-14    5.17550719178052e-14    5.34832277925957e-14    9.46779626165328e-13    6.03624735669339e-15    6.14142150602655e-10
257.040000000127    5.99096378497243e-10    5.55945805653618e-14    5.38434062032299e-14    5.12456916883714e-14    5.91286742204369e-12    9.68711902078134e-15    6.05179616716765e-10
257.544000000125    5.72569312414193e-10    5.51696687788834e-14    5.40703840079292e-14    4.91421843505962e-14    2.37877523977205e-11    1.60321394327485e-14    5.96531479188484e-10
258.048000000124    5.16690750554332e-10    5.4781163813374e-14    5.72293138082216e-14    4.68807897167635e-14    7.1621051088669e-11    2.0100817176207e-14    5.88490793727516e-10
258.552000000123    4.10217674568155e-10    5.42321175703038e-14    5.79951489497426e-14    4.47075842761231e-14    1.71234931530956e-10    2.66856820294504e-14    5.81636226631937e-10
259.056000000122    2.48194705661563e-10    5.36725986501987e-14    6.02953943004536e-14    4.28030810252553e-14    3.2838947721241e-10    3.07309624938906e-14    5.76771684910443e-10
259.560000000121    7.84038872863348e-11    5.27986048752744e-14    6.09245899379898e-14    4.17605587680969e-14    4.95837586131349e-10    3.41459987329065e-14    5.74431103169998e-10
260.06400000012    8.70719823043009e-14    5.27932641667317e-14    6.07151411522758e-14    4.07847785608221e-14    5.73749541957e-10    3.56538834538682e-14    5.74026561006638e-10
260.568000000118    7.15530428782919e-11    5.17539180669563e-14    5.88013188584482e-14    4.07034059068079e-14    5.01930636052748e-10    3.51649906731069e-14    5.73670102564545e-10
261.072000000117    2.35648271202506e-10    5.15342097766374e-14    5.89851820134177e-14    4.13422155793287e-14    3.35619631826935e-10    2.91396513057762e-14    5.71448904288117e-10
261.576000000116    3.90454641138959e-10    5.08051585039251e-14    5.48838234701273e-14    4.20618516993228e-14    1.7614208189318e-10    2.59925036284416e-14    5.6677046636944e-10
262.080000000115    4.85976834675903e-10    5.03190139401083e-14    5.31907528849854e-14    4.32955462705091e-14    7.40931040277743e-11    1.93523879253067e-14    5.60236096404698e-10
262.584000000114    5.27732066597873e-10    5.02545711812023e-14    5.01583575267396e-14    4.43989388528585e-14    2.48443719682978e-11    1.44315739051032e-14    5.52735682007636e-10
263.088000000112    5.38442410403946e-10    4.9653923689381e-14    4.78983721984312e-14    4.5440180879399e-14    6.30749582860159e-12    9.46222047796448e-15    5.44902360929793e-10
263.592000000111    5.35846186906801e-10    4.92548254180717e-14    4.57710578949683e-14    4.65685657626597e-14    1.06034520425782e-12    5.27932459045745e-15    5.37053405884725e-10
264.09600000011    5.29080690689883e-10    4.88379702998037e-14    4.34172538205357e-14    4.7193428401713e-14    8.45060715435504e-14    2.85263611842735e-15    5.29307498050067e-10
264.600000000109    5.21555251347084e-10    4.82419378990233e-14    4.25240455027671e-14    4.738090578575e-14    1.03157519501554e-15    5.98522001232803e-16    5.21695028333467e-10
265.104000000108    5.14082134042079e-10    4.74762390033318e-14    4.15147925139665e-14    4.7393595146619e-14    1.82458546091505e-22    4.80252939956978e-18    5.14218523471454e-10
265.608000000107    5.06737052632429e-10    4.72491725971502e-14    4.15349932994294e-14    4.65308500430295e-14    2.27433986403996e-15    8.02921302690446e-16    5.06875444909536e-10
266.112000000105    4.99410420596431e-10    4.66639550229232e-14    4.18190915481783e-14    4.55166540271074e-14    1.16271964457747e-13    2.71976118384491e-15    4.99663412022671e-10
266.616000000104    4.91241289511881e-10    4.64798412106502e-14    4.27350416408332e-14    4.39809024177021e-14    1.20569300982486e-12    5.5510202350322e-15    4.9258572932721e-10
267.120000000103    4.79172977077672e-10    4.65135944581391e-14    4.3730055278559e-14    4.18384904854957e-14    6.3563956619622e-12    9.75604814730414e-15    4.85671210928004e-10
267.624000000102    4.56044814717711e-10    4.5234086830369e-14    4.48614896334355e-14    4.0153822323203e-14    2.28289735185393e-11    1.41613214883855e-14    4.79018198956525e-10
268.128000000101    4.09594612625585e-10    4.50332318558718e-14    4.70503945368464e-14    3.84488921540816e-14    6.31179410696675e-11    1.7947587070664e-14    4.7286103380087e-10
268.6320000001    3.26126052233476e-10    4.47211734818245e-14    4.84705709408544e-14    3.65736397478681e-14    1.41343816814219e-10    2.27035181568143e-14    4.67622337950023e-10
269.136000000098    2.04243837574801e-10    4.41838102825793e-14    4.98580720484403e-14    3.52522674069079e-14    2.59451306525675e-10    2.64988151961561e-14    4.6385093706541e-10
269.640000000097    7.53525861597815e-11    4.30566662566059e-14    4.9810611816016e-14    3.4079371443538e-14    3.86396348881702e-10    3.04102684120692e-14    4.61906291959412e-10
270.144000000096    2.7169030077873e-12    4.31175845747843e-14    4.96358190119537e-14    3.36645293307022e-14    4.58584501271392e-10    3.18028718846568e-14    4.61459625083981e-10
270.648000000095    3.23473197877306e-11    4.31335698907524e-14    4.90978802203781e-14    3.32098306691577e-14    4.28829812146891e-10    3.11348660379163e-14    4.6133370808144e-10
271.152000000094    1.42871403973784e-10    4.28684254609576e-14    4.83146793303072e-14    3.34305210639488e-14    3.1712168883265e-10    2.79311901115806e-14    4.60145637622401e-10
271.656000000092    2.68615475516121e-10    4.19840221382627e-14    4.67097990148844e-14    3.39693723160551e-14    1.88434961841456e-10    2.38155800167486e-14    4.57196916131063e-10
272.160000000091    3.61096708403042e-10    4.149385859477e-14    4.47133807550232e-14    3.48189891228111e-14    9.14292906300431e-11    1.91347315934442e-14    4.52666159993151e-10
272.66400000009    4.10730996030628e-10    4.1556893444741e-14    4.19658898402073e-14    3.58669072513553e-14    3.62780155908869e-11    1.50411943092455e-14    4.4714344250636e-10
273.168000000089    4.29594654831461e-10    4.08864710232906e-14    4.00963640324061e-14    3.69160312732095e-14    1.14475841296713e-11    1.04366452198189e-14    4.41170574472681e-10
273.672000000088    4.32301356480373e-10    4.07921315930373e-14    3.7877188496311e-14    3.77505068582989e-14    2.65525232479996e-12    7.05721166311939e-15    4.35080085843784e-10
274.176000000087    4.28529649956341e-10    4.03926933696288e-14    3.6346434907735e-14    3.86092757083399e-14    3.77157152090458e-13    3.82236999875774e-15    4.29025977882416e-10
274.680000000085    4.22925926716841e-10    3.9675518366628e-14    3.50981378173356e-14    3.91615258222779e-14    2.03379736039103e-14    1.54644148739419e-15    4.23061746313939e-10
275.184000000084    4.17085543860609e-10    3.95272192541688e-14    3.42478434079935e-14    3.93508261818815e-14    5.41071646713808e-17    2.60719570678692e-16    4.17198984576188e-10
275.688000000083    4.11324951687107e-10    3.93094660310632e-14    3.3966919346893e-14    3.89439819649542e-14    5.75834512849649e-18    1.00608961125278e-16    4.11437278421756e-10
276.192000000082    4.05652590378218e-10    3.89017627966231e-14    3.40192993460225e-14    3.82518248015923e-14    9.80263008501248e-15    1.11519293117232e-15    4.05774681088178e-10
276.696000000081    3.99850988339767e-10    3.82415470248923e-14    3.44432819209964e-14    3.72031176338851e-14    2.46250223558193e-13    3.04272406751203e-15    4.00210169233973e-10
277.20000000008    3.92653755681498e-10    3.84059008863878e-14    3.50588447506852e-14    3.58470397066437e-14    1.98266528735777e-12    5.93116715495064e-15    3.94751663921355e-10
277.704000000078    3.80079912017832e-10    3.79665577285816e-14    3.63070230305759e-14    3.40319993571255e-14    9.24252120481819e-12    9.28105930385824e-15    3.89440019862071e-10
278.208000000077    3.53425391249576e-10    3.75591787381665e-14    3.74660938385233e-14    3.2666270090592e-14    3.08545454781461e-11    1.28835071093545e-14    3.84400511777499e-10
278.712000000076    2.99267845282834e-10    3.69215366078988e-14    3.863207377705e-14    3.10598648091955e-14    8.05181604025312e-11    1.69268019464265e-14    3.79909545962506e-10
279.216000000075    2.07557649066682e-10    3.69696472756504e-14    4.01975558979332e-14    2.95582432240599e-14    1.68732534844194e-10    2.02110224609792e-14    3.76417120379734e-10
279.720000000074    9.28593840871142e-11    3.62645688948426e-14    4.0833180781581e-14    2.87681652361957e-14    2.81382152583436e-10    2.30669178811967e-14    3.74370469503344e-10
280.224000000073    9.77595317050442e-12    3.61507868521273e-14    4.13592475334031e-14    2.8134901089995e-14    3.63841556584268e-10    2.42590174781423e-14    3.73747413707726e-10
280.728000000071    1.63635098348978e-11    3.59015167851691e-14    4.05623149508836e-14    2.80613600530334e-14    3.57191767785014e-10    2.43298514603202e-14    3.73684132663161e-10
281.23200000007    1.06330953440201e-10    3.53735238844075e-14    3.97864539115784e-14    2.81272415372947e-14    2.66448042010785e-10    2.21876026786717e-14    3.72904470272998e-10
281.736000000069    2.16163924987657e-10    3.51884193344079e-14    3.82910123248338e-14    2.86067440557395e-14    1.5438907669199e-10    1.90444097519474e-14    3.70674132265115e-10
282.240000000068    2.95705922233642e-10    3.48543598527905e-14    3.61842546186426e-14    2.92787750171202e-14    7.12923052215624e-11    1.57044699266017e-14    3.6711424931462e-10
282.744000000067    3.36202683802423e-10    3.47017420070298e-14    3.48659646810906e-14    3.004745189229e-14    2.64341271272497e-11    1.14323137100865e-14    3.62747858401963e-10
283.248000000065    3.50291052349505e-10    3.42951724228413e-14    3.27825402538094e-14    3.10427070134956e-14    7.64149396197672e-12    8.14509710426121e-15    3.58038811828276e-10
283.752000000064    3.5157975323813e-10    3.41723423385828e-14    3.12562724683496e-14    3.20144006971151e-14    1.57059857476357e-12    4.93071219673647e-15    3.53252725540594e-10
284.256000000063    3.48220257102914e-10    3.36713787985205e-14    3.00965441312133e-14    3.22646383227808e-14    1.83597845830909e-13    2.68700713769004e-15    3.48502574517136e-10
284.760000000062    3.43720769759011e-10    3.37725827649057e-14    2.89294342996424e-14    3.2927243606948e-14    6.49148103658373e-15    9.55794337127896e-16    3.43823846295056e-10
285.264000000061    3.39127748372347e-10    3.31961138225653e-14    2.84215315523819e-14    3.29525343051638e-14    2.01825654371277e-18    6.2044537786387e-17    3.39222382614821e-10
285.76800000006    3.34603876926947e-10    3.24995159139123e-14    2.82866519588828e-14    3.25865084636085e-14    7.33098244017912e-17    2.26338343302972e-16    3.34697549251451e-10
286.272000000058    3.30134409342464e-10    3.23546806357463e-14    2.84375317633346e-14    3.19097989538243e-14    1.95665576135712e-14    1.34609692882651e-15    3.30248024008359e-10
286.776000000057    3.25448612235711e-10    3.2397365458063e-14    2.90382142274862e-14    3.07815870657396e-14    3.29612706935695e-13    3.22965291171343e-15    3.2587367176231e-10
287.280000000056    3.19287785736273e-10    3.20877148649041e-14    2.97028787095648e-14    2.95007265885719e-14    2.19846567923901e-12    5.91534550268216e-15    3.21583458081178e-10
287.784000000055    3.08205879408917e-10    3.17528516880154e-14    3.10474674916944e-14    2.82372997748803e-14    9.11044459264348e-12    8.45862580781873e-15    3.17415820246323e-10
288.288000000054    2.85449701496924e-10    3.14470085826307e-14    3.12444043163279e-14    2.72037703304057e-14    2.79231340559235e-11    1.24592931076193e-14    3.13475190029185e-10
288.792000000053    2.41638220165809e-10    3.1276034135634e-14    3.24903131190269e-14    2.5799001552395e-14    6.82293810201298e-11    1.58263742334976e-14    3.09972992908979e-10
289.296000000051    1.70753163590574e-10    3.09423970596375e-14    3.41113241735653e-14    2.50085987882438e-14    1.36369632404208e-10    1.80876754626097e-14    3.07230945990267e-10
289.80000000005    8.31626555276994e-11    3.04546810005527e-14    3.42544449391051e-14    2.41765744314401e-14    2.22284824593233e-10    2.126471070717e-14    3.0555763053201e-10
290.304000000049    1.42970133439622e-11    3.02033128674747e-14    3.42224450515469e-14    2.3414736991847e-14    2.90553828329287e-10    2.32555344368648e-14    3.04961937702596e-10
290.808000000048    5.01672625317903e-12    3.01093449190585e-14    3.38032789150557e-14    2.32791169810389e-14    2.99785536694898e-10    2.34799452897288e-14    3.04912934634181e-10
291.312000000047    6.09597808705352e-11    2.98425941154545e-14    3.29409477672517e-14    2.34701755736037e-14    2.43463807181826e-10    2.21753706804001e-14    3.04532017140498e-10
291.816000000046    1.45515874403591e-10    2.94573741391053e-14    3.26291933212818e-14    2.34088971830377e-14    1.5754544431255e-10    1.90059640303258e-14    3.03165820144815e-10
292.320000000044    2.17910948873124e-10    2.91597449249853e-14    3.12525858038832e-14    2.40771353216047e-14    8.27139677865372e-11    1.57055464157891e-14    3.00725111672128e-10
292.824000000043    2.61854823683966e-10    2.90598033481414e-14    2.954704512704e-14    2.46522801950465e-14    3.556289710808e-11    1.25863505304675e-14    2.97513566271246e-10
293.328000000042    2.81463587185245e-10    2.88365025257519e-14    2.81772245319402e-14    2.52329509733902e-14    1.23449583264714e-11    9.28896855716177e-15    2.93900081158305e-10
293.832000000041    2.86781478462907e-10    2.85232020393089e-14    2.71025410221999e-14    2.61898685238612e-14    3.27456319098034e-12    5.81760833287511e-15    2.90143674873806e-10
294.33600000004    2.85711415790328e-10    2.82336883958733e-14    2.56108955050325e-14    2.68266736631004e-14    5.82083764746892e-13    3.61217055829086e-15    2.86377782983197e-10
294.840000000038    2.82522728828525e-10    2.815255048407e-14    2.47136939954859e-14    2.73509915785202e-14    5.0439302725928e-14    1.57241352588201e-15    2.82654957780835e-10
295.344000000037    2.78908969385703e-10    2.78318733049208e-14    2.39781855121914e-14    2.74316347562283e-14    7.50928552918267e-16    5.02934534975027e-16    2.78989464942364e-10
295.848000000036    2.7530448455687e-10    2.75093102445133e-14    2.36779102772597e-14    2.73306300348652e-14    2.02338601334128e-26    2.33678641116432e-19    2.75383002641105e-10
296.352000000035    2.71755159957382e-10    2.74198036907284e-14    2.34941352745758e-14    2.70485305070842e-14    9.26911194028216e-16    5.84345106029947e-16    2.71834633683154e-10
296.856000000034    2.6820744149663e-10    2.73938639423337e-14    2.41688732304659e-14    2.62409140720943e-14    5.65858797506655e-14    1.54962412310263e-15    2.68343380651748e-10
297.360000000033    2.64195296883946e-10    2.70184351868206e-14    2.43164402980526e-14    2.54800126773766e-14    6.35210842627636e-13    3.68962316352345e-15    2.64911012237899e-10
297.864000000031    2.5793666961826e-10    2.66169073165553e-14    2.53444503011744e-14    2.42779729596967e-14    3.53356778486663e-12    5.86821676893148e-15    2.61552344950473e-10
298.36800000003    2.44999632946259e-10    2.66195453167895e-14    2.64146609530456e-14    2.33206160070192e-14    1.32361126931568e-11    8.26426354170751e-15    2.58320364725235e-10
298.872000000029    2.17449668073027e-10    2.62870963916575e-14    2.73594358252367e-14    2.22355370993024e-14    3.78090866270294e-11    1.1131470903376e-14    2.55345768240276e-10
299.376000000028    1.66464337977304e-10    2.60719163857235e-14    2.83367902531401e-14    2.14323458587022e-14    8.63170381313096e-11    1.37401672520742e-14    2.52870957328364e-10
299.880000000027    9.31206976230597e-11    2.59566939605303e-14    2.79674623253629e-14    2.06297635414998e-14    1.57989986532833e-10    1.73640180916901e-14    2.51202602093812e-10
