#t    E^kin_scal0    E^grad_scal0    E^kin_scal1    E^grad_scal1    Vpot_term_0    Vpot_term_1    E_tot
0    0.0584023365843309    6.89644195500876e-08    1.44569468279727e-06    5.08338302233293e-09    0.116804453569061    1.46186308714497e-06    0.175209771758964
0.5    0.0651787397141237    5.14687086011864e-08    3.78459718518164e-06    1.15102255991459e-08    0.0679799269640979    2.57554947473818e-06    0.133165089803816
1    0.0675759867045983    3.57846755818435e-08    2.0088896899727e-06    1.7617629753348e-08    0.0266357246275524    1.06370276627074e-06    0.0942148373269123
1.5    0.0601684329533548    2.66823160611798e-08    6.5147162713996e-07    1.33518808808504e-08    0.00268567145739299    1.13648942835498e-07    0.0628549095655147
2    0.0390492922889108    2.05095534880135e-08    3.83607921895783e-07    4.48936271276428e-08    0.0037186715434328    5.06400971475554e-07    0.0427689192444176
2.49999999999999    0.0120554389203404    1.62158979091528e-08    5.54566204556925e-07    2.11826981676294e-08    0.0221495032001022    1.15705235401884e-06    0.0342066911375973
2.99999999999998    1.09511483388335e-06    1.31502976653848e-08    1.05947669743293e-06    7.48830042209507e-09    0.0329222757830887    6.38525389874289e-07    0.032925089538608
3.49999999999997    0.00909331000680126    1.06889162486368e-08    7.10722516925727e-07    5.75353447346178e-09    0.022778007020244    5.32041312942237e-07    0.0318725762333259
3.99999999999996    0.0207286717132014    8.71918673832225e-09    3.58773085331077e-07    1.00552673791019e-08    0.00651567655664827    2.41558799210208e-07    0.0272449673761883
4.49999999999995    0.0213066226555452    7.31362854109868e-09    5.25614814157608e-08    5.43698221415775e-08    9.02908957798053e-06    2.23319165916932e-09    0.0213157682232469
4.99999999999994    0.0133373511211581    6.25003429611635e-09    3.21327444333491e-07    8.46754410584279e-09    0.00373577976556713    1.99187025594362e-07    0.0170736661187736
5.49999999999993    0.00455656200196511    5.40146788660763e-09    2.22036526954779e-07    8.45188789618014e-09    0.0105970747677728    5.75208210162497e-07    0.0151544478678308
5.99999999999992    0.000190152167022384    4.69354746080994e-09    2.27159404166335e-07    5.90883401698012e-09    0.0145612008892752    6.32450857810427e-07    0.014752223268941
6.49999999999991    0.00133946249667349    4.07455366361522e-09    4.19720566774939e-07    3.28719198843623e-09    0.0133369745565032    2.98843100082786e-07    0.0146771629785892
6.9999999999999    0.00584627067750733    3.55269848186192e-09    1.55873386567821e-07    5.52060092052332e-09    0.00811340555164126    3.48194774730395e-07    0.0139601893706093
7.49999999999988    0.00996912026874657    3.09735410677989e-09    1.61077866478469e-07    3.91842023012714e-09    0.00238213756495359    7.92530219640637e-08    0.0123515051803629
7.99999999999987    0.0103982336993527    2.72038023193749e-09    3.09989309631971e-08    1.97743959072084e-08    1.3954203344579e-06    2.32454069060096e-10    0.0103996828458484
8.49999999999986    0.00650049430509484    2.42379839020325e-09    1.08517622713028e-07    7.55938269932006e-09    0.00241432801077506    1.38107973569379e-07    0.00891507892464727
8.99999999999985    0.00154821537291612    2.17624196246997e-09    2.7368949641681e-07    2.19781800171311e-09    0.00674023712758755    1.081468166136e-07    0.00828883871087666
9.49999999999984    0.000110149020614903    1.94523472367622e-09    1.23627797990998e-07    4.07685065477628e-09    0.00811230938387129    2.66366783846653e-07    0.00822285442115341
9.99999999999983    0.0028486457347564    1.76050451268457e-09    1.46906431336721e-07    3.40462027357455e-09    0.00517839744491963    1.439394217153e-07    0.00802733919065387
10.4999999999998    0.00602095015049259    1.59633822528604e-09    7.61636818913646e-08    5.49741629858312e-09    0.00131118594181635    6.47582159230017e-08    0.00733228410796128
10.9999999999998    0.00638004547229973    1.44453576783124e-09    1.49570973281467e-08    1.95589240131096e-08    2.26573790517844e-05    5.88846169367044e-09    0.00640274470037031
11.4999999999998    0.00405411463071365    1.32402344962793e-09    1.20835814186167e-07    3.89811572983174e-09    0.00162706893936441    7.58625049528366e-08    0.00568138549053638
11.9999999999998    0.00125703733249905    1.21735403514052e-09    1.4734131056685e-07    2.78951430122184e-09    0.00409050322495419    1.52689613537151e-07    0.00534784459524569
12.4999999999998    5.06411047831247e-06    1.12233308093729e-09    1.22625107250845e-07    1.75294323371056e-09    0.00528526080808774    2.02585713282237e-07    0.0052906530046629
12.9999999999998    0.000860938560803548    1.02705728788472e-09    1.70332804056548e-07    1.54285614999001e-09    0.0043944470583348    1.05385898767756e-07    0.00525566390775462
13.4999999999998    0.0028616637022746    9.45793525802089e-10    7.18933175108291e-08    2.75467775074286e-09    0.00216593701349192    1.07922065558282e-07    0.00502778423162086
13.9999999999997    0.00428412817699184    8.67733933949204e-10    3.88756487788845e-08    3.94678994276099e-09    0.000300513944400222    2.52262074825651e-08    0.0045847110377722
14.4999999999997    0.00386920261183741    7.95943978668531e-10    2.45481546443828e-08    9.30785642548597e-09    0.00023097682186317    6.48728963976926e-08    0.00410027895855203
14.9999999999997    0.00191426586340618    7.44185146869538e-10    1.22100085744688e-07    1.70500878290552e-09    0.00186416748793529    1.16950175610768e-07    0.00377867485079676
15.4999999999997    0.000208281988544506    6.89445226971926e-10    6.9812211958293e-08    2.23531693034754e-09    0.00346920283673977    2.31402604576258e-07    0.00367778896486297
15.9999999999997    0.000305715010425231    6.40200324263636e-10    1.45604270625398e-07    1.01346525229255e-09    0.0033624666668683    1.35089264708011e-07    0.00366846402449444
16.4999999999998    0.00183331631510082    5.97642183819756e-10    6.31924883907162e-08    2.60880544259243e-09    0.00172901180311413    1.30495548963811e-07    0.00356252501269993
16.9999999999999    0.00306075889785039    5.61674611740094e-10    2.69076382523004e-08    4.22230198466234e-09    0.000243822765588819    4.28951965200028e-08    0.00330465625025058
17.4999999999999    0.00285571369492292    5.24434087548728e-10    1.42163416573219e-08    1.33274683368366e-08    0.000148929147449843    4.85265704932837e-08    0.00300471943718734
18    0.0015555612381439    4.99487843571145e-10    4.27377467383933e-08    4.75455848230357e-09    0.00123894690248369    1.41765427680049e-07    0.00279469789784833
18.5000000000001    0.000313536108694615    4.69889174200109e-10    8.97493747554828e-08    2.18709540664067e-09    0.00240082147112788    1.64963142749568e-07    0.00271461494932458
19.0000000000002    4.43028011935997e-05    4.4014275251094e-10    6.15095431813831e-08    2.44288736060233e-09    0.00266280117073846    1.93946588210784e-07    0.00270736231109357
19.5000000000002    0.000818453485893326    4.15228216352449e-10    1.03075246457056e-07    2.32454280380373e-09    0.00185583004266901    1.00709780570817e-07    0.00267449005336038
20.0000000000003    0.00190872759508659    3.88154218505452e-10    8.04002302124302e-08    1.16608525756841e-09    0.000643482678216512    3.27568289130334e-08    0.0025523249846017
20.5000000000004    0.00235705593215117    3.65705114035092e-10    2.49535446939165e-08    7.80253658625365e-09    4.87877189689112e-06    9.97716180431073e-10    0.00236196882355064
21.0000000000005    0.00174101406419571    3.44054284749873e-10    1.3378389570101e-07    1.35911966252379e-09    0.000444953512323779    1.55441332810524e-08    0.00218611860772242
21.5000000000006    0.000601847438411589    3.31875521145231e-10    8.67485884281933e-08    4.70800130821057e-09    0.00149024343602548    1.63447418681849e-07    0.00209234611032101
22.0000000000006    1.9512843644763e-06    3.0920390031544e-10    4.43934095493017e-08    4.72932302160409e-09    0.00207276195572475    2.42373964731548e-07    0.00207500504599043
22.5000000000007    0.000450656647657927    2.92733050168713e-10    4.9635122329506e-08    4.29979174080941e-09    0.00161242648252143    1.93058561338045e-07    0.00206333041638782
23.0000000000008    0.00138598091125955    2.78063241483091e-10    1.28234633391288e-07    1.17063342622385e-09    0.000605391879998514    2.20569289998557e-08    0.00199152453151713
23.5000000000009    0.00184914816240736    2.66051039383281e-10    4.06160421944347e-08    1.187809995397e-08    1.40923792571921e-05    4.36566155150658e-09    0.00186329766751929
24.000000000001    0.00145506030078644    2.5615003724558e-10    2.10057976094022e-07    3.90823223798449e-09    0.000281900383078158    4.31168068107457e-08    0.00173721802302978
24.500000000001    0.00061531214283316    2.71239450908784e-10    2.71353057652139e-07    3.90057689029744e-09    0.00104707600669867    1.57748750332912e-07    0.00166282142315616
25.0000000000011    4.32469334989788e-05    2.51760238584956e-10    8.07485471407784e-08    7.55829366245087e-09    0.0015992329954396    4.19988164345646e-07    0.00164298847570397
25.5000000000012    0.000153966328113568    2.29929607520648e-10    1.03986562953544e-07    6.64732349528199e-09    0.00148576738022755    3.58775959069803e-07    0.00164020334811624
26.0000000000013    0.000790450285955926    2.17744020925955e-10    1.96605554056255e-07    5.93576773077544e-09    0.000818047322608132    1.43317649870679e-07    0.00160884368527974
26.5000000000013    0.00137970356925215    2.10709219708973e-10    9.60030986848838e-08    5.05264255110163e-09    0.000152399422240717    3.61987672294015e-08    0.00153224045671055
27.0000000000014    0.00139213340139559    1.94969446015233e-10    1.489415621234e-08    6.39243270192255e-08    4.35308492245059e-05    9.09417524766552e-08    0.00143583420582525
27.5000000000015    0.000802347564523713    2.50470620679354e-10    8.10828594641547e-08    2.61830429192837e-08    0.000559597037168367    5.09526154872826e-07    0.00136256164421996
28.0000000000016    0.000151188240811672    3.0033221696764e-10    4.46935549972884e-07    8.47205762905833e-09    0.00118177593761927    3.87633448413531e-07    0.00133380751981917
28.5000000000017    4.2561947879794e-05    2.31678818771568e-10    1.72701981888421e-07    1.53817606125929e-08    0.00128795951102133    6.5632111725387e-07    0.0013313660954397
29.0000000000017    0.000529240818247765    1.90226449027463e-10    3.21996888116391e-07    9.21829046933187e-09    0.000785536789634833    2.97466099202762e-07    0.00131540647938684
29.5000000000018    0.0010848563722126    1.93557657631505e-10    1.21353843284591e-07    3.1210077643697e-08    0.000178642710486057    1.94262914431999e-07    0.00126384610309168
30.0000000000019    0.00117686047428389    1.9281364106998e-10    7.26355853266142e-08    1.4519686880311e-08    1.52468413615953e-05    1.25507920388518e-08    0.00119220721452337
30.500000000002    0.000754954417479993    1.80770666480599e-10    2.20525981498467e-07    5.54556345913251e-09    0.000378079184970808    1.06306670368055e-07    0.00113336616143679
31.000000000002    0.000214090517183316    2.32178237197715e-10    3.8593112981826e-07    2.6876537502458e-09    0.000891349330773332    1.13872831661807e-07    0.00110594257175012
31.5000000000021    1.09470498375515e-06    2.07219596954882e-10    1.1269809904533e-07    8.16982143689593e-09    0.00110037973407351    4.2444421820662e-07    0.00110201995841555
32.0000000000022    0.000257722469370205    1.79314097856128e-10    3.27078661701546e-07    3.35488561588421e-09    0.000838335636148374    1.28344407415558e-07    0.00109651706278741
32.5000000000021    0.000735393185826465    1.63550616681578e-10    1.10779565484433e-07    9.40777783896574e-09    0.000332575820042728    1.54585425835823e-07    0.00106824394218897
33.000000000002    0.00100599568383544    1.63893953939454e-10    2.73885657433894e-08    2.83778147266281e-08    1.16199354573276e-05    1.74058557633157e-08    0.00101768895542296
33.5000000000019    0.000819697927071729    1.48880611469787e-10    1.27314048600282e-07    1.36972027874928e-08    0.000145888239346463    1.12187527253548e-07    0.000965839514077444
34.0000000000018    0.000340675556011309    1.91868733975092e-10    3.15162245704595e-07    3.66111422850807e-09    0.00059339215270385    9.49723069161187e-08    0.000934481696250742
34.5000000000017    1.40322408810052e-05    2.10171860073474e-10    3.50764439829591e-07    3.50352487435954e-09    0.000912202135371314    1.46258960830867e-07    0.000926735113349714
35.0000000000016    0.000133993863547259    1.71795992722552e-10    1.66971814085363e-07    6.87027273510166e-09    0.000790363850725288    2.8679279063789e-07    0.000924818520945998
35.5000000000015    0.000549886861136501    1.45495694003863e-10    2.45798506820488e-07    3.82410448907392e-09    0.00035709468061182    6.28119495590979e-08    0.000907294121804883
36.0000000000014    0.000841818584157529    1.39857308584527e-10    1.06795800580449e-07    8.54387034051595e-09    2.80415797955267e-05    1.20395263861878e-08    0.000869987683007671
36.5000000000013    0.000745946221583444    1.29792076561427e-10    2.56622469939515e-08    5.71325384624708e-08    8.19355050360773e-05    2.77077742240503e-07    0.000828241728939295
37.0000000000012    0.000370292826007372    2.87959780342688e-10    2.52519726419872e-07    1.86447464362566e-08    0.000429039597304329    5.33747948189877e-07    0.000800137623692528
37.5000000000011    4.93440631451976e-05    4.89196391907837e-10    7.26293137744865e-08    1.96207479863996e-08    0.000740446084263733    9.01473284048465e-07    0.000790784359951132
38.000000000001    4.1656914114251e-05    3.59089997103911e-10    1.74382938169183e-07    1.55499626348602e-08    0.000747387739717386    7.79521301397842e-07    0.000790014467123836
38.5000000000009    0.000330563555706147    2.16249428169646e-10    7.51772719459682e-08    2.31467125733926e-08    0.000450432971167023    6.42630220533182e-07    0.000781737697327651
39.0000000000008    0.000651771131130033    1.65603023252679e-10    1.28671590309649e-07    2.04235210794663e-08    0.000105491464573449    1.70721944661918e-07    0.000757582578362556
39.5000000000007    0.000714666500962215    1.67669706636198e-10    1.23446444117607e-07    7.89849198561984e-08    9.09333255958692e-06    3.86353658209397e-08    0.000724001067921303
40.0000000000006    0.000456761282457734    3.23708825598901e-10    1.06620067394487e-06    1.77441256811762e-09    0.000238150650148847    3.66664431657092e-08    0.000696016897845085
40.5000000000005    0.000114724044384533    1.33177424987309e-09    6.83136745560621e-08    4.73829765038169e-08    0.000567007690545465    1.49825732274335e-06    0.000683347020678051
41.0000000000004    6.2528244385133e-06    1.2972167038442e-09    3.20002506161037e-07    3.68215240020051e-08    0.000673885785279342    1.35893594015672e-06    0.000681855666904879
41.5000000000003    0.00021787781140562    6.11214691035141e-10    1.09492228363939e-06    1.28295259114878e-08    0.000458393904429676    3.19208043859855e-07    0.000677699286903398
42.0000000000002    0.0005257868182002    3.0084793349395e-10    1.45465023447391e-07    7.62448287199313e-08    0.000134148851422835    5.90190802762323e-07    0.000660747871125898
42.5000000000001    0.000633227683629059    3.59805046443475e-10    2.47127776984463e-07    1.23623399930342e-08    6.13090195693244e-07    7.76789940436321e-10    0.000634101400536717
43    0.000451748479698609    2.8877550034582e-10    4.07340636134851e-07    4.82073728547689e-08    0.000157142568977796    4.61340337328371e-07    0.000609808225798223
43.4999999999999    0.000155988694410142    1.12362081347041e-09    1.24316241519803e-06    2.11147724365899e-09    0.000439619812654688    7.78497008750314e-08    0.000596932754278959
43.9999999999998    1.16803866443135e-06    1.68325794216848e-09    7.94995508834272e-07    1.81122897138819e-08    0.000591761617516648    6.91550392409664e-07    0.000594435997629979
44.4999999999997    0.000106709202708355    9.97575302086221e-10    9.14888754366449e-08    3.75950439104243e-08    0.000484960682078502    1.19526448119409e-06    0.0005929952307627
44.9999999999996    0.000367666153406921    5.18471416956366e-10    8.15347992099353e-07    3.74367727556776e-09    0.000214616075928645    5.66992715441565e-08    0.000583158538747901
45.4999999999995    0.000548080081781197    4.14016153050415e-10    9.36325668281129e-08    6.07808686017616e-08    1.51850628466648e-05    6.30334675343345e-08    0.000563483005546979
45.9999999999994    0.000481897187306398    4.71249695093027e-10    1.25073436744614e-07    2.39248097042178e-08    5.94816039517683e-05    9.32952480242065e-08    0.000541621556002335
46.4999999999993    0.000227146546135725    4.18132626298561e-10    2.71011681715792e-07    1.22786289716088e-08    0.000299475695846971    2.33888254362653e-07    0.000527139838680372
46.9999999999992    1.99988804275288e-05    7.76642216014831e-10    3.15789703840374e-07    9.74724504454123e-09    0.000502142802934243    3.41215865413451e-07    0.000522809212818286
47.4999999999991    5.01322004545935e-05    6.79183847690844e-10    2.10053691226847e-07    1.29801634902431e-08    0.000471511609278307    4.10205584175589e-07    0.000522277728355641
47.999999999999    0.000274609486608238    4.85995011392759e-10    2.44357932135314e-07    1.04675201668286e-08    0.000241124560730705    1.84183061213598e-07    0.00051617354184747
48.4999999999989    0.00046922817317391    3.78089821875551e-10    7.06733360664213e-08    2.95208291430609e-08    3.17485974436626e-05    7.31103822760438e-08    0.00050115045325488
48.9999999999988    0.000453968048899795    4.14144241009606e-10    4.6601961118877e-08    4.54646841319112e-08    2.85053603851163e-05    8.69514604039474e-08    0.000482652841534807
49.4999999999987    0.000252082951396708    4.59106820445549e-10    2.60168780003247e-07    1.1763837366678e-08    0.000216435157442797    1.78876755417681e-07    0.000468969377319113
49.9999999999986    4.73070031444462e-05    5.93309764501094e-10    1.30013186950405e-07    1.73540623412254e-08    0.000415744155977875    4.87166653509062e-07    0.000463686286334886
50.4999999999985    1.23511344221212e-05    6.10173235628819e-10    4.21989516728392e-07    6.76780718080112e-09    0.000450228623186692    2.18281440266289e-07    0.000463227406546225
50.9999999999984    0.000166944175645921    4.61272066061712e-10    1.52775358380686e-07    1.6123349304539e-08    0.000292868489917038    3.32437992313967e-07    0.000460314463535024
51.4999999999983    0.000368251435886276    3.98041903058675e-10    9.1694833356462e-08    2.32553145110032e-08    8.17463318961704e-05    1.37984428812496e-07    0.000450251100401029
51.9999999999982    0.000433596488045326    3.36156707796097e-10    1.14819153222224e-07    4.08839707414433e-08    1.27101829454919e-06    3.69584877288017e-09    0.000435027241469319
52.4999999999981    0.000300861038696487    4.27078269612686e-10    4.01971461197514e-07    3.46161326088118e-08    0.000119763892352437    3.05189889798711e-07    0.000421367135610798
52.999999999998    9.17465547836584e-05    1.02876237340329e-09    8.31781336299321e-07    7.97604034756683e-09    0.000321682540809837    2.08065421687934e-07    0.000414477947154204
53.4999999999979    2.60007880936933e-07    1.40736628799122e-09    3.9776443987197e-07    2.54706067120535e-08    0.000412014310049361    7.04568715748491e-07    0.000413403529058918
53.9999999999978    0.00010595726608363    9.41940562146189e-10    4.03752555941595e-07    2.11963411416352e-08    0.000305130000251901    5.09250426168732e-07    0.000412022407599345
54.4999999999977    0.000298173178128212    5.08740113886873e-10    3.32433092818291e-07    1.89222383835148e-08    0.000106201772963457    1.75666449667513e-07    0.000404902481612652
54.9999999999976    0.000391545807625337    3.46678767317038e-10    1.87631875010263e-07    1.27862022587785e-07    6.05101175829066e-07    5.49212803689357e-09    0.000392472241505568
55.4999999999975    0.000303320258248233    6.15526392240206e-10    4.37400743684335e-07    1.48829674117399e-07    7.52953813798171e-05    9.66664775373834e-07    0.000380169150347618
55.9999999999974    0.000120446893830648    3.74651747355758e-09    3.56408767775994e-07    9.14095137309835e-08    0.000250092710901744    1.98520643266835e-06    0.000372976375964041
56.4999999999973    4.44273932272808e-06    7.4312349303062e-09    2.57103478997314e-06    5.46126115582609e-09    0.000363951713375027    2.47535726782511e-07    0.000371225915710596
56.9999999999972    5.02803281915981e-05    5.9944273996577e-09    6.58791015274192e-07    7.49246184610222e-08    0.000317814489809654    1.88730165780723e-06    0.000370721829720194
57.4999999999971    0.000210786487118404    2.72280628284952e-09    1.60724680743244e-07    1.11702144988105e-07    0.000153921401255657    1.49812160754286e-06    0.000366481159613618
57.999999999997    0.000339444087693259    1.03877800302766e-09    7.35645415685836e-07    1.33108725767797e-07    1.66116067853186e-05    1.61360077942725e-07    0.000357086847475977
58.4999999999969    0.000317113959349842    8.09481407754237e-10    8.64785964876077e-08    5.35218710923343e-07    2.69179643069743e-05    1.28381169281254e-06    0.000345938242138447
58.9999999999968    0.000162423055276436    1.48230802913851e-08    3.88766950014338e-06    7.14593113881288e-08    0.00017070909209569    9.06793873602482e-07    0.000338012893137552
59.4999999999967    2.06349628112332e-05    4.34437376673932e-08    2.4785514196971e-06    1.50658692698625e-07    0.000308112149561033    3.84900856636832e-06    0.000335268774788698
59.9999999999966    2.21924737278736e-05    4.62528578764927e-08    9.92765529272943e-07    1.76345453670574e-07    0.000306324155527193    5.22081408690643e-06    0.000334952807182793
60.4999999999965    0.000158704418311159    2.42138072196516e-08    2.16076122678376e-06    1.23760408954131e-07    0.00016894904471329    2.2508386329372e-06    0.000332213037100344
60.9999999999964    0.00029427853539131    7.76206015653962e-09    5.67334465444288e-07    4.56587328664051e-07    2.82774255945265e-05    1.23861114381076e-06    0.000324826255983912
61.4999999999963    0.00030119098682574    2.86960838308492e-09    3.76332743825214e-07    4.67672064131755e-07    1.23658448078518e-05    7.60317989657435e-07    0.000315164024039589
61.9999999999962    0.000175794937720167    3.17747843989783e-08    4.37647340167328e-06    5.26576361218342e-08    0.000126639646691909    7.20335407049855e-07    0.000307615825641319
62.4999999999961    3.76096539485732e-05    1.12058715681484e-07    5.72677911225685e-06    4.56813682115118e-08    0.000259748056836429    1.18757800039551e-06    0.000304429807981548
62.999999999996    5.35065776139457e-06    1.5554834821088e-07    3.66909790336931e-06    1.02640099538143e-07    0.000291288504881637    3.45305933220084e-06    0.000304019508326351
63.4999999999959    0.00010176527392309    1.10693629589291e-07    1.8659784006199e-06    1.49589701604762e-07    0.000194812181964602    3.85176094754748e-06    0.000302555478567053
63.9999999999958    0.000237006387422988    5.03735077990851e-08    2.00855121268481e-06    2.12725137731505e-07    5.67429672315496e-05    1.30299876413304e-06    0.000297324003276886
64.4999999999961    0.000287267757052613    1.70637713505698e-08    7.88936303096099e-07    4.76751054848061e-07    5.57368645087849e-07    7.15816086550783e-08    0.000289179458435651
64.9999999999963    0.000198075280053337    5.65330103196572e-08    2.94464360271432e-06    3.28088207191878e-07    7.53350608159014e-05    5.02274331851291e-06    0.000281762349007977
65.4999999999966    6.06906742269931e-05    3.60098231285174e-07    1.22873205281965e-06    2.67501418569479e-07    0.000205491924539778    9.84299242940087e-06    0.000277881922898847
65.9999999999969    5.17749837024011e-07    6.89724376864982e-07    3.48046618794253e-06    1.7620804239899e-07    0.000263618646054928    8.64905078684468e-06    0.000277131845286003
66.4999999999971    7.1513635354694e-05    6.47760560092327e-07    4.83481231233145e-06    1.94065742051306e-07    0.000193987333955652    5.01842024660054e-06    0.000276196028171422
66.9999999999974    0.000200348380677993    3.60581694428507e-07    2.26213169394817e-06    4.66949228695606e-07    6.55849799058068e-05    3.12622484555614e-06    0.000272149248046428
67.4999999999976    0.000261755019223897    1.32547784897892e-07    1.85694963132361e-06    8.33458182385204e-07    5.11965981198813e-07    1.42911318582926e-07    0.000265232852122286
67.9999999999979    0.00019397234489922    2.05977001434734e-07    2.39284580731475e-06    8.99392878823298e-07    5.47244501718097e-05    6.32846310485369e-06    0.000258523473863456
68.4999999999981    7.11007161193438e-05    1.2539994365604e-06    5.70522994434928e-06    4.28349455928807e-07    0.000168634898850657    7.5142182214984e-06    0.000254637412028338
68.9999999999984    2.04031624353527e-06    2.21831730521624e-06    5.29255047114995e-06    6.16900821709037e-07    0.000234158910673858    9.32676682026709e-06    0.000253653762335735
69.4999999999986    4.54009877073732e-05    2.21005549204177e-06    4.17284349712201e-06    5.97341918105771e-07    0.000192193425632391    8.45249939340808e-06    0.000253027153640442
69.9999999999989    0.000157858048437644    1.19807520664891e-06    3.83194842104432e-06    9.01614139458526e-07    8.20501987928941e-05    4.25248794046416e-06    0.000250092372938154
70.4999999999992    0.000234829910776328    4.2045394297374e-07    2.59166425775539e-06    1.30268023836536e-06    4.90725228055501e-06    3.87962514573155e-07    0.00024443992401055
70.9999999999994    0.000197270927342286    5.4683500396229e-07    2.01745109791841e-06    1.72562556808937e-06    3.20312508482546e-05    4.68873949934635e-06    0.000238280829359857
71.4999999999997    8.46344299861354e-05    2.06877754254445e-06    1.08481454266831e-05    4.42334149931983e-07    0.000133210566648478    3.09491962589261e-06    0.000234299173379665
71.9999999999999    6.01064016570078e-06    3.12847559296427e-06    1.15920585475385e-05    5.84244904371584e-07    0.000207187535553017    4.54621464299555e-06    0.000233049169406588
72.5000000000002    3.34660895186257e-05    2.69908795304878e-06    9.54426322362733e-06    7.464540845591e-07    0.000180933524946872    5.13235826051189e-06    0.000232521777987244
73.0000000000004    0.000136138189326026    1.4653476945609e-06    7.24412737379859e-06    8.87821937833812e-07    8.16726730976369e-05    2.73913246032618e-06    0.000230147291890182
73.5000000000007    0.000212422033338033    6.10155923124416e-07    2.66504511381082e-06    1.84990154368441e-06    6.80787285286032e-06    9.36402660126499e-07    0.000225291411431639
74.000000000001    0.000183545284901857    8.09692553149234e-07    2.14368242469089e-06    2.27036923434918e-06    2.58738541887456e-05    5.2010486383254e-06    0.000219843931941117
74.5000000000012    8.29938182338132e-05    2.64283576209968e-06    1.31569216411044e-05    6.95338353092631e-07    0.000113106663665176    3.59935856725526e-06    0.000216194936222542
75.0000000000015    8.80382939138975e-06    4.15988200383485e-06    1.25971117402789e-05    7.88465506398001e-07    0.000181588156547342    6.95409937502744e-06    0.000214891544564271
75.5000000000017    2.47604674301796e-05    3.7750512738717e-06    1.08461734999876e-05    1.02487082501425e-06    0.000166940632720739    7.02421640567301e-06    0.000214371412155465
76.000000000002    0.000112474488528841    2.2954255253163e-06    7.80279689746843e-06    1.18178073027833e-06    8.40137353272792e-05    4.69956054586762e-06    0.000212467787555051
76.5000000000022    0.000188486679374525    1.00599525738698e-06    4.29539563138669e-06    2.06373395848334e-06    1.11992886435312e-05    1.33554282918846e-06    0.000208386635694502
77.0000000000025    0.00017379215832554    9.68141302856816e-07    2.65257541128895e-06    3.20510078459209e-06    1.78430257104508e-05    5.07911004932633e-06    0.000203540111584055
77.5000000000027    8.21629271602888e-05    3.20300707410368e-06    1.50933631054014e-05    1.26230409501824e-06    9.29978185964702e-05    5.42035409596401e-06    0.000200139774127246
78.000000000003    1.07438234573194e-05    5.91105265105623e-06    1.07172728303532e-05    1.2607136294594e-06    0.000157773512551255    1.2359401656893e-05    0.000198765776776336
78.5000000000033    2.44611203634919e-05    5.75415492543551e-06    1.06308528956794e-05    1.54700485999406e-06    0.000145735167746366    1.00386468025494e-05    0.000198166947593516
79.0000000000035    0.000106525589797304    3.52586429371316e-06    8.27001332790255e-06    2.00413581891433e-06    7.03259853439961e-05    5.69815421561316e-06    0.000196349742797443
79.5000000000038    0.000172784275643595    1.49133042981544e-06    5.59966627985096e-06    3.09618755657148e-06    8.54898919336684e-06    1.1201401877588e-06    0.000192640589290958
80.000000000004    0.000150939880873736    1.52400413070857e-06    3.98623230365247e-06    4.36373364614403e-06    2.07925836374575e-05    6.81652363018246e-06    0.000188422958221881
80.5000000000043    6.74991873809253e-05    5.24274479054353e-06    1.66910865869238e-05    1.8992733776846e-06    8.76541824089596e-05    6.56552277625052e-06    0.000185551997321287
81.0000000000045    9.3884803943668e-06    8.9805809928957e-06    1.36029619585321e-05    1.76378787727123e-06    0.000138624445478021    1.19818929896748e-05    0.000184342149690762
81.5000000000048    2.78952251406172e-05    7.94347042644816e-06    1.16165605019345e-05    2.41282875455108e-06    0.000123086270696429    1.07088001884093e-05    0.00018366315570839
82.000000000005    0.000101481618049149    4.64589700842236e-06    9.64828409712343e-06    2.74301777807033e-06    5.75224045077692e-05    5.82404603583021e-06    0.000181865267476365
82.5000000000053    0.000156803566246415    2.01625074200063e-06    6.69553149809071e-06    3.93704884437549e-06    7.61722834647401e-06    1.43860875876975e-06    0.000178508234436126
83.0000000000056    0.00013067265797813    2.489918300306e-06    5.39553928630926e-06    5.26103303044661e-06    2.32806898574689e-05    7.74729042925954e-06    0.00017484712888192
83.5000000000058    5.40575938250108e-05    7.06046068530356e-06    1.73260572128977e-05    2.72125962160607e-06    8.35926388276752e-05    7.66751553780976e-06    0.000172425525710303
84.0000000000061    9.0882980614008e-06    1.07516844242756e-05    1.51320026360159e-05    2.23968948088457e-06    0.000122385211977625    1.17843852883649e-05    0.000171381271868567
84.5000000000063    3.83303853319729e-05    8.61135635788672e-06    1.23722557759298e-05    3.01623141316823e-06    9.82247087965694e-05    1.00015847019434e-05    0.000170556522377471
85.0000000000066    0.000107418002623538    4.68985400834501e-06    9.44154619464901e-06    3.75251666798707e-06    3.8097384010728e-05    5.19753782729355e-06    0.00016859684133254
85.5000000000068    0.000142709786210763    2.47394536085987e-06    7.12824002225713e-06    4.89939396976931e-06    5.97429361260035e-06    2.24242151162659e-06    0.000165428080687876
86.0000000000071    0.000101267509858383    4.06192890074161e-06    8.69674711260963e-06    5.2349648894102e-06    3.31337207879619e-05    9.98966156956801e-06    0.000162384533118675
86.5000000000073    3.52605242167523e-05    9.52082391950516e-06    1.82732296188462e-05    2.863522907793e-06    8.48007770539018e-05    9.79700750979891e-06    0.000160515885226597
87.0000000000076    1.14064479211882e-05    1.21945106532458e-05    1.64584215607687e-05    2.84920144325251e-06    0.000105079692327589    1.16622567875613e-05    0.000159650530693605
87.5000000000079    5.05016811657205e-05    9.25162413798272e-06    1.27365360960679e-05    3.86014589305783e-06    7.34146790835553e-05    8.87805846645338e-06    0.000158642724842838
88.0000000000081    0.000109366843030673    5.03256809658814e-06    9.16176185609629e-06    4.85166739026269e-06    2.39113088039929e-05    4.23676773277369e-06    0.000156560916910386
88.5000000000084    0.000124082202002803    3.28766811367497e-06    7.62229053907572e-06    5.83588070338546e-06    8.77745798779043e-06    4.0675882691487e-06    0.000153673087615878
89.0000000000086    7.49773493345293e-05    6.31175937269027e-06    1.25932581537408e-05    5.01458671690606e-06    4.19655970638586e-05    1.03424744570406e-05    0.000151205025098766
89.5000000000089    2.24296424569854e-05    1.16375871776114e-05    1.81674789523242e-05    3.23516452395726e-06    8.30052549965701e-05    1.13013304374919e-05    0.00014977645854494
90.0000000000091    2.06117726796931e-05    1.21261205824611e-05    1.60949691505756e-05    3.65939667947966e-06    8.546684495538e-05    1.09982089493145e-05    0.000148957312996904
90.5000000000094    6.80912951325034e-05    8.16433682783677e-06    1.20039798226343e-05    4.89148981302085e-06    4.73890940960782e-05    7.13219057411421e-06    0.000147672386266188
91.0000000000096    0.000110262176090909    4.65016864283134e-06    8.90345384071358e-06    6.03058531030902e-06    1.20135004330073e-05    3.58076882442469e-06    0.000145440653142195
91.5000000000099    9.74959019789757e-05    4.81495740493387e-06    9.27048714277254e-06    6.37116104357424e-06    1.73238940185099e-05    7.64216026917661e-06    0.000142918561857943
92.0000000000102    4.58823651590259e-05    9.59474773959071e-06    1.77928427616175e-05    4.46069402289638e-06    5.28367387273369e-05    1.0502989247289e-05    0.000141070377657756
92.5000000000104    1.60068317641355e-05    1.36077234906967e-05    1.84134080660355e-05    3.78880966062519e-06    7.61519877901949e-05    1.20453270821629e-05    0.000140014087853851
93.0000000000107    3.58325232204945e-05    1.17990163242989e-05    1.49979132060639e-05    4.85386034385815e-06    6.17952321186328e-05    9.81970889304323e-06    0.000139098254106391
93.5000000000109    8.05894224605035e-05    7.48950161917413e-06    1.10651086719316e-05    6.12464243770248e-06    2.67249816087691e-05    5.55072995838264e-06    0.000137544386756463
94.0000000000112    9.91453713303084e-05    5.1537656192785e-06    9.34891614028585e-06    6.89642910214442e-06    9.99165110714907e-06    4.82351104153738e-06    0.000135359644340704
94.5000000000114    6.83871515810113e-05    7.43417403836359e-06    1.3194273993113e-05    6.14737459071141e-06    2.84805630044494e-05    9.67216623296323e-06    0.000133315703440612
95.0000000000117    2.71854813239119e-05    1.25047162507549e-05    1.94266802225915e-05    4.55237894471511e-06    5.74478656106601e-05    1.08386620623e-05    0.000131955784414934
95.500000000012    2.24556752086709e-05    1.36036435354618e-05    1.75699913077476e-05    4.87370052313836e-06    6.18638850718851e-05    1.06804951648175e-05    0.000131047390811721
96.0000000000122    5.57925046542983e-05    9.8747723680387e-06    1.3372773694536e-05    6.27237286207908e-06    3.7163974555069e-05    7.41102376924138e-06    0.000129887421903263
96.5000000000125    8.58335346148184e-05    6.45235447020822e-06    1.04626478562104e-05    7.37477813827053e-06    1.30607563813089e-05    4.93731473589648e-06    0.000128121386196713
97.0000000000127    7.59360971136718e-05    6.84510412925167e-06    1.17443306751776e-05    7.25942289330183e-06    1.6486835115233e-05    7.9017383658999e-06    0.000126173528292536
97.500000000013    3.91991930028057e-05    1.11790554211335e-05    1.82455928164925e-05    5.71907041709022e-06    3.9792408004629e-05    1.05285991339268e-05    0.000124663918796078
98.0000000000132    2.05043469005177e-05    1.44518189515598e-05    1.9335714262974e-05    5.27581739055549e-06    5.32788561944248e-05    1.08035334618355e-05    0.000123650087161867
98.5000000000135    3.78665464578946e-05    1.24770690538339e-05    1.57413639374928e-05    6.45565207475805e-06    4.14078078750876e-05    8.72432163545216e-06    0.000122672761034519
99.0000000000137    6.83217804648022e-05    8.38959363112388e-06    1.20532046540572e-05    7.77407065074208e-06    1.88856586723308e-05    5.84658039260958e-06    0.000121270888465666
99.500000000014    7.43699764186898e-05    7.04438302054918e-06    1.16141707663883e-05    8.05985081243364e-06    1.19670433661843e-05    6.48564332439278e-06    0.000119541067708638
100.000000000014    4.8657910109094e-05    9.96679231985285e-06    1.60812359999878e-05    6.96413387657578e-06    2.67089959719597e-05    9.61676290884891e-06    0.000117995831186319
100.500000000015    2.46356270959943e-05    1.37318118191117e-05    1.96635227002753e-05    6.02897499591436e-06    4.25993211907694e-05    1.02220575249799e-05    0.000116881315327045
101.000000000015    2.99089326399292e-05    1.33208652875128e-05    1.74543650382781e-05    6.7434656354129e-06    3.94978340710033e-05    9.01700962411903e-06    0.000115942472296255
101.500000000015    5.46958930584216e-05    9.71622828564984e-06    1.37340556604062e-05    8.11152331401601e-06    2.18598885149424e-05    6.63725133942717e-06    0.000114754840172863
102.000000000015    6.65867902696582e-05    7.71595775520007e-06    1.23849320394243e-05    8.71984488765974e-06    1.15123369407754e-05    6.33225938610885e-06    0.000113252121278826
102.500000000016    5.05765973563985e-05    9.56357747036654e-06    1.53940312815815e-05    8.00307666225055e-06    1.93590612075693e-05    8.89383640428525e-06    0.000111790180382452
103.000000000016    2.82516226807036e-05    1.31370153860586e-05    1.94738799998928e-05    6.95471282944348e-06    3.29630003444364e-05    9.86872972493301e-06    0.000110648960965468
103.500000000016    2.63778988939326e-05    1.38294697722073e-05    1.85826650572115e-05    7.26475771890707e-06    3.45264464263473e-05    9.13127080423448e-06    0.00010971250867284
104.000000000016    4.4052297631062e-05    1.09769204637603e-05    1.52585196494787e-05    8.47880330351871e-06    2.26295673976711e-05    7.26371848658307e-06    0.000108659826932074
104.500000000017    5.74484202492502e-05    8.54319706399398e-06    1.34855726423267e-05    9.21628172025019e-06    1.22110376172993e-05    6.45119831366101e-06    0.000107355707606781
105.000000000017    4.95444710645176e-05    9.34386095101923e-06    1.52218378941801e-05    8.83192091273096e-06    1.5086236580269e-05    7.98218779885238e-06    0.000106010515201569
105.500000000017    3.12866340919011e-05    1.2184545872793e-05    1.86019028039133e-05    7.9716655226938e-06    2.55509182454704e-05    9.28474190639448e-06    0.000104880408443166
106.000000000017    2.59717192243781e-05    1.33016874811581e-05    1.89311998642632e-05    7.95007285769123e-06    2.90194543411902e-05    8.76673000736711e-06    0.000103940863776048
106.500000000018    3.78250387778837e-05    1.12332389997865e-05    1.64358227028864e-05    8.89929087742819e-06    2.11570864138611e-05    7.40900078163565e-06    0.000102959478553482
107.000000000018    4.95978819485816e-05    8.95680680093794e-06    1.45872618956692e-05    9.67341702264728e-06    1.22901775490714e-05    6.69100893580224e-06    0.00010179655415271
107.500000000018    4.5312156941909e-05    9.39156029596812e-06    1.56477349131053e-05    9.49050292643297e-06    1.29616116143849e-05    7.77424020587391e-06    0.000100577806897674
108.000000000018    3.13881098361882e-05    1.16765185592831e-05    1.84517369094444e-05    8.76016898307926e-06    2.0413698039196e-05    8.81445389514589e-06    9.95046862223368e-05
108.500000000019    2.57398856969819e-05    1.27271437107955e-05    1.90747551126667e-05    8.64134644067668e-06    2.38247995889117e-05    8.5769978231589e-06    9.85849283731914e-05
109.000000000019    3.34578485509617e-05    1.12677771276819e-05    1.72144643713079e-05    9.31819060963873e-06    1.88688662993061e-05    7.52986990622547e-06    9.76570168651218e-05
109.500000000019    4.26669118609541e-05    9.35596713505485e-06    1.55559843725447e-05    9.96980986237772e-06    1.21215881448346e-05    6.93729571150342e-06    9.66075570872694e-05
110.000000000019    4.11026757195945e-05    9.30928731326618e-06    1.61144237783417e-05    9.91691691916241e-06    1.1635577202727e-05    7.42539996760624e-06    9.5504280900698e-05
110.50000000002    3.10570098203496e-05    1.09017354742206e-05    1.80223873484211e-05    9.41862112395529e-06    1.67381043382086e-05    8.35565653208993e-06    9.44935146372451e-05
111.00000000002    2.5890093804784e-05    1.17622866366146e-05    1.88112073891324e-05    9.22373530025071e-06    1.96800589048782e-05    8.23327668519527e-06    9.36006587208552e-05
111.50000000002    3.08266730490962e-05    1.07367928044516e-05    1.76137484348051e-05    9.65413920717095e-06    1.64430171581678e-05    7.44119544331571e-06    9.27155660970074e-05
112.00000000002    3.75290210692623e-05    9.26377362646522e-06    1.63313101045912e-05    1.01855266247718e-05    1.14142823205052e-05    7.02619352022187e-06    9.17501072658176e-05
112.500000000021    3.6617310031254e-05    9.1842422904521e-06    1.66295781972419e-05    1.02157091653238e-05    1.06928449245516e-05    7.40761951484484e-06    9.07473041236683e-05
113.000000000021    2.94113721502692e-05    1.03338388860759e-05    1.80050930238796e-05    9.87204107732472e-06    1.41083610329764e-05    8.07804012596212e-06    8.9808746296488e-05
113.500000000021    2.53460861734689e-05    1.10282632566236e-05    1.86580408748112e-05    9.71472745189302e-06    1.62687310674941e-05    7.94033204172127e-06    8.8956180866012e-05
114.000000000021    2.84506299325905e-05    1.02854354707146e-05    1.78358223260976e-05    9.96783071376936e-06    1.41736067932576e-05    7.40237628270503e-06    8.81157015191347e-05
114.500000000022    3.3258459339544e-05    9.07559662923214e-06    1.69242196791772e-05    1.03092134742573e-05    1.06135492646867e-05    7.04316353514051e-06    8.72242019220379e-05
115.000000000022    3.28609891502748e-05    8.87191405768003e-06    1.69414061670293e-05    1.04227352695221e-05    9.91041351331009e-06    7.29902991115011e-06    8.63064880689664e-05
115.500000000022    2.78250097412919e-05    9.61665010983231e-06    1.78192638879121e-05    1.02509308776982e-05    1.21911132560661e-05    7.73107660018118e-06    8.54340444729818e-05
116.000000000022    2.47827410841924e-05    1.00583727101327e-05    1.8316734076884e-05    1.00802240742889e-05    1.37123947150181e-05    7.6739185358266e-06    8.46243851963427e-05
116.500000000023    2.6783893206455e-05    9.47857460956879e-06    1.79436840571611e-05    1.01552354795266e-05    1.22309667826367e-05    7.23359862923239e-06    8.38259527645806e-05
117.000000000023    2.99770021742006e-05    8.61698933407172e-06    1.72860842807895e-05    1.03857625976477e-05    9.71190501630658e-06    7.01766509289831e-06    8.29954084959144e-05
117.500000000023    2.95100973914141e-05    8.50980339501254e-06    1.72381000902297e-05    1.04845693174175e-05    9.19301325702955e-06    7.2161101883385e-06    8.21516936394419e-05
118.000000000023    2.59109565690828e-05    9.06269747720481e-06    1.77432452878284e-05    1.03776262544318e-05    1.0710463573924e-05    7.53823764948549e-06    8.13432268119574e-05
118.500000000024    2.37086142797239e-05    9.32122359299588e-06    1.8111060000365e-05    1.0289103018482e-05    1.16854083266545e-05    7.46370728736012e-06    8.05791165055814e-05
119.000000000024    2.5060489164728e-05    8.83692359629133e-06    1.77470766784612e-05    1.03743922981587e-05    1.06470545550425e-05    7.15920573626456e-06    7.98251420289463e-05
119.500000000024    2.71185550236621e-05    8.19168742098284e-06    1.73030418548799e-05    1.04969995593024e-05    8.93671051343126e-06    7.0061839372296e-06    7.90531783094881e-05
120.000000000024    2.68478679980678e-05    8.0288653855725e-06    1.72932547080734e-05    1.05023726727121e-05    8.54320341543287e-06    7.05944430639559e-06    7.82750084862542e-05
120.500000000025    2.42967009527246e-05    8.36178261364352e-06    1.76299043721608e-05    1.04303384180781e-05    9.53181557332809e-06    7.27076445215208e-06    7.75213063820872e-05
121.000000000025    2.28311500294885e-05    8.49191352637114e-06    1.77725807379224e-05    1.03654426075428e-05    1.01465071018426e-05    7.1930939652611e-06    7.68006879684285e-05
121.500000000025    2.35786181737609e-05    8.13728306410726e-06    1.75957330039088e-05    1.03644342016746e-05    9.4027628782591e-06    7.01045506762814e-06    7.60892863893388e-05
122.000000000026    2.49125262056995e-05    7.66104525230108e-06    1.72842649195602e-05    1.04336960386332e-05    8.20681439131924e-06    6.87005878743337e-06    7.53684055949466e-05
122.500000000026    2.4462432709154e-05    7.59987966533889e-06    1.71550657101108e-05    1.04905560306517e-05    7.95239874033064e-06    6.98668992171352e-06    7.46470227772995e-05
123.000000000026    2.27260391358315e-05    7.80887856681321e-06    1.73560632552137e-05    1.04365508512454e-05    8.57935235113706e-06    7.04008371463485e-06    7.39469678748758e-05
123.500000000026    2.17142384578856e-05    7.84165397447457e-06    1.74550355127781e-05    1.03643299752673e-05    8.94083342558132e-06    6.95309925770904e-06    7.3269190603696e-05
124.000000000027    2.21086634889162e-05    7.58167644156558e-06    1.72825296685344e-05    1.03554873246256e-05    8.43759483863409e-06    6.83456539413018e-06    7.26005171564061e-05
124.500000000027    2.29706827598706e-05    7.23014907960455e-06    1.70706233201706e-05    1.0350944896006e-05    7.63212049815399e-06    6.67382747613756e-06    7.19283480299433e-05
125.000000000027    2.26321330505885e-05    7.11443388841323e-06    1.69732872948914e-05    1.03504412158751e-05    7.44396133702152e-06    6.74349512766825e-06    7.1257751914458e-05
125.500000000027    2.14199171552753e-05    7.19469073263614e-06    1.70566948051691e-05    1.03170807751387e-05    7.83786433417484e-06    6.77728311226903e-06    7.06035309146631e-05
126.000000000028    2.0608368279597e-05    7.20220642561812e-06    1.70944313176951e-05    1.02783590286015e-05    8.03526281909304e-06    6.74845772015637e-06    6.99670855907611e-05
126.500000000028    2.09054327893233e-05    6.96161499432043e-06    1.69403771454254e-05    1.02621930221317e-05    7.62379053920084e-06    6.64457582213332e-06    6.93379843125351e-05
127.000000000028    2.1408601655896e-05    6.71109556246197e-06    1.67341692796216e-05    1.02577472688688e-05    7.07974767628981e-06    6.51728184694079e-06    6.87086432900789e-05
127.500000000028    2.09375614438534e-05    6.66831311430357e-06    1.6677284059502e-05    1.02257925439104e-05    6.99533706141128e-06    6.58068694133776e-06    6.80849751643185e-05
128.000000000029    2.01282199963067e-05    6.71667517385822e-06    1.66847878769563e-05    1.01538785519055e-05    7.22676337596347e-06    6.5642782787025e-06    6.74746032536927e-05
128.500000000028    1.95976433901886e-05    6.67459680814169e-06    1.67230225690445e-05    1.00919052575232e-05    7.30223376240117e-06    6.48722358725446e-06    6.68766253745537e-05
129.000000000028    1.97383576143854e-05    6.48155002083787e-06    1.65722004762456e-05    1.00693803389092e-05    7.01184605201176e-06    6.41236400342046e-06    6.62856985058102e-05
129.500000000027    1.99973209230003e-05    6.29775713979935e-06    1.63251739557697e-05    1.00679156146799e-05    6.65656624420512e-06    6.35248888093431e-06    6.56972227583886e-05
130.000000000027    1.96312966199215e-05    6.24693358225412e-06    1.62953291386932e-05    1.00237396668845e-05    6.59338280358222e-06    6.3243866080951e-06    6.51150684194307e-05
130.500000000026    1.90305941024383e-05    6.24255653201892e-06    1.63010470048013e-05    9.95175623946531e-06    6.72485140103314e-06    6.29221638467692e-06    6.45430216644339e-05
131.000000000026    1.86652122908081e-05    6.17675643866053e-06    1.6222439026399e-05    9.90823294361719e-06    6.73964071440125e-06    6.26925017542054e-06    6.39815315893066e-05
131.500000000025    1.87120145138908e-05    6.02762986844669e-06    1.60944327946523e-05    9.88748743175873e-06    6.51573115986244e-06    6.18937989393164e-06    6.34266756625426e-05
132.000000000025    1.87381762922459e-05    5.91009170687642e-06    1.59556930890224e-05    9.86965723354189e-06    6.27991541394983e-06    6.1217598462888e-06    6.28752935819252e-05
132.500000000024    1.84202966552621e-05    5.86337290482089e-06    1.58883779400954e-05    9.81000281461485e-06    6.22533179763654e-06    6.12369337637143e-06    6.23310754888012e-05
133.000000000024    1.8055535307366e-05    5.81210260054683e-06    1.58246879863201e-05    9.73156407695597e-06    6.27227744120254e-06    6.09874234656442e-06    6.17949097589558e-05
133.500000000024    1.77728410763237e-05    5.74380236292182e-06    1.57504232108968e-05    9.67558006972791e-06    6.26901351619868e-06    6.05584986413495e-06    6.12675101002039e-05
134.000000000023    1.76714748776819e-05    5.65445858805412e-06    1.56419037427054e-05    9.63649338151015e-06    6.13246841753997e-06    6.00983849028421e-06    6.07466374977757e-05
134.500000000023    1.76311031678969e-05    5.55165310745127e-06    1.55693223940396e-05    9.59617395848234e-06    5.95437514798824e-06    5.92744770700148e-06    6.02300754828598e-05
135.000000000022    1.74843030042536e-05    5.45361688486666e-06    1.5467624269673e-05    9.55819540091366e-06    5.87219992553058e-06    5.88319535522065e-06    5.97191348404582e-05
135.500000000022    1.71504551237119e-05    5.40953325596163e-06    1.53486362138199e-05    9.5144118742985e-06    5.90996531564558e-06    5.88217283301569e-06    5.92151746164533e-05
136.000000000021    1.68121521776023e-05    5.39198190846035e-06    1.52834664663585e-05    9.47347714423912e-06    5.92810028445238e-06    5.83064221429202e-06    5.87198201954047e-05
136.500000000021    1.67841792015093e-05    5.29839350780154e-06    1.51863698003651e-05    9.44238357735075e-06    5.79574401219595e-06    5.72381379480934e-06    5.8230883894032e-05
137.00000000002    1.67772426295886e-05    5.17708305690547e-06    1.50571024249387e-05    9.39391784580049e-06    5.62971662557268e-06    5.71076913140469e-06    5.77458317142106e-05
137.50000000002    1.65772765317452e-05    5.11351613790617e-06    1.4989725776306e-05    9.3150085026298e-06    5.57587345167304e-06    5.69465443410394e-06    5.72660548343641e-05
138.000000000019    1.62573825778979e-05    5.10911069751287e-06    1.49547131605954e-05    9.25237587860452e-06    5.61999746624846e-06    5.59906683292862e-06    5.67926466137877e-05
138.500000000019    1.5980315476664e-05    5.08152058080911e-06    1.47817573805946e-05    9.22712680183433e-06    5.61995490103669e-06    5.63686999799139e-06    5.63275451389301e-05
139.000000000019    1.60583739180663e-05    4.95947464187858e-06    1.46926287838366e-05    9.15882052941952e-06    5.48385505842275e-06    5.51416491473073e-06    5.58673178463545e-05
139.500000000018    1.59775749615449e-05    4.87644460853498e-06    1.45906398464143e-05    9.08665369613072e-06    5.38320189148627e-06    5.49613819152255e-06    5.54106531956337e-05
140.000000000018    1.57298795749685e-05    4.85636183346666e-06    1.44827628668671e-05    9.03079170880862e-06    5.37911916958496e-06    5.48110886190662e-06    5.49600240156024e-05
140.500000000017    1.5506174258557e-05    4.8266418978891e-06    1.43978090222356e-05    8.97678778619679e-06    5.38416911813375e-06    5.42444950056677e-06    5.45160315835791e-05
141.000000000017    1.53692478091125e-05    4.75552300796903e-06    1.43364952629529e-05    8.91920386733254e-06    5.33079601240041e-06    5.36612094629996e-06    5.40773869060674e-05
141.500000000016    1.53107962828689e-05    4.67510728102434e-06    1.42195325345677e-05    8.86499200930176e-06    5.2439033771372e-06    5.32897747276864e-06    5.36433089576685e-05
142.000000000016    1.51633753000147e-05    4.63100807633545e-06    1.41275762291566e-05    8.81742962691942e-06    5.18592347373334e-06    5.2887131450068e-06    5.32140258511663e-05
142.500000000015    1.50010155998146e-05    4.58909942251389e-06    1.39958925545586e-05    8.78561286263818e-06    5.15479480943242e-06    5.26407877826862e-06    5.27904940272263e-05
143.000000000015    1.48766709900307e-05    4.53340005481484e-06    1.38797603730806e-05    8.74421397334317e-06    5.12922490498239e-06    5.20876370137245e-06    5.23720339976241e-05
143.500000000014    1.46866516107627e-05    4.48857748327687e-06    1.38438803993118e-05    8.66909007180091e-06    5.10674726490871e-06    5.16384747738397e-06    5.19587943074449e-05
144.000000000014    1.45515284995743e-05    4.43574798755335e-06    1.37847740028565e-05    8.60491402414587e-06    5.04597314959447e-06    5.12764376624627e-06    5.15505814299707e-05
144.500000000014    1.45161423908356e-05    4.36287673517081e-06    1.36399283445294e-05    8.57925731366227e-06    4.96837011586869e-06    5.079464899396e-06    5.11460397994629e-05
145.000000000013    1.43740070205201e-05    4.32125760244025e-06    1.35253251459461e-05    8.53914885928908e-06    4.94413702310134e-06    5.04262481918922e-06    5.07465004704861e-05
145.500000000013    1.41688718495838e-05    4.3018680976264e-06    1.34680171570075e-05    8.4607363600761e-06    4.94545507711357e-06    5.00729851485291e-06    5.03522470562603e-05
146.000000000012    1.404999282247e-05    4.25906801025458e-06    1.34046448054264e-05    8.38814136967947e-06    4.91220474685817e-06    4.94848081293348e-06    4.99625325676222e-05
146.500000000012    1.39977340757568e-05    4.19582036126017e-06    1.32869309296202e-05    8.35175905679092e-06    4.85075935804474e-06    4.89391558942162e-06    4.95769193708945e-05
147.000000000011    1.38798311899135e-05    4.15840153264711e-06    1.31590795901142e-05    8.32247857125197e-06    4.80944128867157e-06    4.86644391355403e-06    4.91956760861524e-05
147.500000000011    1.37193676312595e-05    4.13306792070985e-06    1.30541184336407e-05    8.27376857181576e-06    4.78865981916684e-06    4.85027420843586e-06    4.88192565850285e-05
148.00000000001    1.36321360953307e-05    4.07069823526851e-06    1.30090534592819e-05    8.20827547756326e-06    4.75274599448178e-06    4.77438783023957e-06    4.84472970921658e-05
148.50000000001    1.35314386486089e-05    4.02481878869549e-06    1.28889846247303e-05    8.15328987424243e-06    4.72258438933584e-06    4.75806720037689e-06    4.80791835259899e-05
149.000000000009    1.33832601005194e-05    4.00926506622299e-06    1.2797481058689e-05    8.09934135122322e-06    4.70231689801786e-06    4.72382259896414e-06    4.77154870736365e-05
149.500000000009    1.32667385398342e-05    3.96441170115456e-06    1.27318857693256e-05    8.0393601333543e-06    4.66421041464011e-06    4.68952640136894e-06    4.73561329596777e-05
150.000000000009    1.32086600375882e-05    3.90016699531356e-06    1.26751193610449e-05    7.97815048715376e-06    4.61409370876714e-06    4.62398061062548e-06    4.70001712004931e-05
150.500000000008    1.3100679946451e-05    3.86565340533368e-06    1.25770939088641e-05    7.93307857796758e-06    4.59069223271887e-06    4.58084496458044e-06    4.66480430359156e-05
151.000000000008    1.29529614157877e-05    3.85193879245113e-06    1.24305100669732e-05    7.90645766173455e-06    4.58511521133899e-06    4.57344517347931e-06    4.63004283217649e-05
151.500000000007    1.2863952152172e-05    3.80781756413593e-06    1.23224503137457e-05    7.86235049614365e-06    4.55260823807928e-06    4.5482277002819e-06    4.59574064645584e-05
152.000000000007    1.2807711072924e-05    3.75351271638947e-06    1.22776056589191e-05    7.79289779274078e-06    4.50130837315622e-06    4.48455040971965e-06    4.56175860238492e-05
152.500000000006    1.26670304521216e-05    3.72730077934122e-06    1.2229775403774e-05    7.72541204739228e-06    4.47873986209766e-06    4.45270746729427e-06    4.5280966012021e-05
153.000000000006    1.2547373676145e-05    3.69216272940977e-06    1.21166697408309e-05    7.68031222716862e-06    4.46216679222937e-06    4.449986948755e-06    4.49486721145387e-05
153.500000000005    1.2511822331145e-05    3.6492228514074e-06    1.20100823718411e-05    7.63961843652288e-06    4.4249065729851e-06    4.38438568922823e-06    4.46200382531297e-05
154.000000000005    1.23828873391362e-05    3.62770198811229e-06    1.19326297806172e-05    7.59150531058712e-06    4.40386016949628e-06    4.35622983299069e-06    4.42948144209398e-05
154.500000000004    1.22570176893179e-05    3.59643918734689e-06    1.18707706469102e-05    7.52784254909789e-06    4.38297649718804e-06    4.33834485369068e-06    4.39733914235516e-05
155.000000000004    1.21979477162789e-05    3.54677266997956e-06    1.18138606215949e-05    7.45996936725389e-06    4.34045693631699e-06    4.29634438562884e-06    4.36553516970531e-05
155.500000000004    1.21244548639474e-05    3.50734874281133e-06    1.17194794486955e-05    7.41344072306163e-06    4.30073797791795e-06    4.27493800275502e-06    4.33403997591888e-05
156.000000000003    1.20334706879624e-05    3.4806618789149e-06    1.16320983611437e-05    7.38719178797514e-06    4.28505355536132e-06    4.21021779883346e-06    4.30286940701909e-05
156.500000000003    1.18710135571703e-05    3.46702945456121e-06    1.15118665012553e-05    7.36786830515177e-06    4.28595050933986e-06    4.21740874755736e-06    4.27211370750359e-05
157.000000000002    1.18303366989227e-05    3.4274786323822e-06    1.14130124524338e-05    7.3177269177584e-06    4.24826319511715e-06    4.18046377015182e-06    4.24172816667661e-05
157.500000000002    1.1792913060018e-05    3.38139903422508e-06    1.13626889570816e-05    7.24187152121677e-06    4.20062221288603e-06    4.13653312529489e-06    4.21160279107224e-05
158.000000000001    1.16830398492842e-05    3.36009273403827e-06    1.13198889125725e-05    7.17815753003189e-06    4.19050640897838e-06    4.08573877403751e-06    4.18174242089427e-05
158.500000000001    1.15394153660591e-05    3.35178021313905e-06    1.12204011761725e-05    7.14322084791514e-06    4.19834641016008e-06    4.06952741876195e-06    4.15226914322078e-05
159    1.14722843313237e-05    3.32047319573107e-06    1.11256998210381e-05    7.10041051864141e-06    4.17423967049526e-06    4.03818434880606e-06    4.12312918860356e-05
159.5    1.14398402648952e-05    3.27175922792171e-06    1.10838331480005e-05    7.03431078222218e-06    4.13124502958955e-06    3.98155028913405e-06    4.09425387417631e-05
159.999999999999    1.13239442716049e-05    3.24545023907339e-06    1.0990629059947e-05    6.9869124310842e-06    4.10829493603106e-06    4.00136870905529e-06    4.06565996467958e-05
160.499999999999    1.12595927773984e-05    3.22101371423976e-06    1.08924528916572e-05    6.96189015509555e-06    4.08600878139863e-06    3.95310806472472e-06    4.03740663845142e-05
160.999999999999    1.11922184266824e-05    3.18869552886675e-06    1.08034611825653e-05    6.93652675264664e-06    4.06362286908052e-06    3.91004598405999e-06    4.00945707439015e-05
161.499999999998    1.10708881285117e-05    3.16342509462159e-06    1.07421784669601e-05    6.89368490476383e-06    4.0505885524283e-06    3.89718553172547e-06    3.9817950679011e-05
161.999999999998    1.10032575402394e-05    3.1368476225967e-06    1.0692476115405e-05    6.83629208137203e-06    4.02457776102257e-06    3.85098327444625e-06    3.95444343950819e-05
162.499999999997    1.09353069133122e-05    3.10505212834286e-06    1.06561210207858e-05    6.78329873229964e-06    3.99390108764988e-06    3.79947250724572e-06    3.92731523896361e-05
162.999999999997    1.08404195043589e-05    3.07716100661079e-06    1.0547530744452e-05    6.75130486145948e-06    3.9760364352304e-06    3.8123550052558e-06    3.90048075573674e-05
163.499999999996    1.07723147178013e-05    3.04751350720281e-06    1.04767316601633e-05    6.71283688122241e-06    3.95245367014342e-06    3.77761715960674e-06    3.873946759614e-05
163.999999999996    1.06978633681371e-05    3.01850282184417e-06    1.0425900090064e-05    6.6647780342432e-06    3.92826988368662e-06    3.7413864252687e-06    3.84767006232437e-05
164.499999999995    1.06186532303166e-05    2.9990709195006e-06    1.03338716435765e-05    6.62469504231583e-06    3.91212152232498e-06    3.72810073266568e-06    3.82165130907002e-05
164.999999999995    1.05519615215912e-05    2.97698706591312e-06    1.02621988726886e-05    6.58818411954093e-06    3.89187103180899e-06    3.68808794872279e-06    3.79592905602656e-05
165.499999999994    1.0483075453932e-05    2.94423977044694e-06    1.02032808602514e-05    6.54781418021392e-06    3.86658842576585e-06    3.65953186173285e-06    3.77045305523429e-05
165.999999999994    1.04166510380992e-05    2.91667838033622e-06    1.01474966457745e-05    6.50447074014129e-06    3.84889371654626e-06    3.61796901081585e-06    3.74521595317133e-05
166.499999999994    1.02897908715657e-05    2.90153844234196e-06    1.00811376865256e-05    6.46416798739621e-06    3.83504564507802e-06    3.63100471010837e-06    3.72026853430159e-05
166.999999999993    1.02659654161661e-05    2.86901738891577e-06    1.00191403755971e-05    6.42849557919442e-06    3.79863634173612e-06    3.57419686151864e-06    3.69554519631282e-05
167.499999999993    1.02186560229983e-05    2.83531451882573e-06    9.92084486309019e-06    6.40105035908891e-06    3.77394137576844e-06    3.5608193724795e-06    3.6710626512251e-05
167.999999999992    1.01048680740656e-05    2.82120308767028e-06    9.85559551274798e-06    6.35692967181818e-06    3.77076590889457e-06    3.55909515012141e-06    3.6468457405318e-05
168.499999999992    1.00231757308141e-05    2.8041265107029e-06    9.85063204065819e-06    6.29361771335637e-06    3.75408569231095e-06    3.50323063509599e-06    3.62288683229385e-05
168.999999999991    9.98647438012262e-06    2.77347575962843e-06    9.78763338768976e-06    6.25192607629095e-06    3.72103507021152e-06    3.47057912723508e-06    3.59911238011784e-05
169.499999999991    9.92282880912962e-06    2.74173023655225e-06    9.69140163079703e-06    6.23573028781994e-06    3.6969801792975e-06    3.46713561349342e-06    3.57558067570898e-05
169.99999999999    9.84530249102536e-06    2.7177603158289e-06    9.6208238276552e-06    6.21277108085776e-06    3.68474099592231e-06    3.44152571855044e-06    3.552292442984e-05
170.49999999999    9.78075292903646e-06    2.7037529217889e-06    9.56437045332333e-06    6.17002831457002e-06    3.6715437658778e-06    3.40218175794031e-06    3.52926301425368e-05
170.999999999989    9.71200707236251e-06    2.68827660718717e-06    9.51309032643275e-06    6.12470233616761e-06    3.65650380138072e-06    3.36968232324129e-06    3.50642624667721e-05
171.499999999989    9.61924764293723e-06    2.66385183463854e-06    9.44926900666463e-06    6.09771945601736e-06    3.63695571549522e-06    3.37135356925001e-06    3.4838397225003e-05
171.999999999989    9.6087513676868e-06    2.62621719794428e-06    9.38063932613519e-06    6.07082934885993e-06    3.59784463225639e-06    3.33033894237049e-06    3.46146208152531e-05
172.499999999988    9.53567578518058e-06    2.60698458413427e-06    9.34301385024922e-06    6.02678623842057e-06    3.57772605352985e-06    3.30251310495304e-06    3.43926996164675e-05
172.999999999988    9.41510839674028e-06    2.59880700388893e-06    9.30583076868657e-06    5.97994144340641e-06    3.57757448815632e-06    3.29574832623314e-06    3.41730104271116e-05
173.499999999987    9.39668264609759e-06    2.57771103309384e-06    9.23234527244103e-06    5.94865953298453e-06    3.56119405057698e-06    3.23896376328128e-06    3.39555562984753e-05
173.999999999987    9.31740551103542e-06    2.55010006711822e-06    9.13849676859356e-06    5.93174184634547e-06    3.539448130733e-06    3.26315622554902e-06    3.37403485493747e-05
174.499999999986    9.29079428077608e-06    2.52469735108408e-06    9.08573985151033e-06    5.90019813222113e-06    3.51187107673388e-06    3.21375847326088e-06    3.35270591655864e-05
174.999999999986    9.20654586750398e-06    2.51379942982055e-06    9.04434355279356e-06    5.85302912357769e-06    3.50513160628301e-06    3.19282119477607e-06    3.33156707747549e-05
175.499999999985    9.11852031857343e-06    2.49845394957397e-06    9.01444814061647e-06    5.80381706111649e-06    3.49799416037575e-06    3.17326752392644e-06    3.31065011541825e-05
175.999999999985    9.09429759496942e-06    2.46690718952816e-06    8.93393624671208e-06    5.77300954338163e-06    3.46803716223332e-06    3.16313290297265e-06    3.28993206397972e-05
176.499999999984    9.05138423087101e-06    2.44016626356437e-06    8.87764468329353e-06    5.75102030784879e-06    3.43699697053515e-06    3.13662867946235e-06    3.26938411355752e-05
176.999999999984    8.99544229027553e-06    2.42257581892262e-06    8.81323851291001e-06    5.72568170146683e-06    3.42387105348455e-06    3.1095752002818e-06    3.24903845773413e-05
177.499999999984    8.89519027080469e-06    2.4141441383121e-06    8.76241011891436e-06    5.68621068704583e-06    3.42491500941289e-06    3.10607093187567e-06    3.22889411563655e-05
177.999999999983    8.85354997489114e-06    2.39602751310745e-06    8.72136973570235e-06    5.63601995166898e-06    3.40934286766328e-06    3.07323976505998e-06    3.20895498080932e-05
178.499999999983    8.83283922566398e-06    2.3689596839474e-06    8.66210828885493e-06    5.59170070066182e-06    3.38336627732395e-06    3.05275437604231e-06    3.18917285524944e-05
178.999999999982    8.76676933872285e-06    2.3522644086888e-06    8.62059997542751e-06    5.56029544672401e-06    3.36921490875334e-06    3.02650708008719e-06    3.16956511584037e-05
179.499999999982    8.69580775116474e-06    2.34632597445396e-06    8.55167869976276e-06    5.54086366225941e-06    3.36494244284994e-06    3.0018382355079e-06    3.15014567659987e-05
179.999999999981    8.62323399609695e-06    2.32930765837713e-06    8.48740873263276e-06    5.52111973926252e-06    3.35176880893614e-06    2.99657234950191e-06    3.13094112848074e-05
180.499999999981    8.62428661965673e-06    2.29485430557441e-06    8.42770296285193e-06    5.48982603391059e-06    3.32094587842368e-06    2.96135687105564e-06    3.1118972671473e-05
180.99999999998    8.56215113898998e-06    2.28102232220446e-06    8.38688973278372e-06    5.44826556473907e-06    3.30928601898696e-06    2.94244358999804e-06    3.09300583677022e-05
181.49999999998    8.47246885935565e-06    2.27442159604763e-06    8.33840229574461e-06    5.40508970628022e-06    3.30706812801872e-06    2.94572078809908e-06    3.07431713735459e-05
181.999999999979    8.45234689739902e-06    2.25056503743453e-06    8.30396643730735e-06    5.36548075619946e-06    3.28593352108515e-06    2.89960782740295e-06    3.05579004768285e-05
182.499999999979    8.38695503086515e-06    2.2330270694955e-06    8.25647605689029e-06    5.3409648500809e-06    3.26958949777273e-06    2.88703489371755e-06    3.03740473988221e-05
182.999999999979    8.34821501670551e-06    2.21547154034928e-06    8.1804463694452e-06    5.32497624808272e-06    3.25621695182379e-06    2.86675960988135e-06    3.01920857362878e-05
183.499999999978    8.30228781625105e-06    2.20090020964239e-06    8.10662003546018e-06    5.30541186528558e-06    3.24598472461827e-06    2.85062457085124e-06    3.00118292221087e-05
183.999999999978    8.25180465797016e-06    2.19221774001054e-06    8.06004681376076e-06    5.27128421567681e-06    3.23875561987457e-06    2.81921275567565e-06    2.98333218029685e-05
184.499999999977    8.19020675550856e-06    2.18083944792044e-06    8.03195416996191e-06    5.22281108936939e-06    3.23095980608002e-06    2.79955620188365e-06    2.9656327470724e-05
184.999999999977    8.14368283330367e-06    2.16065676139013e-06    8.00120494591021e-06    5.17213810111479e-06    3.21564735913103e-06    2.7875215598533e-06    2.94808515607031e-05
185.499999999976    8.12138997646738e-06    2.14040101314714e-06    7.93690537453891e-06    5.13602711435735e-06    3.19255057499603e-06    2.77961090915968e-06    2.93068849626665e-05
185.999999999976    8.08612932122485e-06    2.12961142249206e-06    7.88031053718757e-06    5.117482506995e-06    3.17676542456225e-06    2.74402254581533e-06    2.91343217582771e-05
186.499999999975    8.01143308762092e-06    2.11712395840578e-06    7.81803841630832e-06    5.1048481203067e-06    3.1728599513863e-06    2.73927351807484e-06    2.89635770521029e-05
186.999999999975    7.96053758713772e-06    2.09846326123898e-06    7.77003068877986e-06    5.08105757825865e-06    3.16352397721458e-06    2.72078297223819e-06    2.8794396064868e-05
187.499999999974    7.91910327942894e-06    2.08200974207172e-06    7.74901275081091e-06    5.04372734334219e-06    3.14501522794067e-06    2.68786500657933e-06    2.86267333501738e-05
187.999999999974    7.88405204901399e-06    2.06418671463008e-06    7.68627222815425e-06    5.0088581091263e-06    3.12543198883527e-06    2.69154362822514e-06    2.8460344717985e-05
188.499999999974    7.84581320131605e-06    2.04968796787615e-06    7.64060294109868e-06    4.97808388536438e-06    3.11323312824387e-06    2.66797524716952e-06    2.82953963710687e-05
188.999999999973    7.79010502229357e-06    2.03807259038587e-06    7.59310626103821e-06    4.94604240570428e-06    3.10312214673679e-06    2.66169487161096e-06    2.81321432977697e-05
189.499999999973    7.73997587914752e-06    2.01927536204564e-06    7.56726631135217e-06    4.9100175065658e-06    3.08517150165226e-06    2.64845589806759e-06    2.7970162458831e-05
189.999999999972    7.71445758818382e-06    1.99915289570716e-06    7.54768937764388e-06    4.88079192634785e-06    3.06839128441418e-06    2.59885975757586e-06    2.78093428298728e-05
190.499999999972    7.63540604448602e-06    1.99291648368413e-06    7.48556427382781e-06    4.8699598658403e-06    3.06518034518751e-06    2.60099817059918e-06    2.7650025183625e-05
190.999999999971    7.60019716892485e-06    1.98309200393882e-06    7.40532616086957e-06    4.86300022426161e-06    3.05474377575445e-06    2.58594487008219e-06    2.74923042038315e-05
191.499999999971    7.57333812068648e-06    1.9644520997092e-06    7.3536770391884e-06    4.83609019955663e-06    3.03459552361799e-06    2.57393818235681e-06    2.73360911651155e-05
191.99999999997    7.53115728344601e-06    1.94484556838406e-06    7.34861491571472e-06    4.78867745478857e-06    3.01449469960891e-06    2.55319422042716e-06    2.71809841423694e-05
192.49999999997    7.48360605697026e-06    1.93048297286395e-06    7.32730165497498e-06    4.74594697513226e-06    3.00129342141681e-06    2.53845449148245e-06    2.70270855728407e-05
192.999999999969    7.44166999523428e-06    1.9208815103179e-06    7.2780945271049e-06    4.72185610625496e-06    2.99258673999928e-06    2.51935965188011e-06    2.68744485307914e-05
193.499999999969    7.38569942482257e-06    1.91295765410906e-06    7.21573031950764e-06    4.71364537522273e-06    2.98955614185513e-06    2.50557468364718e-06    2.67231635991643e-05
193.999999999969    7.33560546219393e-06    1.89701322334338e-06    7.1571374540129e-06    4.7019553024943e-06    2.97527786029565e-06    2.50659427609553e-06    2.65735835784357e-05
194.499999999968    7.34643326131316e-06    1.87407713043323e-06    7.11489017355836e-06    4.6707546244815e-06    2.94540558599542e-06    2.47347104975532e-06    2.6425031825537e-05
194.999999999968    7.29399991437884e-06    1.8663473406577e-06    7.08936736355634e-06    4.62945489068829e-06    2.93826248272277e-06    2.46006952322866e-06    2.62775015152326e-05
195.499999999967    7.2209166460761e-06    1.86384291391633e-06    7.06600115679713e-06    4.59351891805764e-06    2.94561604631729e-06    2.44145575558992e-06    2.61313514367544e-05
195.999999999967    7.16610175557488e-06    1.85222755261749e-06    7.02314332783239e-06    4.57062246030806e-06    2.93782568970735e-06    2.43667176632653e-06    2.59865925523667e-05
196.499999999966    7.1738524152055e-06    1.82784615069892e-06    6.97131006560191e-06    4.55197363956569e-06    2.90711419976261e-06    2.41084636438956e-06    2.58429428352242e-05
196.999999999966    7.14675754531396e-06    1.81254717302804e-06    6.92933020042041e-06    4.53029368031059e-06    2.88632416357413e-06    2.39505562146815e-06    2.57003083841153e-05
197.499999999965    7.0699385263231e-06    1.80714187572204e-06    6.8981641292524e-06    4.5071678184123e-06    2.8866558662488e-06    2.38984978228377e-06    2.55589179982424e-05
197.999999999965    7.02128695811326e-06    1.79647219018602e-06    6.85678700336715e-06    4.48626050020744e-06    2.88319297280889e-06    2.37491580151366e-06    2.54189154261964e-05
198.499999999964    7.00422238984107e-06    1.77893977939665e-06    6.80716689869448e-06    4.4660675815279e-06    2.86484009924661e-06    2.35884241506814e-06    2.52800791637748e-05
198.999999999964    6.96654289312594e-06    1.76454863485322e-06    6.77805989842171e-06    4.44247413647202e-06    2.84822622966405e-06    2.34236475309191e-06    2.51422165456289e-05
199.499999999964    6.92744984019595e-06    1.75571834569325e-06    6.74163476483101e-06    4.41705982479051e-06    2.83824881639224e-06    2.32544734537543e-06    2.50055589372784e-05
199.999999999963    6.8916361128221e-06    1.74556998373885e-06    6.70168203274548e-06    4.39118918327757e-06    2.83078746631824e-06    2.30912169078851e-06    2.48699864696908e-05
200.499999999963    6.83578366684887e-06    1.73578167512909e-06    6.65918275883883e-06    4.36702791960765e-06    2.82404996111849e-06    2.31380983527499e-06    2.47356358168179e-05
200.999999999962    6.83247241313444e-06    1.71917576870875e-06    6.62546662110748e-06    4.33950261293526e-06    2.80706965557089e-06    2.27865248772432e-06    2.46023395591812e-05
201.499999999962    6.77697595895751e-06    1.70766110228948e-06    6.59818403865165e-06    4.3099732484298e-06    2.79625735526097e-06    2.2810071131777e-06    2.44700588167671e-05
201.999999999961    6.74371375723924e-06    1.69942354873928e-06    6.56930088868111e-06    4.28080657761827e-06    2.78615841205658e-06    2.2594049800337e-06    2.43388081643682e-05
202.499999999961    6.71174892736564e-06    1.68734470978108e-06    6.52840241924747e-06    4.26182269218473e-06    2.77550155514722e-06    2.24383079887964e-06    2.42086511026058e-05
202.99999999996    6.67573441321717e-06    1.67588912717988e-06    6.47735623731407e-06    4.25299383662669e-06    2.76645614817811e-06    2.23110678083615e-06    2.40795365433521e-05
203.49999999996    6.62247983074178e-06    1.66340539531151e-06    6.42961771317417e-06    4.24094983689144e-06    2.75559304806866e-06    2.2396612711654e-06    2.3951707095353e-05
203.999999999959    6.62888734170376e-06    1.64876615479076e-06    6.40868812506849e-06    4.21289512953281e-06    2.73640991317163e-06    2.18907578988024e-06    2.38247224541477e-05
204.499999999959    6.55204758165981e-06    1.6456713744833e-06    6.38751415585843e-06    4.18181970407828e-06    2.73594775123948e-06    2.19564150540938e-06    2.36986420727287e-05
204.999999999959    6.49808582179459e-06    1.6355819612281e-06    6.36710904654361e-06    4.15646710065882e-06    2.72677550651944e-06    2.18978596345403e-06    2.35738054001986e-05
205.499999999958    6.5119089936161e-06    1.61151767587523e-06    6.32453570557571e-06    4.13998857547806e-06    2.69713566374546e-06    2.16470089606709e-06    2.34497875103577e-05
205.999999999958    6.4917464288871e-06    1.59705864038815e-06    6.26929242492811e-06    4.13160549162775e-06    2.68293882858017e-06    2.15395761168235e-06    2.33265994260936e-05
206.499999999957    6.40355039864863e-06    1.59947458915455e-06    6.23100665871322e-06    4.11936323160229e-06    2.6916310895195e-06    2.15961081275537e-06    2.32046367803935e-05
206.999999999957    6.36049795694174e-06    1.59185836452148e-06    6.21710736119134e-06    4.09502849711683e-06    2.68267990442381e-06    2.13672545096042e-06    2.30838975351556e-05
207.499999999956    6.3735694377535e-06    1.56959560812411e-06    6.19719095101381e-06    4.0654698535175e-06    2.65409360616101e-06    2.10382835845277e-06    2.29637478150227e-05
207.999999999956    6.33415336678632e-06    1.55680327985128e-06    6.15883067538247e-06    4.04141584534911e-06    2.64194211688628e-06    2.1112649352063e-06    2.28444102194618e-05
208.499999999955    6.28100134343112e-06    1.55494218502522e-06    6.12489057406056e-06    4.02100115051575e-06    2.64279918563027e-06    2.10148975039419e-06    2.27261241890571e-05
208.999999999955    6.25058371341787e-06    1.548106946186e-06    6.08548998111082e-06    4.00202925533362e-06    2.63785328548304e-06    2.0848561530417e-06    2.2608919334573e-05
209.499999999954    6.22620716916703e-06    1.53441715023195e-06    6.06211704832952e-06    3.98214517353501e-06    2.62423654189785e-06    2.06341113097093e-06    2.24925342141323e-05
209.999999999954    6.20090997562787e-06    1.52239643010384e-06    6.02611855899905e-06    3.9627815038004e-06    2.61019028842517e-06    2.05464923285157e-06    2.23770459898079e-05
210.499999999954    6.16281886296165e-06    1.5126885783322e-06    5.99164496681161e-06    3.94477731951806e-06    2.60214193017308e-06    2.04830936894266e-06    2.22623810267393e-05
210.999999999953    6.11873283753762e-06    1.5036361386143e-06    5.95551648273389e-06    3.92763847061106e-06    2.59416294323242e-06    2.04911473708783e-06    2.21488016098171e-05
211.499999999953    6.11579407609458e-06    1.49111924313975e-06    5.92068790964118e-06    3.90965147857073e-06    2.57787504895284e-06    2.0208718364533e-06    2.20359995928524e-05
211.999999999952    6.07037408348472e-06    1.48332780962746e-06    5.8900802221953e-06    3.89122501279097e-06    2.56946952645861e-06    2.01959427263991e-06    2.1924070927197e-05
212.499999999952    6.0424085248278e-06    1.47401720029887e-06    5.86574894006608e-06    3.86821388939601e-06    2.5619178718113e-06    2.00071492941447e-06    2.18130213558145e-05
212.999999999951    5.99601522085387e-06    1.46698120296695e-06    5.84503104265606e-06    3.84310923741635e-06    2.55530505071366e-06    1.99634723332693e-06    2.17027889879338e-05
213.499999999951    5.98262281238158e-06    1.45679206422178e-06    5.82258702569451e-06    3.82046478370629e-06    2.54298504786249e-06    1.96790774380121e-06    2.15933594776679e-05
213.99999999995    5.94682093046005e-06    1.44716376053368e-06    5.78329297722628e-06    3.80509754432909e-06    2.53338530105094e-06    1.96897230276874e-06    2.14847328163688e-05
214.49999999995    5.91459136146241e-06    1.43915212923228e-06    5.75259601926203e-06    3.79239048626482e-06    2.52444554017966e-06    1.95379764201502e-06    2.13769731784162e-05
214.999999999949    5.88433977648839e-06    1.43005200595439e-06    5.7206222117548e-06    3.78033180444056e-06    2.51489501782148e-06    1.93982011679539e-06    2.1270060933255e-05
215.499999999949    5.85805017497601e-06    1.41978353032063e-06    5.68229322519851e-06    3.76630121055329e-06    2.50549051503792e-06    1.93204580953102e-06    2.11639644656174e-05
215.999999999949    5.82419797586538e-06    1.41200881939013e-06    5.65389496602046e-06    3.74736031043552e-06    2.49699264816076e-06    1.92425282929934e-06    2.10587075491716e-05
216.499999999948    5.79523095927256e-06    1.40153131171595e-06    5.63641704258232e-06    3.72473018570906e-06    2.48358612755792e-06    1.91278772203019e-06    2.0954283348868e-05
216.999999999948    5.77980498073413e-06    1.38766652498363e-06    5.61021740749862e-06    3.70682311224234e-06    2.47044229355966e-06    1.89549144590333e-06    2.08504457649217e-05
217.499999999947    5.73740428446708e-06    1.38142760255623e-06    5.56859628171293e-06    3.69421776473168e-06    2.46842367116839e-06    1.89740797497799e-06    2.07474775796143e-05
217.999999999947    5.69600837025584e-06    1.37630765081631e-06    5.54276671449795e-06    3.67394485004035e-06    2.46192033642879e-06    1.89449921967036e-06    2.06454471417096e-05
218.499999999946    5.69213162035782e-06    1.36126655719812e-06    5.53901068397302e-06    3.64184951269856e-06    2.44053259673123e-06    1.86928393552659e-06    2.05440749064853e-05
218.999999999946    5.67559607318938e-06    1.34984092607007e-06    5.52500312469319e-06    3.61432362582685e-06    2.42852829096292e-06    1.84980979965186e-06    2.04431018403943e-05
219.499999999945    5.61142434693885e-06    1.34826479025819e-06    5.48293604924332e-06    3.60511677736043e-06    2.43586858483321e-06    1.85942559306003e-06    2.0343036141694e-05
219.999999999945    5.58505887835888e-06    1.34307702153569e-06    5.42977680487921e-06    3.60531365622299e-06    2.43187300701512e-06    1.84888452125185e-06    2.02439838892637e-05
220.499999999944    5.58942768182638e-06    1.33026340522134e-06    5.38217242751956e-06    3.59917064603101e-06    2.41065019510995e-06    1.83402027559249e-06    2.01457046313007e-05
220.999999999944    5.57202246724709e-06    1.31888589640896e-06    5.36524619573327e-06    3.57771972373261e-06    2.3961216186938e-06    1.8179496431596e-06    2.00479455449753e-05
221.499999999944    5.51540633108518e-06    1.31555731531509e-06    5.35796801444814e-06    3.54603176047527e-06    2.39733339751253e-06    1.81867006321484e-06    1.9950966882051e-05
221.999999999943    5.47754566135736e-06    1.30979278236847e-06    5.3599283135899e-06    3.51456316537465e-06    2.39314589280314e-06    1.79969255305605e-06    1.98546683685496e-05
222.499999999943    5.46104057810558e-06    1.29813477851759e-06    5.336866414464e-06    3.49723818550584e-06    2.37816615739198e-06    1.78754114961755e-06    1.97589872636025e-05
222.999999999942    5.45103413950628e-06    1.28641983714536e-06    5.29302101428499e-06    3.49359438269121e-06    2.36242979298825e-06    1.77742780038794e-06    1.9663926967004e-05
223.499999999942    5.41135953439581e-06    1.28085189219429e-06    5.24568326634413e-06    3.4922991357082e-06    2.35532157920196e-06    1.78417673333341e-06    1.95696921411778e-05
223.999999999941    5.39009582833069e-06    1.27349819503241e-06    5.21058148644551e-06    3.48189377675866e-06    2.34594610587697e-06    1.77426239822353e-06    1.94762777906678e-05
224.499999999941    5.37345305480666e-06    1.26452902029755e-06    5.19071211724504e-06    3.4614169224035e-06    2.33546858229272e-06    1.75790061303531e-06    1.93834803100808e-05
224.99999999994    5.32840406416769e-06    1.25757599133922e-06    5.18720986406577e-06    3.43732923672163e-06    2.33079589238357e-06    1.74997678347054e-06    1.92912918321484e-05
225.49999999994    5.29418274361367e-06    1.24961214870063e-06    5.17434871323456e-06    3.41731553637269e-06    2.32316005719706e-06    1.7411527674467e-06    1.91997719665653e-05
225.999999999939    5.29545017528318e-06    1.24072726652772e-06    5.14963432866147e-06    3.40314761730321e-06    2.30957813085802e-06    1.71027230928971e-06    1.91088098279233e-05
226.499999999939    5.24970484764608e-06    1.23801594684974e-06    5.11091827616462e-06    3.39426612046081e-06    2.30733011548862e-06    1.71823278168016e-06    1.901846808829e-05
226.999999999939    5.22940089377051e-06    1.23042040311926e-06    5.07976769184602e-06    3.38326023161318e-06    2.3026555209589e-06    1.70345721765496e-06    1.89289619589628e-05
227.499999999938    5.21017392124154e-06    1.22029080538426e-06    5.04445185495337e-06    3.36670159764429e-06    2.292267367338e-06    1.70620672200751e-06    1.8840092268569e-05
227.999999999938    5.19218286975234e-06    1.2127541522196e-06    5.03743910113174e-06    3.34339144320396e-06    2.28010347449983e-06    1.6859213642761e-06    1.87517924050836e-05
228.499999999937    5.15619972018067e-06    1.20709494538195e-06    5.02129277600949e-06    3.32174618780052e-06    2.27112269783743e-06    1.68662467539122e-06    1.86640810026013e-05
228.999999999937    5.14628585507911e-06    1.19793892906604e-06    5.00151883690014e-06    3.30481142289813e-06    2.26162501676089e-06    1.66473789158205e-06    1.85769179522863e-05
229.499999999936    5.10908235037189e-06    1.19294160913754e-06    4.96801485396345e-06    3.29619227799888e-06    2.26038891383062e-06    1.66375372058428e-06    1.84903737258867e-05
229.999999999936    5.08183529962161e-06    1.1875319770799e-06    4.92642051115471e-06    3.29044103382493e-06    2.25528207174709e-06    1.66313498059261e-06    1.84046458740208e-05
230.499999999935    5.07895292069962e-06    1.17821868781232e-06    4.89547362404156e-06    3.27972768375516e-06    2.24165895718676e-06    1.64543334436442e-06    1.83194652178598e-05
230.999999999935    5.05602483379863e-06    1.1706676960006e-06    4.87966272200171e-06    3.2612220346544e-06    2.23254761315089e-06    1.63475040628403e-06    1.82348753058903e-05
231.499999999934    5.01974876783318e-06    1.16733724774889e-06    4.87488447768059e-06    3.23725069806973e-06    2.23213751765562e-06    1.61939320158665e-06    1.81507519105747e-05
231.999999999934    4.97393610867996e-06    1.16522612190268e-06    4.85748224601696e-06    3.21692735111184e-06    2.2311615416024e-06    1.62260888548564e-06    1.80673422547995e-05
232.499999999934    4.97161427679468e-06    1.15249576296247e-06    4.82582817033544e-06    3.20340301061074e-06    2.21196889135463e-06    1.61919903704204e-06    1.79845091491e-05
232.999999999933    4.98558402865433e-06    1.13825283344547e-06    4.79218873632734e-06    3.19343132946168e-06    2.18898814960593e-06    1.60369777427255e-06    1.79021428517673e-05
233.499999999933    4.94135544874571e-06    1.13566504318763e-06    4.77184513552232e-06    3.18310024930028e-06    2.18771394198095e-06    1.60059151019059e-06    1.78202713289275e-05
233.999999999932    4.8844224495333e-06    1.13556475365176e-06    4.76258913234301e-06    3.16872345863504e-06    2.1947630297793e-06    1.59310022421098e-06    1.77391630481534e-05
234.499999999932    4.87018152654825e-06    1.12619718094629e-06    4.74879854746435e-06    3.15327676034768e-06    2.18657594013401e-06    1.57356966225464e-06    1.76585996176952e-05
234.999999999931    4.86571939925277e-06    1.11564972178434e-06    4.71813068534592e-06    3.14126397364127e-06    2.17001797913778e-06    1.56773149051373e-06    1.75785132496758e-05
235.499999999931    4.84768051613568e-06    1.10893816858059e-06    4.68485192094675e-06    3.1304623582089e-06    2.15791681381588e-06    1.56910256053078e-06    1.74989523382186e-05
235.99999999993    4.83051525099444e-06    1.10403424423219e-06    4.66089791056906e-06    3.11609124187813e-06    2.15348466038326e-06    1.55493703930668e-06    1.74199603473638e-05
236.49999999993    4.79061164879086e-06    1.10136614787622e-06    4.64316077370333e-06    3.09858723309465e-06    2.15611498378699e-06    1.5517022737494e-06    1.73415430610015e-05
236.999999999929    4.76726443379865e-06    1.09574233613282e-06    4.63054264693759e-06    3.08116083276375e-06    2.15271713027446e-06    1.53627586042817e-06    1.72637032403354e-05
237.499999999929    4.74764841787943e-06    1.08802354225239e-06    4.60707228881766e-06    3.06785911446957e-06    2.13995087367986e-06    1.53582263777668e-06    1.71863768748756e-05
237.999999999929    4.74841059100657e-06    1.07838608333426e-06    4.58028627177175e-06    3.05681407084851e-06    2.12144766798658e-06    1.52417794854643e-06    1.71095226334941e-05
238.499999999928    4.7298981237061e-06    1.07099078626534e-06    4.55396989933374e-06    3.04576869365358e-06    2.11357128543614e-06    1.51890943695079e-06    1.70331082253457e-05
238.999999999928    4.69023056389679e-06    1.06784431474063e-06    4.53373699835883e-06    3.03272958410281e-06    2.11717282549262e-06    1.51560622248267e-06    1.69573205090744e-05
239.499999999927    4.65534020249158e-06    1.06568169979939e-06    4.51988466062102e-06    3.01830398467303e-06    2.11740624938911e-06    1.50547443809118e-06    1.68820912350653e-05
239.999999999927    4.64461743274354e-06    1.05809229343557e-06    4.50912782619031e-06    3.00365088811927e-06    2.10385207687978e-06    1.488041461289e-06    1.68073819786575e-05
240.499999999926    4.64107342827281e-06    1.04703291114711e-06    4.48997208376242e-06    2.99156046374893e-06    2.08654503286243e-06    1.47681681618691e-06    1.67330007359806e-05
240.999999999926    4.61776686822751e-06    1.04208659527476e-06    4.46073727221852e-06    2.98207403633214e-06    2.08338625803977e-06    1.47302020811029e-06    1.6659071238203e-05
241.499999999925    4.56788107264242e-06    1.04289182110799e-06    4.42898223269203e-06    2.97150915409205e-06    2.0865785909729e-06    1.48802098535306e-06    1.65858638568604e-05
241.999999999925    4.57275914062849e-06    1.03290616858386e-06    4.41320549339134e-06    2.95490372692316e-06    2.0719374784334e-06    1.46746898517352e-06    1.65131809931338e-05
242.499999999924    4.56585840018003e-06    1.02056505755724e-06    4.40642524341462e-06    2.9362068034634e-06    2.05585134480541e-06    1.45587924610639e-06    1.64407860955271e-05
242.999999999924    4.52944234352135e-06    1.01834572037589e-06    4.39233092350922e-06    2.92184404694796e-06    2.05448799943649e-06    1.45235176347415e-06    1.63688027972651e-05
243.499999999924    4.49730801089766e-06    1.01856001445085e-06    4.37187653446706e-06    2.9127995527495e-06    2.05591980670521e-06    1.44096777422255e-06    1.62974316934928e-05
243.999999999923    4.47821189871582e-06    1.0118300693763e-06    4.33929770434999e-06    2.90777313639143e-06    2.04806113268573e-06    1.44139248276778e-06    1.6226566424287e-05
244.499999999923    4.47924391781007e-06    1.00020239727965e-06    4.30836530291197e-06    2.90142987613382e-06    2.03142677798642e-06    1.43552952798518e-06    1.61561978001071e-05
244.999999999922    4.46541991103147e-06    9.92972038799931e-07    4.2903229472083e-06    2.88923939622816e-06    2.02032539138581e-06    1.42791880744891e-06    1.60861984921026e-05
245.499999999922    4.42898881053409e-06    9.90613961370272e-07    4.27985036915437e-06    2.87099127278552e-06    2.01929423041027e-06    1.42697527440797e-06    1.60167139186625e-05
245.999999999921    4.41399746907464e-06    9.86693959549815e-07    4.27949748436733e-06    2.84992029006398e-06    2.01752026010889e-06    1.39999395135472e-06    1.59476234145194e-05
246.499999999921    4.37310107064755e-06    9.84291359602159e-07    4.26010591496955e-06    2.83358945058264e-06    2.01625681364898e-06    1.41164708317608e-06    1.58789916926269e-05
246.99999999992    4.37647454339783e-06    9.74916700599226e-07    4.2424195946177e-06    2.82117808106927e-06    2.00152074228074e-06    1.39433008374338e-06    1.58108397457082e-05
247.49999999992    4.37013478580429e-06    9.65456899396956e-07    4.21541348773796e-06    2.81342168378741e-06    1.98736038000862e-06    1.39121900469292e-06    1.57430062414282e-05
247.999999999919    4.344909827837e-06    9.62578870779055e-07    4.19061199044178e-06    2.80883386941898e-06    1.98583985965458e-06    1.38285852838115e-06    1.56756329465126e-05
248.499999999919    4.30365069633676e-06    9.61877373314416e-07    4.16498468183894e-06    2.80508381724953e-06    1.98901686752983e-06    1.38423280140164e-06    1.56088462376711e-05
248.999999999919    4.30125989972751e-06    9.55229056934275e-07    4.14229249173434e-06    2.79554405824844e-06    1.98023788092873e-06    1.3679847423786e-06    1.55425481299519e-05
249.499999999918    4.28707563003915e-06    9.4786658338292e-07    4.12878033129071e-06    2.77966337380123e-06    1.96944241602411e-06    1.36373995521723e-06    1.54765682897554e-05
249.999999999918    4.26419412681335e-06    9.41910629268102e-07    4.1231321371193e-06    2.75954731800435e-06    1.9610006364183e-06    1.3612407569828e-06    1.54110256046062e-05
250.499999999917    4.25101857821165e-06    9.35915304269116e-07    4.11061830545431e-06    2.74095396134815e-06    1.95305525462762e-06    1.35426495910707e-06    1.53458263630179e-05
250.999999999917    4.23252845567528e-06    9.33104341982281e-07    4.09964117634446e-06    2.72865028044142e-06    1.94981463610495e-06    1.33726266288357e-06    1.5281001553432e-05
251.499999999916    4.19088473717648e-06    9.31601848976005e-07    4.07542000214994e-06    2.72443173403188e-06    1.94912279941022e-06    1.345206702033e-06    1.52166678237775e-05
251.999999999916    4.19681136470033e-06    9.2225077099709e-07    4.04674472623943e-06    2.72158083637344e-06    1.9367522525084e-06    1.32866082322778e-06    1.51528007740465e-05
252.499999999915    4.18359402388454e-06    9.14651921830114e-07    4.02165325804053e-06    2.7157278774621e-06    1.92662884042922e-06    1.32701434245656e-06    1.50892702641031e-05
252.999999999915    4.1522552395328e-06    9.11679790999487e-07    4.00797178638092e-06    2.70438039973108e-06    1.92258151085293e-06    1.32735219743975e-06    1.5026220924937e-05
253.499999999914    4.14197324043016e-06    9.07718554016388e-07    3.99612894207644e-06    2.6894637201699e-06    1.91696528999653e-06    1.31128219537431e-06    1.49635319420637e-05
253.999999999914    4.11353803839268e-06    9.02807589108079e-07    3.98693715872295e-06    2.67393135343719e-06    1.91201665561425e-06    1.31201641269419e-06    1.49012472079693e-05
254.499999999914    4.10290332315909e-06    8.95521085713596e-07    3.97865554112268e-06    2.65864002904823e-06    1.90315148060354e-06    1.3004283456227e-06    1.48392998052698e-05
254.999999999913    4.0886117938858e-06    8.90284953281588e-07    3.95729332280929e-06    2.64676233260796e-06    1.8950417847094e-06    1.29973761564379e-06    1.47777318029378e-05
255.499999999913    4.07261439508963e-06    8.87168633080281e-07    3.94185330782534e-06    2.63735191907891e-06    1.88969533198271e-06    1.2878351661082e-06    1.47165187531651e-05
255.999999999912    4.04621142393741e-06    8.82956684091108e-07    3.91566720728546e-06    2.63137274370775e-06    1.88641876215461e-06    1.29314061870733e-06    1.46557674398837e-05
256.499999999912    4.04334198739575e-06    8.75382428679438e-07    3.89329963824758e-06    2.62475780516946e-06    1.87784699982706e-06    1.280786603521e-06    1.45954154628403e-05
256.999999999911    4.02303664031381e-06    8.71450549879404e-07    3.87591878169928e-06    2.61572780651972e-06    1.87228874990201e-06    1.27699163512373e-06    1.4535414163438e-05
257.499999999911    4.00241563554654e-06    8.69667452315787e-07    3.86574568870646e-06    2.60329656942082e-06    1.86857372515782e-06    1.26611068772913e-06    1.44758097588766e-05
257.99999999991    3.98207574343446e-06    8.6529370288628e-07    3.85798326645305e-06    2.58900027520582e-06    1.86355704104522e-06    1.25863795496742e-06    1.44165479839922e-05
258.49999999991    3.96882476543702e-06    8.57862673491162e-07    3.84424522286368e-06    2.57622614294971e-06    1.85627604859697e-06    1.25419941743104e-06    1.43576342707696e-05
258.999999999909    3.95723238073602e-06    8.53314079637938e-07    3.82409130532786e-06    2.56559097808275e-06    1.84938380103633e-06    1.24945045056049e-06    1.42990629953814e-05
259.499999999909    3.9370477586765e-06    8.51950735467912e-07    3.80296961423628e-06    2.55728057782971e-06    1.84441188907274e-06    1.24721964886907e-06    1.42408802241522e-05
259.999999999909    3.9206972037579e-06    8.46122275853125e-07    3.78095537974211e-06    2.54986144447362e-06    1.83602650321262e-06    1.24945929825199e-06    1.41831221052914e-05
260.499999999908    3.92204917478083e-06    8.37457734245104e-07    3.76887580127527e-06    2.54141948346051e-06    1.82548906958592e-06    1.23035059840014e-06    1.41256418617478e-05
260.999999999908    3.89198117059649e-06    8.3548378792422e-07    3.75379072600597e-06    2.53241164565121e-06    1.82565662672298e-06    1.22917606855108e-06    1.40685000254519e-05
261.499999999907    3.86696586075081e-06    8.35722976956085e-07    3.73810426923478e-06    2.52100495941704e-06    1.827103132544e-06    1.2228884109942e-06    1.40117896098969e-05
261.999999999907    3.85935124501048e-06    8.31699589095583e-07    3.72086450826932e-06    2.50752532312894e-06    1.82106379182695e-06    1.21492089512073e-06    1.3955425352452e-05
262.499999999906    3.85576549428159e-06    8.25091669760527e-07    3.70753082641757e-06    2.49308485747387e-06    1.81146023773404e-06    1.20642731987844e-06    1.3899360405546e-05
262.999999999906    3.83636930042332e-06    8.20566988803331e-07    3.69620058422164e-06    2.48051223683333e-06    1.80692524290207e-06    1.20300326580907e-06    1.38435776189928e-05
263.499999999905    3.81488946744306e-06    8.17816189724807e-07    3.67860687400009e-06    2.47092493380851e-06    1.8047343812188e-06    1.20122609927352e-06    1.37881979454688e-05
263.999999999905    3.80166436308507e-06    8.14148241279291e-07    3.65907179771053e-06    2.4623565147992e-06    1.79944692826401e-06    1.19646140557143e-06    1.37331492507095e-05
264.499999999904    3.79361468719075e-06    8.08122858431448e-07    3.64251051686126e-06    2.45334236775877e-06    1.79086629038323e-06    1.19000963492721e-06    1.36784663555527e-05
264.999999999904    3.77798292847517e-06    8.02530676405513e-07    3.6295813673428e-06    2.44409256206143e-06    1.78391230600027e-06    1.18594709841199e-06    1.36240469386972e-05
265.499999999904    3.7588275117184e-06    7.9869830415865e-07    3.61386033854007e-06    2.43561780938614e-06    1.77979971051954e-06    1.18320019510726e-06    1.35700038694301e-05
265.999999999903    3.74829091566426e-06    7.95127803117046e-07    3.59585790435283e-06    2.42739406114717e-06    1.77484565851946e-06    1.17476330620331e-06    1.35162796490041e-05
266.499999999903    3.73851080454779e-06    7.92316440601918e-07    3.57791247822948e-06    2.41856586399134e-06    1.7718496485883e-06    1.1637161014245e-06    1.34628713373833e-05
266.999999999902    3.71240512226808e-06    7.9060179446728e-07    3.56578279867773e-06    2.40856684841265e-06    1.77248503369404e-06    1.15995364200434e-06    1.34097952395241e-05
267.499999999902    3.69021692408521e-06    7.87322738512742e-07    3.55458624683522e-06    2.39812633354192e-06    1.76884088129035e-06    1.15798976876857e-06    1.3357082893034e-05
267.999999999901    3.68946721576641e-06    7.80305237317554e-07    3.54128709604773e-06    2.38700800783885e-06    1.75525788008977e-06    1.15134512324892e-06    1.33046705603092e-05
268.499999999901    3.68903466969078e-06    7.74028038236645e-07    3.52865276528681e-06    2.37541507856612e-06    1.74291305379302e-06    1.14241525914217e-06    1.32524588647155e-05
268.9999999999    3.66317417981259e-06    7.72947606238996e-07    3.5161657080873e-06    2.36515093447154e-06    1.74351464531461e-06    1.13958692665313e-06    1.32005400005782e-05
269.4999999999    3.6307018341638e-06    7.72442178367886e-07    3.50206793365966e-06    2.35699061855472e-06    1.74702321619685e-06    1.13980926624662e-06    1.31490350471895e-05
269.999999999899    3.62148219695787e-06    7.663461796196e-07    3.48962392899177e-06    2.3501206391251e-06    1.73837266100871e-06    1.13192440219187e-06    1.30978700078949e-05
270.499999999899    3.61938924096789e-06    7.58029423518154e-07    3.47393589326212e-06    2.34537586142817e-06    1.72272387343652e-06    1.12747812681136e-06    1.30469324194242e-05
270.999999999899    3.61659285057184e-06    7.52898368473553e-07    3.44995660522733e-06    2.34214821000126e-06    1.71272609614885e-06    1.12193993860092e-06    1.29962620690237e-05
271.499999999898    3.59476379828933e-06    7.52278112047287e-07    3.42718830439189e-06    2.33660296891424e-06    1.71578024602057e-06    1.11930091244569e-06    1.2945914342109e-05
271.999999999898    3.55814638705046e-06    7.51696136275207e-07    3.41773138238354e-06    2.32506269437735e-06    1.7214586793886e-06    1.12190197732849e-06    1.28959972568036e-05
272.499999999897    3.55283523167379e-06    7.4617872195044e-07    3.4199875524055e-06    2.30815885219658e-06    1.71195435868207e-06    1.10725242791576e-06    1.28463671448241e-05
272.999999999897    3.5552153916718e-06    7.39541437936239e-07    3.41562197712513e-06    2.2926811459768e-06    1.6966281931711e-06    1.0971731589634e-06    1.27968613048445e-05
273.499999999896    3.53692525941888e-06    7.36392590876017e-07    3.40663048678777e-06    2.28305063220595e-06    1.69081710132263e-06    1.09376256093976e-06    1.2747578631551e-05
273.999999999896    3.51730166017293e-06    7.34479613378973e-07    3.38461516281576e-06    2.27928023269987e-06    1.69272323293791e-06    1.09023771423788e-06    1.26986376162433e-05
274.499999999895    3.49442924886401e-06    7.31978769001307e-07    3.36558620490552e-06    2.27632360912556e-06    1.69411393475686e-06    1.08762881595955e-06    1.26500605826128e-05
274.999999999895    3.48232118753403e-06    7.28495918512291e-07    3.34711692166944e-06    2.27041873323703e-06    1.68650209802455e-06    1.08696970612084e-06    1.26018245650982e-05
275.499999999894    3.48724653483995e-06    7.21948266702961e-07    3.33418172837755e-06    2.26113239554515e-06    1.6716623464096e-06    1.07763042964673e-06    1.25538017015219e-05
275.999999999894    3.47865186473837e-06    7.16629371614021e-07    3.31916944408138e-06    2.25104508261628e-06    1.66302098608769e-06    1.07749799722035e-06    1.25060147463581e-05
276.499999999894    3.45954559495371e-06    7.14944830190675e-07    3.30422671758196e-06    2.24184851201967e-06    1.66440828767972e-06    1.07352679149834e-06    1.24585007339241e-05
276.999999999893    3.43543865036636e-06    7.1518330008874e-07    3.28834048016548e-06    2.23382628091398e-06    1.66871500877375e-06    1.06984711330614e-06    1.24113508336145e-05
277.499999999893    3.41866518613062e-06    7.12645253326443e-07    3.28256617981063e-06    2.22494415414019e-06    1.66524410340863e-06    1.06041898849018e-06    1.23644838653067e-05
277.999999999892    3.41386099745904e-06    7.06066454995785e-07    3.2733284919272e-06    2.21624018898011e-06    1.6527419441068e-06    1.05562360894533e-06    1.23178616864143e-05
278.499999999892    3.41849073435154e-06    7.0046777396298e-07    3.25985886073563e-06    2.20831119043286e-06    1.64103502945376e-06    1.04323222812093e-06    1.22713958170577e-05
278.999999999891    3.38930082189332e-06    6.99935066674445e-07    3.24332346549449e-06    2.20053946021618e-06    1.64288948399001e-06    1.0492197832918e-06    1.22252080815602e-05
279.499999999891    3.36560904684107e-06    6.97525289717817e-07    3.23466773580959e-06    2.18926132543665e-06    1.64426183826872e-06    1.04807409054842e-06    1.21793993266223e-05
279.99999999989    3.36397529520244e-06    6.91770116724458e-07    3.23018891197881e-06    2.17534944443175e-06    1.63565709105136e-06    1.03686388421787e-06    1.21338047436067e-05
280.49999999989    3.35725539977326e-06    6.88014051433313e-07    3.22288044762967e-06    2.16403429071779e-06    1.62674675557853e-06    1.02944927718523e-06    1.20883802223178e-05
280.999999999889    3.33724845932976e-06    6.86088982778314e-07    3.20553409269245e-06    2.1582607337036e-06    1.62265357678688e-06    1.03344132233747e-06    1.20432271676285e-05
281.499999999889    3.32936365818658e-06    6.81754759620282e-07    3.18362799147413e-06    2.15581464527619e-06    1.6177001703633e-06    1.03011606324256e-06    1.1998377288163e-05
281.999999999889    3.31906553797165e-06    6.77154725775573e-07    3.16491553235326e-06    2.15290037938129e-06    1.61277335705445e-06    1.02698680672149e-06    1.19537963392577e-05
282.499999999888    3.30729022919898e-06    6.74440677868222e-07    3.15227219526871e-06    2.14719003822263e-06    1.60907529301388e-06    1.01921578198836e-06    1.19094842155608e-05
282.999999999888    3.29115875392042e-06    6.73928653410505e-07    3.14114515369394e-06    2.1393725530016e-06    1.60741441067192e-06    1.01238867339275e-06    1.18654081980911e-05
283.499999999887    3.27789631222016e-06    6.71926563558397e-07    3.12836171742563e-06    2.13079316100098e-06    1.60463525803725e-06    1.00800035367004e-06    1.18216133659125e-05
283.999999999887    3.26538695042526e-06    6.67332586903955e-07    3.1171850958422e-06    2.12211475186185e-06    1.59886880798809e-06    1.00715783729167e-06    1.1778046030313e-05
284.499999999886    3.26016299424673e-06    6.6167750422182e-07    3.10510169850852e-06    2.11227221017673e-06    1.58975746418209e-06    1.00576865614267e-06    1.17347405274786e-05
284.999999999886    3.25607171729336e-06    6.57576261824645e-07    3.09619553449145e-06    2.10040288294871e-06    1.58245553613155e-06    9.98898655118239e-07    1.1691600587808e-05
285.499999999885    3.23347191715163e-06    6.57103215046949e-07    3.09258211108643e-06    2.08758085378515e-06    1.58231076015722e-06    9.95658413169091e-07    1.16487072703965e-05
285.999999999885    3.20885482246176e-06    6.54923756603161e-07    3.09268758334683e-06    2.0762752442677e-06    1.58116650145504e-06    9.92155536592142e-07    1.16060634447266e-05
286.499999999884    3.2061611814467e-06    6.48924050792951e-07    3.08553732536469e-06    2.06964244345485e-06    1.57277489687055e-06    9.80588586456293e-07    1.1563628484386e-05
286.999999999884    3.20009232321263e-06    6.4542202217214e-07    3.06640621375967e-06    2.06914380844325e-06    1.56601053782151e-06    9.74291100943248e-07    1.15213660063524e-05
287.499999999884    3.17735491684894e-06    6.4424112187735e-07    3.04155644069668e-06    2.07115061799764e-06    1.56440813345467e-06    9.80715045826239e-07    1.14794262767015e-05
287.999999999883    3.17129399365073e-06    6.40636278882715e-07    3.02292898426242e-06    2.06897172636359e-06    1.55872411826038e-06    9.75221206192904e-07    1.14377763076127e-05
288.499999999883    3.16470978577206e-06    6.36158530129116e-07    3.0138140623143e-06    2.06077870506041e-06    1.55179310196519e-06    9.69073956980267e-07    1.13963281422213e-05
288.999999999882    3.14537938919344e-06    6.32926135282538e-07    3.00942728740313e-06    2.04950041967226e-06    1.54732581234825e-06    9.70544699841348e-07    1.1355103743741e-05
289.499999999882    3.14119614918314e-06    6.29983799208807e-07    3.00388898749466e-06    2.03902760886211e-06    1.54218328415079e-06    9.57795491331629e-07    1.13140753202311e-05
289.999999999881    3.12468281999104e-06    6.28542446683431e-07    2.99014366666067e-06    2.03249745736657e-06    1.54097219654492e-06    9.56410571010879e-07    1.12732491582575e-05
290.499999999881    3.11145567749485e-06    6.2672024471108e-07    2.97449289168032e-06    2.02845235088791e-06    1.54000708905715e-06    9.5156569271744e-07    1.12326939465487e-05
290.99999999988    3.09788195258429e-06    6.22918476598461e-07    2.96003523254383e-06    2.02355016035198e-06    1.53502594836921e-06    9.52981888839946e-07    1.11923936592877e-05
291.49999999988    3.09833896904232e-06    6.18104233987429e-07    2.95021443642733e-06    2.0151212615163e-06    1.52521072657637e-06    9.45304133108252e-07    1.1152293760658e-05
291.999999999879    3.09270145926392e-06    6.15500406355298e-07    2.94454726984534e-06    2.00386809923231e-06    1.51999915953606e-06    9.35719962798649e-07    1.11123363570316e-05
292.499999999879    3.06237854743371e-06    6.15169268661366e-07    2.94001662492476e-06    1.99230655434735e-06    1.52289618227592e-06    9.39849271254585e-07    1.10726164488977e-05
292.999999999879    3.05091273070758e-06    6.12384330915025e-07    2.93325439491083e-06    1.98260742344359e-06    1.52000763605352e-06    9.33993592703075e-07    1.10331601087336e-05
293.499999999878    3.05346513432611e-06    6.07417359404432e-07    2.92023244156335e-06    1.9765130313638e-06    1.51075426719099e-06    9.25472190893902e-07    1.09938544247426e-05
293.999999999878    3.04051458695105e-06    6.04392980477535e-07    2.90358439017303e-06    1.97321181479661e-06    1.50480448302748e-06    9.28250977613327e-07    1.0954759233039e-05
294.499999999877    3.03150970958944e-06    6.02346664195943e-07    2.88901099550723e-06    1.96956591655931e-06    1.50150840590367e-06    9.21954526002891e-07    1.09158962177585e-05
294.999999999877    3.01250940897677e-06    6.00291949814387e-07    2.87900655507566e-06    1.96412489051087e-06    1.49965074571962e-06    9.21691324504016e-07    1.08772748746013e-05
295.499999999876    3.00545962585394e-06    5.97208288713743e-07    2.87045697961754e-06    1.95726935725774e-06    1.49474172377964e-06    9.13719950327283e-07    1.08388559255499e-05
295.999999999876    2.99957547965934e-06    5.94030355467939e-07    2.85767374518483e-06    1.95085401986634e-06    1.48965867311106e-06    9.08831263114578e-07    1.08006235364041e-05
296.499999999875    2.98070361693376e-06    5.91779127233825e-07    2.84813593972479e-06    1.9445776026133e-06    1.48712800452157e-06    9.10276593958074e-07    1.07626008849853e-05
296.999999999875    2.97033141284847e-06    5.88495643798617e-07    2.83746354075678e-06    1.9374917605698e-06    1.48106522299767e-06    9.09979710688221e-07    1.07248272916595e-05
297.499999999874    2.97453355407173e-06    5.84196111847649e-07    2.82659203502547e-06    1.92949858062699e-06    1.47201184451717e-06    9.00363128281806e-07    1.06871952543708e-05
297.999999999874    2.95832184941033e-06    5.8242755039125e-07    2.8186256061965e-06    1.92155085812464e-06    1.47014318178823e-06    8.98673948576527e-07    1.06497429944875e-05
298.499999999874    2.93983959794031e-06    5.81522751503568e-07    2.81276737081484e-06    1.91421214585727e-06    1.47164557978785e-06    8.92531957858971e-07    1.06125194037628e-05
298.999999999873    2.92457012679511e-06    5.79878700443264e-07    2.80527111106655e-06    1.90833249824657e-06    1.47063103483615e-06    8.86813161731455e-07    1.05754966331191e-05
299.499999999873    2.91565794790592e-06    5.76114810918672e-07    2.79328978279341e-06    1.90376659007877e-06    1.46358896954642e-06    8.86272067180671e-07    1.05386901684239e-05
