#t    E^kin_scal0    E^grad_scal0    E^kin_scal1    E^grad_scal1    Vpot_term_0    Vpot_term_1    E_tot
0    0.163004607536553    1.83082170189154e-08    3.84566152014228e-07    1.35950295510204e-09    0.326009313755931    3.90919342431454e-07    0.489014716445699
0.5    0.162787686696497    1.04005348991988e-08    7.47775454709853e-07    3.01283447295833e-09    0.147389016519752    4.58209595343129e-07    0.310177922614668
1    0.141892461014812    6.19469049216439e-09    1.32485547714098e-07    4.74378750500055e-09    0.0373506601872663    3.06081595405087e-07    0.179243570707699
1.5    0.100287643141011    4.07078306312211e-09    1.13210997075074e-08    2.06886718079162e-08    0.000371474421445831    1.53630306313899e-08    0.100659169006042
2    0.0499867132268673    2.92545610557817e-09    6.86556660048807e-08    2.41679700928512e-09    0.013655885563819    1.02918513906931e-07    0.0636427757071194
2.49999999999999    0.0117331235406035    2.21937953931936e-09    1.10862191370762e-07    1.01348886446932e-09    0.039864006223836    1.31044244605261e-07    0.0515973749037438
2.99999999999998    6.22260185641621e-05    1.71405354291897e-09    1.03066520452579e-07    6.82168713696774e-10    0.0501436341623046    1.21076714180409e-07    0.0502060867203256
3.49999999999997    0.0103977416438047    1.32908478864799e-09    1.04910250676862e-07    3.73697933581068e-10    0.0382456935481347    5.27907920856825e-08    0.0486435945957649
3.99999999999996    0.0252408632404284    1.0358580829397e-09    5.70286751227374e-08    4.49649240534966e-10    0.0167019472188042    3.07175674443242e-08    0.0419428996909825
4.49999999999995    0.0303365172309437    8.24749503557485e-10    1.62037491496579e-08    7.35971723101196e-10    0.00197959812294554    9.40715593914544e-09    0.0323161425255156
4.99999999999994    0.0228638794571428    6.77920124759196e-10    2.90318849907434e-08    8.61887277282702e-10    0.00146585651414999    1.2174041025046e-08    0.0243297787170263
5.49999999999993    0.00977528067758275    5.70954510411983e-10    4.27505818216865e-08    3.46038920251066e-10    0.0103363747102356    4.35177818577376e-08    0.0201117425731754
5.99999999999992    0.000951990424827696    4.86295722270756e-10    3.62617370295145e-08    3.92352503334849e-10    0.0180269711543602    6.3555940211651e-08    0.0189790622755133
6.49999999999991    0.00132490922254192    4.12760313889986e-10    3.54261983765718e-08    1.90266002819081e-10    0.0175605847095444    5.22317863821689e-08    0.0188855821930974
6.9999999999999    0.00773740437833618    3.53491332279115e-10    4.02455363720782e-08    2.45918009725823e-10    0.010134122340857    1.86110007876131e-08    0.0178715861751397
7.49999999999988    0.0130612160149276    3.02327574015318e-10    1.31498428490318e-08    5.420256093979e-10    0.00240528064550062    1.3291870275784e-08    0.0154665239464945
7.99999999999987    0.0126415020059872    2.63105230110278e-10    2.64665567331907e-09    2.16392685340385e-09    7.70246078187293e-05    3.81143599168144e-09    0.0127185354989297
8.49999999999986    0.00730321548961259    2.32302701053223e-10    3.81409724145665e-08    4.66854607166445e-10    0.00349770957094666    3.35379924484826e-08    0.0108009974386814
8.99999999999985    0.00170821481017326    2.05771403948086e-10    1.4970793158146e-08    4.07881211436963e-10    0.00833092161033294    9.02995315338034e-08    0.0100392423044835
9.49999999999984    7.46595546390807e-05    1.8368866640665e-10    2.9196209247161e-08    2.15599269941335e-10    0.00988205947449652    7.65600083162047e-08    0.0099568251846411
9.99999999999983    0.00275411135118435    1.62907948051735e-10    3.13476879147623e-08    1.75108651814759e-10    0.00700385500971091    4.93883142957188e-08    0.00975804743491407
10.4999999999998    0.00650182665316534    1.45210754902609e-10    1.04361380639592e-08    4.53817882927009e-10    0.0024665192678279    3.47703332939725e-08    0.00896839172649324
10.9999999999998    0.00774804558610365    1.3048940067053e-10    8.59161017025591e-09    4.87474347943108e-10    4.36699087325575e-05    3.18837364527779e-10    0.00779172502324749
11.4999999999998    0.00555993191215803    1.17616324799294e-10    4.47402741694988e-08    2.18020900149869e-10    0.00121395588294407    3.36133316142515e-09    0.00677393623234665
11.9999999999998    0.00200018105608987    1.07953999172333e-10    5.58062517588112e-08    1.51680312333375e-10    0.00424801075004977    2.90768441192494e-08    0.00624827694886983
12.4999999999998    4.10588143457231e-05    9.78079823039554e-11    5.00370466782154e-08    1.54471209679014e-10    0.00609901893885055    4.39321518358857e-08    0.00614017197467398
12.9999999999998    0.000954522246551847    8.96181272560132e-11    6.42454240604432e-08    8.64934261092621e-11    0.005147772193759    1.56765921119896e-08    0.00610237453843857
13.4999999999998    0.0034248023407884    8.10863046774431e-11    3.19017629837694e-08    3.56866813975642e-10    0.00238828266119226    2.04439748665098e-08    0.00581313778567164
13.9999999999997    0.00499813624547299    7.46206650974029e-11    1.57208287761988e-08    4.26550459232362e-10    0.000251654489066941    1.83709408230768e-09    0.00524980879363391
14.4999999999997    0.00430219178536966    6.8338626410516e-11    7.57592294230082e-09    3.4636338735005e-09    0.00035765618051403    5.94504067064557e-08    0.00465991852418583
14.9999999999997    0.0020593641804507    6.43404426571349e-11    1.98435472499826e-08    1.28690003170488e-09    0.00222595519871915    1.33279242338721e-07    0.00428547385319991
15.4999999999997    0.000242867627300844    6.15407229183763e-11    1.78843315298876e-08    9.24076915219786e-10    0.00392591241122565    1.78493751454729e-07    0.00416897740222712
15.9999999999997    0.000264900226975656    5.66682534162726e-11    1.47082804338313e-07    1.55272468220267e-10    0.00389432122216338    3.75181862255606e-08    0.00415940626207033
16.4999999999998    0.00181100012308368    5.15444298276149e-11    1.0962017451712e-07    1.54132715290403e-10    0.00224078730707359    2.16045761609628e-08    0.00405191886058509
16.9999999999999    0.00329181697831898    4.72380441486915e-11    3.19235583008916e-08    6.16438566897524e-10    0.000475309795813071    2.00504560174656e-08    0.00376717941182298
17.4999999999999    0.00334982702590968    4.37303536611873e-11    1.46114445790254e-08    8.82454860088117e-09    5.80782500884711e-05    3.0723733121105e-08    0.0034079594794548
18    0.0019949419894319    4.47645539596552e-11    4.40586913647882e-09    4.66626637032881e-09    0.00114023761450581    3.48896135022412e-07    0.00313553761697279
18.5000000000001    0.000461505197432164    6.35279113328682e-11    3.4842032340587e-07    8.75933186694343e-10    0.00256014829899741    1.72761775439082e-07    0.00302217561798951
19.0000000000002    3.28275450931867e-05    7.05523199774458e-11    1.86626116765659e-07    1.51027213542815e-09    0.00297689883131446    3.4191779819134e-07    0.00301025650114705
19.5000000000002    0.000919015038881384    5.68058864101744e-11    2.03847981497035e-08    2.71429667425809e-09    0.00205351330418309    3.99749152905106e-07    0.00297295124811809
20.0000000000003    0.00216770892037276    4.20516837416636e-11    3.419744140718e-08    4.16109041704672e-09    0.000658685071102315    1.99795246522653e-07    0.00282663218730511
20.5000000000004    0.00260169449183938    3.36369874105048e-11    8.82224966089756e-08    9.30026880583464e-09    5.61205747937966e-07    3.55413415782009e-10    0.00260235360940313
21.0000000000005    0.00185972707857359    4.28045420529886e-11    7.43250611085379e-07    2.5886855694893e-09    0.000541388032667996    1.26922615662354e-07    0.00240198791595845
21.5000000000006    0.000639860972146697    1.97615881355077e-10    2.94313993009302e-07    7.47192631508194e-09    0.00165639249453338    1.05054375420901e-06    0.00229760599396949
22.0000000000006    4.63473687826115e-06    3.92162236102972e-10    1.37377989454493e-06    7.56777272214162e-10    0.002271617387934    1.07093466682247e-07    0.00227773414711299
22.5000000000007    0.000423038377896615    3.54283841322001e-10    7.42980740835357e-08    7.34902910721289e-09    0.00184234935401129    1.19803675212957e-06    0.00226666777004707
23.0000000000008    0.0014030054974339    1.99786122153301e-10    1.34541941126008e-08    1.08891318913751e-08    0.000788735225625151    7.73739912735551e-07    0.00219253900608391
23.5000000000009    0.00200098371043054    8.95468828700002e-11    2.57636186917649e-08    2.77147513285424e-08    5.02757689997406e-05    1.30836067580985e-07    0.00205144388341476
24.000000000001    0.00168388148301284    4.49478379624544e-11    2.05701547413158e-07    1.87876358193234e-08    0.000219098479898359    4.83637018874915e-07    0.00190368813406114
24.500000000001    0.00076519138496968    2.28326397804386e-10    1.23426273793532e-06    5.12887133051319e-10    0.00104440355004811    7.11325632350785e-08    0.00181090107153249
25.0000000000011    6.64056415440774e-05    6.81818006364755e-10    1.53455598565843e-06    2.68040660567404e-10    0.00171612306801354    4.93212933635725e-08    0.00178411353669531
25.5000000000012    0.000159156816305522    8.78858429506553e-10    8.88204174287797e-07    3.53610032001845e-09    0.00162034831150902    6.03214162230767e-07    0.00178100096110981
26.0000000000013    0.000876835522556202    6.22870294123904e-10    8.81607632985674e-07    2.40550626681346e-09    0.000867259062337342    2.01351879376001e-07    0.00174518057278247
26.5000000000013    0.0015138448019258    2.80458203449298e-10    2.81649950242077e-07    1.42831010183813e-08    0.000142627055366151    2.37206736766122e-07    0.00165700527753818
27.0000000000014    0.00148655151014278    9.58695299857587e-11    1.56790666919628e-08    4.9926074000651e-08    6.14105958267642e-05    4.5243324420784e-07    0.00154848024022397
27.5000000000015    0.000838170647347334    6.28668378320798e-10    6.35955028766645e-07    1.64449129686652e-08    0.000627774917579238    1.51363985034151e-06    0.00146811223338703
28.0000000000016    0.000161569481865276    2.76029443850892e-09    3.13040430212867e-06    2.62789783970322e-10    0.0012720717551251    4.87418301047658e-08    0.00143682340620683
28.5000000000017    3.66709046555573e-05    4.6918877575251e-09    3.1549854801282e-06    2.9442942364521e-10    0.00139415749295261    5.29849316967054e-08    0.00143404135433717
29.0000000000017    0.000518111908649404    4.40388683615673e-09    1.78158093121748e-06    3.80662753741363e-09    0.000897610721349823    6.42298195241932e-07    0.00141815471964006
29.5000000000018    0.00111951514271103    2.59739380125561e-09    1.29057192300147e-06    4.36998649622735e-09    0.000243135657439797    1.31625029226166e-07    0.00136407996448335
30.0000000000019    0.0012804755119687    8.96962262977398e-10    1.54116226686932e-07    8.49521932715158e-08    4.37285541219748e-06    7.26609181191797e-08    0.00128516099368124
30.500000000002    0.000861973252172819    1.99635360585769e-09    4.34331249216389e-06    7.43254807541455e-09    0.000350244317969612    5.86596926625361e-07    0.0012171569084629
31.000000000002    0.000258881710858256    1.64080408516375e-08    3.61022154354141e-06    1.85490435057589e-08    0.000918104691322882    3.19554561669853e-06    0.00118382712642574
31.5000000000021    4.91458049387325e-07    3.86696518838823e-08    7.47219425076625e-06    1.6856649071434e-09    0.00117038446407689    1.77485568115298e-07    0.00117856595726195
32.0000000000022    0.000281905125709557    4.67086031887727e-08    2.88943571415006e-06    1.89682242513445e-08    0.000884073196171042    3.37714823856078e-06    0.00117231058266075
32.5000000000021    0.00080515422246088    3.51691572602627e-08    3.56674410495759e-06    1.23382222989709e-08    0.000330867081613436    4.07989338595944e-07    0.00114004354489743
33.000000000002    0.00107637994953676    1.62304922944539e-08    2.44509781636273e-07    9.95538189218099e-08    6.61282891712315e-06    1.03732373827954e-07    0.00108345680492056
33.5000000000019    0.000847306124032018    6.681310565977e-09    1.48616359047993e-06    7.849112870835e-08    0.000175527835081693    2.70250211226667e-06    0.00102710779725573
34.0000000000018    0.000342380038767716    9.04275577000658e-08    2.70503875294208e-06    4.12782957622051e-08    0.000644712116284447    4.01529349089777e-06    0.000993944193149465
34.5000000000017    1.4117536659838e-05    2.77302005947861e-07    4.18095902516118e-06    3.35296856208806e-08    0.000963874031868073    3.24782572020257e-06    0.000985731184964843
35.0000000000016    0.0001341015282773    3.92062626610412e-07    4.09580082452425e-06    5.49892043614902e-08    0.000842535525754386    2.3892314658035e-06    0.000983569138152986
35.5000000000015    0.000559455576921882    3.32999735854833e-07    2.39444209152926e-06    1.1308929938248e-07    0.000401049659224581    1.82577026476425e-06    0.000965171537537994
36.0000000000014    0.000882304880855744    1.74776610758933e-07    1.1863563709445e-06    2.70878591448266e-07    4.11969980985557e-05    1.90583155663777e-07    0.000925324473683116
36.5000000000013    0.00080381725259457    6.15826289877924e-08    7.22978184032385e-07    4.1576755359322e-07    7.14895516416154e-05    2.98376183850341e-06    0.000879490894441303
37.0000000000012    0.000405888214227074    4.09456538081794e-07    5.36776200074513e-06    1.70129611499504e-07    0.000432598492626955    3.40869267334801e-06    0.000847842747677703
37.5000000000011    5.35231294575269e-05    1.11395820718906e-06    1.96681947350355e-06    1.62528507388496e-07    0.000771217670435807    9.09069913347987e-06    0.000837074805214895
38.000000000001    5.06455083003812e-05    1.43331707243565e-06    8.34668819223573e-06    1.60572644695803e-07    0.000773307569584329    1.95696854997514e-06    0.000835850624344053
38.5000000000009    0.000372746789567756    1.08399198226564e-06    3.09608982635025e-06    2.44391237284685e-07    0.000444340097110577    4.32814879337232e-06    0.000825839508517606
39.0000000000008    0.000705461755484936    5.00003721665008e-07    2.7886962494374e-06    4.41539258961852e-07    8.83127368928222e-05    8.08080033129608e-07    0.000798312811640952
39.5000000000007    0.000737177564754807    2.24360417181327e-07    1.28989868702115e-06    7.94788195711094e-07    1.99977417510202e-05    2.26792528681985e-06    0.000761752279092561
40.0000000000006    0.000436088239980828    9.3164446317705e-07    1.66128957542811e-05    1.78914212337968e-07    0.000276446506386782    2.65651662541026e-06    0.000732914717422816
40.5000000000005    9.71028492950026e-05    2.08587045994419e-06    2.16930116698729e-05    2.49662590510397e-07    0.000596578236094695    2.65701303386183e-06    0.000720366643143887
41.0000000000004    1.41368687107844e-05    2.62780732947845e-06    1.01727687135972e-05    3.32691451051076e-07    0.00067703639681289    1.4162804805093e-05    0.000718469337822894
41.5000000000003    0.000243674116789674    2.19919932482737e-06    7.91548496824826e-06    4.09333200216899e-07    0.000448198575005961    1.04845594372178e-05    0.000712881268726144
42.0000000000002    0.000556730243021547    1.28789499940027e-06    4.4648476110501e-06    8.47832866723124e-07    0.000126307509657589    4.16779252869573e-06    0.000693806120685005
42.5000000000001    0.000653741964361198    6.23029621387469e-07    3.04669861675603e-06    1.69429900413552e-06    4.34760371742934e-06    1.58984851577004e-06    0.000665043443836676
43    0.000437360342366439    1.07995041385258e-06    1.2974058007902e-05    8.19947000363718e-07    0.000177180622825003    1.03875633573858e-05    0.000639802483970946
43.4999999999999    0.000132328913264592    3.62432498543842e-06    8.22827549737987e-06    8.90938660541792e-07    0.000460959834046997    2.08342207782723e-05    0.000626866507233222
43.9999999999998    6.49321910564874e-06    6.25222871534184e-06    1.56925730611401e-05    7.99924305191053e-07    0.000582140788486362    1.27120020217546e-05    0.000624090735695439
44.4999999999997    0.000161269480141391    6.38714319877224e-06    1.33878369348176e-05    1.17184761799869e-06    0.000430724561982672    7.6941997133955e-06    0.000620635069589047
44.9999999999996    0.000437414900275405    4.09035888216574e-06    8.12111442853264e-06    2.00249244137988e-06    0.000152869678961975    2.73105944092846e-06    0.000607229604430387
45.4999999999995    0.000567587054802523    1.54170599892641e-06    3.21771902052475e-06    3.40129715345322e-06    6.0832871145542e-06    2.95877965753844e-06    0.00058478984374752
45.9999999999994    0.000423716391188656    2.86501250491396e-06    9.55883201811172e-06    2.06070938563865e-06    0.000114138133249874    1.07732124673741e-05    0.000563112290814569
46.4999999999993    0.000157704109914219    8.53578489397605e-06    1.06136851405607e-05    1.49660715936459e-06    0.000356184903032918    1.59634199740542e-05    0.000550498510115093
46.9999999999992    1.17539625742005e-05    1.15979309609666e-05    1.15582661647202e-05    1.85646752262816e-06    0.0004945537882329    1.57592754505863e-05    0.000547079690906002
47.4999999999991    0.000109887676935884    1.02832077923359e-05    1.10362271071476e-05    2.03210941768867e-06    0.000400100482552647    1.13474527675483e-05    0.000544687156573252
47.999999999999    0.000346812272982894    6.11929748333816e-06    8.38996801609194e-06    2.29808930814671e-06    0.000166291881064418    5.10970483748839e-06    0.000535021213692378
48.4999999999989    0.000490162927799946    2.94248342770187e-06    5.66552222221791e-06    3.52699357766841e-06    1.36304671512603e-05    1.41985984708341e-06    0.000517348254025877
48.9999999999988    0.000395841470351017    3.75701072459572e-06    6.34793150686005e-06    3.64060582581454e-06    7.71528434365336e-05    1.22460121621946e-05    0.000498985874007015
49.4999999999987    0.000167629143283413    9.24470066370082e-06    1.99790832019606e-05    1.8623038796203e-06    0.000278487244382853    1.01676640427245e-05    0.000487370139454272
49.9999999999986    1.9542725771328e-05    1.35224701964853e-05    1.95399931415454e-05    2.08791599141989e-06    0.000416150415931531    1.27028959309268e-05    0.000483546416963237
50.4999999999985    8.06469132028656e-05    1.26806930804481e-05    1.54084463098655e-05    2.50809006937233e-06    0.000358613664695261    1.16312312678474e-05    0.00048148903862566
50.9999999999984    0.000281305505254681    8.02275957458741e-06    1.11910561957367e-05    2.9024996048219e-06    0.000164745268166367    5.97913896230197e-06    0.000474146227758496
51.4999999999983    0.000422391500520369    4.00933967392576e-06    7.13433980993599e-06    4.37091894921387e-06    2.06143209546658e-05    1.50174740977571e-06    0.000460022167317886
51.9999999999982    0.000357948495345877    4.44639088690052e-06    6.56105522844342e-06    5.34785964794383e-06    5.76340668750065e-05    1.27099476750355e-05    0.000444647815659207
52.4999999999981    0.000164007582484507    1.04000822819624e-05    2.40621986104589e-05    2.45275937659059e-06    0.000223888847991321    9.54433876490196e-06    0.000434355809509742
52.999999999998    2.69572067279232e-05    1.59844127239921e-05    2.00116754889111e-05    2.61291515196232e-06    0.000349817428535097    1.5088872847202e-05    0.000430472511475088
53.4999999999979    6.77346233656004e-05    1.58735115059012e-05    1.64185311781221e-05    3.08801522800968e-06    0.000312891721877102    1.24279535709015e-05    0.000428434356725636
53.9999999999978    0.000237104173762263    1.07010055800121e-05    1.20031313105727e-05    3.99524857981383e-06    0.000152610936172868    6.02599278840368e-06    0.000422440488193934
54.4999999999977    0.000363947541895128    5.43244342475591e-06    7.75182356946009e-06    5.76320247085113e-06    2.54835466380306e-05    2.55600522505226e-06    0.000410934563223278
54.9999999999976    0.000317937613721999    5.61223716745034e-06    8.55596640141564e-06    6.20985364670728e-06    4.94112382482874e-05    1.04090986168858e-05    0.000398136007802746
55.4999999999975    0.000153298855701108    1.28840852618425e-05    2.11921110893067e-05    3.38156310219806e-06    0.000188054793984699    1.04433861455809e-05    0.000389254795284735
55.9999999999974    3.21658348428965e-05    1.91601566352484e-05    1.91708894010671e-05    3.19798365101461e-06    0.00029790076241213    1.39395152011974e-05    0.000385535142143554
56.4999999999973    6.2955389164657e-05    1.80067408117921e-05    1.55966862458196e-05    4.15175876807502e-06    0.000270811645683742    1.19960422892454e-05    0.000383518262963331
56.9999999999972    0.000206761481643017    1.18517825325287e-05    1.22786867442849e-05    4.75127030758225e-06    0.000136373124897156    6.39006741587027e-06    0.000378406413540439
57.4999999999971    0.000317050868223914    6.27444510869523e-06    8.98646458677879e-06    5.869991113439e-06    2.74694555815492e-05    3.16644838523015e-06    0.000368817672999607
57.999999999997    0.000279393127160662    6.62483321929059e-06    9.72600746855567e-06    6.3466487255245e-06    4.64923549535413e-05    9.52583611792137e-06    0.000358108807645496
58.4999999999969    0.000137350300774614    1.36237550353451e-05    2.02081200316324e-05    4.12558321797286e-06    0.000163731191983147    1.15376501384836e-05    0.000350576601181194
58.9999999999968    3.40367224126671e-05    1.98750305592231e-05    1.95517821385855e-05    3.65125325966475e-06    0.00025595305554928    1.41321752252504e-05    0.000347200019144671
59.4999999999967    6.25302201086252e-05    1.85081538673871e-05    1.65223272076494e-05    4.54749422054456e-06    0.000231275622347209    1.17841588157347e-05    0.00034516797656715
59.9999999999966    0.000186744878976041    1.20538978670272e-05    1.25493885311331e-05    5.49611832244733e-06    0.000116838651470658    6.90414387349351e-06    0.0003405870790408
60.4999999999965    0.000278731271304615    6.76644108019709e-06    9.38701506154752e-06    6.40248735761215e-06    2.700823653998e-05    4.13105556827249e-06    0.000332426506912224
60.9999999999964    0.000241673563437908    7.48839234979907e-06    1.12466214572406e-05    6.40708628694293e-06    4.69325671725115e-05    9.71797712959329e-06    0.000323466207833995
61.4999999999963    0.00011792791520637    1.4315927448085e-05    2.09172875947326e-05    4.49446362839602e-06    0.000147181364646934    1.23293214969095e-05    0.000317166280021427
61.9999999999962    3.42254309956304e-05    1.99124776487626e-05    2.05331696226056e-05    4.09404926368234e-06    0.000220901357683054    1.45264184998934e-05    0.000314192903713629
62.4999999999961    6.59313556490891e-05    1.82394967757345e-05    1.72005538699375e-05    4.97406495159455e-06    0.000193837859452214    1.19400501704429e-05    0.000312123380869013
62.999999999996    0.000174245305499849    1.19776752654168e-05    1.30000340950296e-05    6.05020164921612e-06    9.56393398043197e-05    6.93653687719256e-06    0.000307849093191024
63.4999999999959    0.000245777544577748    7.266874357031e-06    1.00567252770022e-05    7.02819332162864e-06    2.56378036732559e-05    4.99878444002913e-06    0.000300765925646694
63.9999999999958    0.000204221375770552    8.71417120310328e-06    1.29699033567314e-05    6.76701224643166e-06    5.01150629583968e-05    1.05119229011065e-05    0.000293299448436322
64.4999999999961    9.70988692764795e-05    1.5665460688362e-05    2.19473854778199e-05    4.93114373398295e-06    0.000135529189267646    1.29607434112833e-05    0.000288132791855574
64.9999999999963    3.48682807224199e-05    2.05575765158574e-05    2.12108127756109e-05    4.7082694816917e-06    0.00018968304691321    1.45121686877927e-05    0.000285540155096582
65.4999999999966    7.29123321968486e-05    1.81771045554091e-05    1.76844629857832e-05    5.67975190208554e-06    0.000157556164005295    1.13683310543791e-05    0.000283378146699801
65.9999999999969    0.000166233693293581    1.18431828303789e-05    1.33210026970947e-05    6.84146945760083e-06    7.42052158319218e-05    6.81942836811822e-06    0.000279263992478695
66.4999999999971    0.000215201852965558    7.93267863639866e-06    1.11811746156182e-05    7.65085577498087e-06    2.48530023460548e-05    6.23530388819811e-06    0.000273054868226809
66.9999999999974    0.000167106653855478    1.04116460238004e-05    1.5469466335887e-05    7.05446498560269e-06    5.53209147492257e-05    1.15288167924169e-05    0.00026689196274241
67.4999999999976    7.69713193737957e-05    1.74018951791208e-05    2.30286052278531e-05    5.4788704597167e-06    0.000126286868754581    1.356421018032e-05    0.000262731769175387
67.9999999999979    3.77019008141149e-05    2.11498610776586e-05    2.17318725292541e-05    5.5229333312877e-06    0.00016030977238713    1.4030760098394e-05    0.00026044710023784
68.4999999999981    8.26006695298649e-05    1.77833230027331e-05    1.76729969765881e-05    6.64456259125337e-06    0.000122869040168528    1.05678856229011e-05    0.000258138477891869
68.9999999999984    0.000159440511615015    1.16162044974105e-05    1.3580760894743e-05    7.81675816998559e-06    5.4828770529521e-05    6.83881144011847e-06    0.000254121817146793
69.4999999999986    0.000184676171015688    8.9590176581592e-06    1.28536935335976e-05    8.26643572642744e-06    2.6199956888368e-05    7.73568257828147e-06    0.000248690957400522
69.9999999999989    0.000131315800178479    1.26728751553226e-05    1.83193489237723e-05    7.3007315573198e-06    6.15852782961758e-05    1.2491721278768e-05    0.000243685755389837
70.4999999999992    6.04492301375998e-05    1.92798032691813e-05    2.3716477578668e-05    6.09261498961393e-06    0.000117026447311627    1.38074503359611e-05    0.000240372023622651
70.9999999999994    4.41330324351391e-05    2.1321281215315e-05    2.16883101752027e-05    6.50465837017315e-06    0.000131600406951304    1.30310545359997e-05    0.000238278743683134
71.4999999999997    9.29208278036366e-05    1.69186145514729e-05    1.72780046559024e-05    7.81855405126169e-06    9.11792940410027e-05    9.67677162118815e-06    0.000235792066724465
71.9999999999999    0.00015045264398646    1.13646381100478e-05    1.40245791858047e-05    8.83757751732611e-06    3.98876955712637e-05    7.33038272041785e-06    0.00023189751709132
72.5000000000002    0.000153087144283454    1.0498367168814e-05    1.51465497734857e-05    8.75372110588496e-06    3.02776210966466e-05    9.45478179617957e-06    0.000227218185224465
73.0000000000004    9.9165109072341e-05    1.53509505296588e-05    2.11844522400506e-05    7.56338695314587e-06    6.7012717581808e-05    1.29468755743609e-05    0.000223223491951365
73.5000000000007    4.99609668949573e-05    2.06844292113963e-05    2.39975485976219e-05    6.94737447211023e-06    0.000105442810122737    1.35293459079209e-05    0.000220562475206744
74.000000000001    5.39445110636215e-05    2.05270397930164e-05    2.10839296138647e-05    7.77551507602701e-06    0.000103253950942709    1.19440719969105e-05    0.000218529018486149
74.5000000000012    0.000100990572977852    1.55535277627987e-05    1.69990954731318e-05    9.01259020787476e-06    6.42709748905499e-05    9.05376366795148e-06    0.000215880524980158
75.0000000000015    0.000136661825698846    1.14459058373691e-05    1.52970449989882e-05    9.60237773622397e-06    3.0964197122414e-05    8.22045404849895e-06    0.00021219180544234
75.5000000000017    0.000121073120722518    1.25482436106663e-05    1.80831212126973e-05    9.09530350689844e-06    3.64542804510452e-05    1.10045572453136e-05    0.000208258626749139
76.000000000002    7.3593118584531e-05    1.77053491923826e-05    2.32161242620931e-05    8.08254685502205e-06    6.94502841950306e-05    1.30625755195892e-05    0.000205109998608648
76.5000000000022    4.68426584472911e-05    2.10670751945169e-05    2.37496046996602e-05    8.02710237700856e-06    9.04199138119579e-05    1.27789369585564e-05    0.000202885291488991
77.0000000000025    6.51545186806709e-05    1.88930183143844e-05    2.03662143233651e-05    9.05668882187556e-06    7.64951768476662e-05    1.08414484395681e-05    0.00020080706542753
77.5000000000027    0.00010347221115827    1.41272450892317e-05    1.72258491035445e-05    1.00906309832709e-05    4.41605709835102e-05    8.99087987867667e-06    0.000198067387196504
78.000000000003    0.000117301770206978    1.21258988348745e-05    1.72444980699833e-05    1.02500555672433e-05    2.82007089785434e-05    9.58457634107985e-06    0.000194707507998703
78.5000000000033    9.16456763178908e-05    1.48389403443851e-05    2.10283510064936e-05    9.47780158584783e-06    4.25465488257576e-05    1.19526231785373e-05    0.000191489941258912
79.0000000000035    5.68913650378932e-05    1.91412865735022e-05    2.44139106827748e-05    8.78034980318241e-06    6.69350681041562e-05    1.28233536132814e-05    0.00018898533381479
79.5000000000038    5.02631683571022e-05    2.00572612430525e-05    2.30540406235088e-05    9.18638982715815e-06    7.24345340971703e-05    1.19901799744748e-05    0.000186985574122467
80.000000000004    7.40873363006736e-05    1.67821548298484e-05    1.9909019547181e-05    1.02152569950335e-05    5.35858873760116e-05    1.02430799265547e-05    0.000184822734975303
80.5000000000043    9.8319880122756e-05    1.32803220761239e-05    1.83074364259187e-05    1.08809758773239e-05    3.1856835601938e-05    9.47652670869375e-06    0.000182121976812754
81.0000000000045    9.46874418100215e-05    1.33622045118463e-05    1.98456103410155e-05    1.0694667584105e-05    2.97393217218893e-05    1.08602743484418e-05    0.000179189520317319
81.5000000000048    6.83569086118803e-05    1.66631857040541e-05    2.32054015011545e-05    1.00031566550025e-05    4.59224906659149e-05    1.24449852698189e-05    0.000176596128407825
82.000000000005    4.95819020703644e-05    1.92336429092373e-05    2.43749687044736e-05    9.77091627129092e-06    5.92009778014761e-05    1.23527435976026e-05    0.000174515151354445
82.5000000000053    5.65104986830793e-05    1.8070634676972e-05    2.2382234584926e-05    1.03969515230011e-05    5.40287035200919e-05    1.12038677368831e-05    0.000172592890724953
83.0000000000056    7.73063349127667e-05    1.47603698707861e-05    2.01196366919641e-05    1.12261102408893e-05    3.68497840559431e-05    1.01281587077043e-05    0.000170390394480054
83.5000000000058    8.61745657854232e-05    1.31530922173211e-05    2.00337798784323e-05    1.1451056638547e-05    2.6630549655775e-05    1.04290225409068e-05    0.000167872066716405
84.0000000000061    7.30904436559695e-05    1.47618243760911e-05    2.2294702438166e-05    1.10117525312937e-05    3.25312788417435e-05    1.17104842106091e-05    0.000165400486053873
84.5000000000063    5.37552501325577e-05    1.74594798219534e-05    2.44058655488813e-05    1.05591924897459e-05    4.47992711243264e-05    1.23025335001737e-05    0.000163281592617638
85.0000000000066    4.92080832056055e-05    1.79814560990035e-05    2.38892075171457e-05    1.07634395607631e-05    4.78150290155589e-05    1.17759646117249e-05    0.000161433180009802
85.5000000000068    6.14051117261781e-05    1.57810665410505e-05    2.19253877597635e-05    1.14476187641931e-05    3.81694586084126e-05    1.07991393278241e-05    0.000159527782727422
86.0000000000071    7.34158052934458e-05    1.35446965671224e-05    2.0993855956664e-05    1.1900313015644e-05    2.7016374171277e-05    1.05126136258051e-05    0.000157383658629958
86.5000000000073    7.05657881977776e-05    1.3629645947659e-05    2.2044025934964e-05    1.17973111743694e-05    2.5850286730079e-05    1.12617667520036e-05    0.000155148824736853
87.0000000000076    5.65390289070259e-05    1.55837797448082e-05    2.39813377498141e-05    1.1440578821705e-05    3.35981347481981e-05    1.19485573273996e-05    0.000153091417298951
87.5000000000079    4.7295198256873e-05    1.68696508727362e-05    2.45009309427558e-05    1.13979575618281e-05    3.93373820699898e-05    1.1883534642672e-05    0.000151284654346855
88.0000000000081    5.16287571341957e-05    1.58380310216981e-05    2.33500886506774e-05    1.17209068442462e-05    3.57921471523106e-05    1.12173448022056e-05    0.000149547275605334
88.5000000000084    6.15720071315259e-05    1.37923912856874e-05    2.22268689141021e-05    1.20919866162775e-05    2.72084366564247e-05    1.07885291534841e-05    0.000147680219757502
89.0000000000086    6.39856924138894e-05    1.3030879773228e-05    2.24090515938888e-05    1.224294332557e-05    2.29820270049417e-05    1.10474050294284e-05    0.000145697999140946
89.5000000000089    5.61231499970045e-05    1.40568852730627e-05    2.35214542299846e-05    1.21218252001336e-05    2.63280704853773e-05    1.16270530729078e-05    0.000143778438258471
90.0000000000091    4.69367959329211e-05    1.53547128686634e-05    2.44772412566768e-05    1.19167964760585e-05    3.15278950079421e-05    1.18227930466589e-05    0.000142036234588921
90.5000000000094    4.61669911725678e-05    1.5156618648533e-05    2.40663118332465e-05    1.1963857438781e-05    3.15059415165334e-05    1.1546425811208e-05    0.00014040614642087
91.0000000000096    5.24484862809902e-05    1.36268391162616e-05    2.32997843448065e-05    1.22086923975662e-05    2.61234445776163e-05    1.10286879502464e-05    0.000138735934667487
91.5000000000099    5.66338699691683e-05    1.25304122338609e-05    2.29484296274607e-05    1.24210923164335e-05    2.14527343558708e-05    1.09889998835452e-05    0.000136975538386339
92.0000000000102    5.30633572730897e-05    1.28888784964561e-05    2.3402255657188e-05    1.24565773517821e-05    2.19703487915979e-05    1.14359020371279e-05    0.000135217319607242
92.5000000000104    4.58098599901414e-05    1.38537261105484e-05    2.41712816943033e-05    1.23401648369653e-05    2.55380836702002e-05    1.18619624739672e-05    0.000133575078776126
93.0000000000107    4.30518353145376e-05    1.39824701466441e-05    2.43436441965841e-05    1.22865491219229e-05    2.67764926331849e-05    1.15958284275559e-05    0.000132036819840429
93.5000000000109    4.61213651572651e-05    1.30486840817362e-05    2.38198931476096e-05    1.23865420985928e-05    2.38826304882579e-05    1.12494601881323e-05    0.000130508575161594
94.0000000000112    4.98829393422481e-05    1.20181552738526e-05    2.34673065926327e-05    1.25393436996149e-05    2.00636934465995e-05    1.09556778245995e-05    0.000128927116179547
94.5000000000114    4.8802802362827e-05    1.18486996057956e-05    2.35522845112145e-05    1.26319301759933e-05    1.92174664944765e-05    1.12788517167905e-05    0.000127332034867097
95.0000000000117    4.38388534975484e-05    1.24412001491582e-05    2.40482688304658e-05    1.25750034762682e-05    2.12265451417927e-05    1.16717837199741e-05    0.000125801654815207
95.500000000012    4.0568039823011e-05    1.27255728412053e-05    2.43699048123077e-05    1.24743366789028e-05    2.26248339346921e-05    1.15952615333228e-05    0.000124357949623442
96.0000000000122    4.18142985247731e-05    1.21275619544073e-05    2.41272665308711e-05    1.24844982559158e-05    2.12174115650081e-05    1.11716614179603e-05    0.000122942698248936
96.5000000000125    4.42536118243379e-05    1.13108999955407e-05    2.35750822939859e-05    1.2636475347314e-05    1.85535373690676e-05    1.11752573247274e-05    0.000121504864154973
97.0000000000127    4.41821562586188e-05    1.10085983032067e-05    2.35730110902738e-05    1.27242010526247e-05    1.73287685479153e-05    1.12412757590104e-05    0.00012005801101165
97.500000000013    4.12515998521134e-05    1.12275915826517e-05    2.39943571396623e-05    1.26870972579716e-05    1.81582234610426e-05    1.13279343041022e-05    0.000118646803597544
98.0000000000132    3.84948363325224e-05    1.14402022862447e-05    2.41127062625676e-05    1.26217277644087e-05    1.92171085015993e-05    1.14096300610278e-05    0.000117296211208371
98.5000000000135    3.84165977287939e-05    1.11365666046244e-05    2.40397240501246e-05    1.2555753282894e-05    1.86877661512846e-05    1.11455537841486e-05    0.00011598196160187
99.0000000000137    3.98070473960608e-05    1.05333074808931e-05    2.3752686648816e-05    1.25744079216444e-05    1.69743089611741e-05    1.10234552923471e-05    0.000114665213700935
99.500000000014    3.99869319564936e-05    1.01442046096191e-05    2.35768200639676e-05    1.26311088233622e-05    1.57899286472492e-05    1.12169481205021e-05    0.000113345942221194
100.000000000014    3.83563539966671e-05    1.01487408632881e-05    2.38043348795531e-05    1.26339199672957e-05    1.59382702687032e-05    1.11641734105093e-05    0.000112045793386017
100.500000000015    3.61947212514079e-05    1.03034552626165e-05    2.37708198063802e-05    1.26354701933389e-05    1.66175163505926e-05    1.12679116064757e-05    0.000110789894470812
101.000000000015    3.56959026012781e-05    1.01302154571535e-05    2.36599050714085e-05    1.26174965445999e-05    1.64642499811193e-05    1.10007943496442e-05    0.000109568564005204
101.500000000015    3.62823143992213e-05    9.7075155104307e-06    2.34687772509038e-05    1.26001228134595e-05    1.54293147180982e-05    1.08690743625134e-05    0.000108357119054627
102.000000000015    3.65446598904331e-05    9.32908178266074e-06    2.3413528330158e-05    1.25497892802768e-05    1.44565252205605e-05    1.08554321500441e-05    0.000107149016654133
102.500000000016    3.54778868090684e-05    9.25088948780691e-06    2.3498397580907e-05    1.24930757993929e-05    1.43005787974113e-05    1.09323977148267e-05    0.000105953226189413
103.000000000016    3.40928709672633e-05    9.30134116078066e-06    2.34717670967466e-05    1.24670168899966e-05    1.46368295241061e-05    1.08179826791564e-05    0.00010478780831805
103.500000000016    3.30629228603691e-05    9.21126051815981e-06    2.32659059932247e-05    1.24746006133898e-05    1.46679008109383e-05    1.09703265184073e-05    0.000103652917314489
104.000000000016    3.3353768038538e-05    8.85438296626893e-06    2.31707205404897e-05    1.24682143962967e-05    1.39837570797932e-05    1.07036136052044e-05    0.000102534456626591
104.500000000017    3.3712974482998e-05    8.5387291953725e-06    2.29866592644073e-05    1.24592295934368e-05    1.32180744924878e-05    1.05045032731641e-05    0.000101420170301866
105.000000000017    3.29452128236011e-05    8.48779343859945e-06    2.29339382123496e-05    1.24325039297335e-05    1.30510044581174e-05    1.04680243177239e-05    0.000100318477180125
105.500000000017    3.16365056399549e-05    8.51164025731388e-06    2.28857448444831e-05    1.23652428232372e-05    1.32368306260076e-05    1.06085872953629e-05    9.92445514863594e-05
106.000000000017    3.11654033378629e-05    8.3395195360083e-06    2.29200547165705e-05    1.22708618757617e-05    1.312507639922e-05    1.0370517511697e-05    9.81914333771205e-05
106.500000000018    3.09792439852807e-05    8.09606338063497e-06    2.26777900379877e-05    1.2269429016462e-05    1.27006393786216e-05    1.0428473809046e-05    9.71516396080331e-05
107.000000000018    3.10007653537771e-05    7.8683002487066e-06    2.25087694891257e-05    1.22835480191862e-05    1.22085455802558e-05    1.0253754356521e-05    9.61236830475723e-05
107.500000000018    3.04029101052711e-05    7.73951256510876e-06    2.24290311223442e-05    1.22844064867379e-05    1.19785605872878e-05    1.02750331771446e-05    9.51094540438944e-05
108.000000000018    2.97142637630578e-05    7.67132004606488e-06    2.2358400928284e-05    1.22307380291306e-05    1.19460615676493e-05    1.01919134988617e-05    9.41126978330484e-05
108.500000000019    2.91737923894289e-05    7.56480751663964e-06    2.22731524780864e-05    1.21620763033589e-05    1.18763896197709e-05    1.00842628326189e-05    9.31344811399036e-05
109.000000000019    2.88521618205807e-05    7.41063038274532e-06    2.21273669687726e-05    1.2100515559876e-05    1.16435078639115e-05    1.00373074733121e-05    9.21714900691983e-05
109.500000000019    2.86764652175368e-05    7.24090683870648e-06    2.2008157645448e-05    1.20445024983425e-05    1.13080003833794e-05    9.94298279768155e-06    9.12210153810947e-05
110.000000000019    2.84028874924564e-05    7.10412592665359e-06    2.192309036962e-05    1.20088937791425e-05    1.10715959947203e-05    9.77037430969924e-06    9.0280967872292e-05
110.50000000002    2.77612637097299e-05    7.02213171208473e-06    2.17308776277813e-05    1.1980352365486e-05    1.10114814388669e-05    9.85099412927841e-06    8.93571009832273e-05
111.00000000002    2.73938432877396e-05    6.91168575733429e-06    2.16440771863533e-05    1.19106504001949e-05    1.09116156131571e-05    9.67842346100074e-06    8.845029570578e-05
111.50000000002    2.70835229342106e-05    6.78989502726561e-06    2.14521039220369e-05    1.18395114936762e-05    1.07320420583495e-05    9.65863372337905e-06    8.75557091589178e-05
112.00000000002    2.67855936597555e-05    6.66375287420146e-06    2.12911220499931e-05    1.17794613815397e-05    1.052154528957e-05    9.63253581634874e-06    8.66740110714086e-05
112.500000000021    2.65703397493391e-05    6.5416240887672e-06    2.11671376028753e-05    1.1722782817969e-05    1.03305426408059e-05    9.47200552653737e-06    8.5804432426294e-05
113.000000000021    2.61807375849665e-05    6.45075407309644e-06    2.11179196003297e-05    1.16634439478703e-05    1.02239655511471e-05    9.31048629145167e-06    8.49473070488617e-05
113.500000000021    2.56769278977714e-05    6.37229730684719e-06    2.09360696011693e-05    1.1598699721082e-05    1.0162941803954e-05    9.35701483466462e-06    8.41039511654885e-05
114.000000000021    2.54399674256274e-05    6.26626528536086e-06    2.08435928499721e-05    1.1515758070688e-05    1.00150430114322e-05    9.19300551933076e-06    8.32736321624113e-05
114.500000000022    2.51702306464056e-05    6.14900923700828e-06    2.07058706221115e-05    1.14646402313095e-05    9.82738440952378e-06    9.13687528723654e-06    8.24540104335952e-05
115.000000000022    2.48700842850921e-05    6.01719749338713e-06    2.04980634793107e-05    1.14509650313558e-05    9.65984396047906e-06    9.14997287200659e-06    8.16461271216314e-05
115.500000000022    2.45259001848191e-05    5.92678371878575e-06    2.0410985238701e-05    1.14229936545977e-05    9.53104200803893e-06    9.03206338547329e-06    8.08497681904157e-05
116.000000000022    2.42082183249842e-05    5.83551512488052e-06    2.02240227605468e-05    1.13592907718965e-05    9.41707924281186e-06    9.02194590588712e-06    8.00660721310071e-05
116.500000000023    2.39756886238636e-05    5.74492241830703e-06    2.01285997743515e-05    1.12603797137561e-05    9.30169560638381e-06    8.8810466997719e-06    7.9292332836434e-05
117.000000000023    2.36319666047108e-05    5.67795181511855e-06    1.99685683788912e-05    1.11770320131543e-05    9.21761979159603e-06    8.85717257711722e-06    7.85303111805881e-05
117.500000000023    2.33762424881177e-05    5.5863005273111e-06    1.98918089783301e-05    1.10949787145106e-05    9.09149852624534e-06    8.73868712623755e-06    7.77795163607525e-05
118.000000000023    2.31559303484406e-05    5.48966218059769e-06    1.97998027310132e-05    1.10352151051517e-05    8.95917247827111e-06    8.59767637796705e-06    7.70374592214414e-05
118.500000000024    2.28361017753367e-05    5.41118254532748e-06    1.95653481483612e-05    1.10037647583956e-05    8.87347681759925e-06    8.61654552866715e-06    7.63064195736873e-05
119.000000000024    2.2620625935307e-05    5.34078981814723e-06    1.94128384032055e-05    1.09536031766552e-05    8.78142676214426e-06    8.47741976038332e-06    7.55867038558425e-05
119.500000000024    2.23168486075529e-05    5.26212632892263e-06    1.92508966187341e-05    1.08906358657397e-05    8.68240377278133e-06    8.4744544210967e-06    7.48773656148274e-05
120.000000000024    2.21478605423373e-05    5.16523873437436e-06    1.91603002732952e-05    1.08225669663276e-05    8.55851768578861e-06    8.32270672070066e-06    7.41771909228237e-05
120.500000000025    2.18893115313044e-05    5.09783665260686e-06    1.90003164964489e-05    1.07573618337233e-05    8.47560820604591e-06    8.26543677598026e-06    7.34858714961096e-05
121.000000000025    2.16611779463212e-05    5.0469038146645e-06    1.88030952834369e-05    1.06815458942041e-05    8.42082224858928e-06    8.19154289078119e-06    7.28050880779972e-05
121.500000000025    2.13801661242608e-05    4.97197785645512e-06    1.87064708893441e-05    1.05970224404953e-05    8.34508318389294e-06    8.13385691609245e-06    7.21345774105407e-05
122.000000000026    2.11890961872149e-05    4.89440528595158e-06    1.86007727734937e-05    1.05150852166892e-05    8.24377945341067e-06    8.02885103061103e-06    7.1471989947371e-05
122.500000000026    2.09648950286111e-05    4.82833615981263e-06    1.84620235143689e-05    1.04381060463319e-05    8.14795685088877e-06    7.97703541507545e-06    7.08183530150888e-05
123.000000000026    2.07961311659533e-05    4.76439642903443e-06    1.8275129565775e-05    1.0360703286702e-05    8.05999951779987e-06    7.91734726475957e-06    7.01737072300242e-05
123.500000000026    2.05826618003786e-05    4.70136258707402e-06    1.81420663211374e-05    1.02829974249228e-05    7.99570304006011e-06    7.83271551866693e-06    6.95375066922398e-05
124.000000000027    2.03249734108364e-05    4.64857864296549e-06    1.79680655449712e-05    1.0216681100403e-05    7.94400504211457e-06    7.80876249801984e-06    6.89110662393106e-05
124.500000000027    2.01003449432789e-05    4.58616853874076e-06    1.78797792167088e-05    1.01587076619056e-05    7.86441356364174e-06    7.70327953575209e-06    6.82926934600279e-05
125.000000000027    1.99513869448453e-05    4.5180457608042e-06    1.77570907960987e-05    1.01023980211277e-05    7.7783021722244e-06    7.57469392012715e-06    6.76819176152274e-05
125.500000000027    1.96943284662145e-05    4.45959761052991e-06    1.76049016827139e-05    1.00335494749723e-05    7.70883483150331e-06    7.57861481366001e-06    6.7079826879594e-05
126.000000000028    1.95492094907861e-05    4.39955194447e-06    1.74702742701414e-05    9.96398336944036e-06    7.62930340071396e-06    7.47302642324933e-06    6.64853488988012e-05
126.500000000028    1.93248482149938e-05    4.34847326673004e-06    1.72974567978046e-05    9.9098109786747e-06    7.56995363818241e-06    7.44839425849792e-06    6.58989371548834e-05
127.000000000028    1.91033660390305e-05    4.2925646829525e-06    1.71789614982527e-05    9.85412505323937e-06    7.51819659546938e-06    7.3731430024742e-06    6.53203568714187e-05
127.500000000028    1.89562396236955e-05    4.23781495337846e-06    1.70994576590982e-05    9.79209505418965e-06    7.44101875278049e-06    7.22325264197559e-06    6.47498786851179e-05
128.000000000029    1.87597633442843e-05    4.18723248006144e-06    1.68900110017749e-05    9.74315843413795e-06    7.36628672867833e-06    7.23953150429509e-06    6.4185983493232e-05
128.500000000028    1.85803325702693e-05    4.13010500096472e-06    1.67707484873656e-05    9.67302168304749e-06    7.30256665250092e-06    7.17291311008412e-06    6.36296875042322e-05
129.000000000028    1.83837639717182e-05    4.07958583773086e-06    1.67037490854166e-05    9.58841287812074e-06    7.24485698595563e-06    7.08022749614575e-06    6.30805962550878e-05
129.500000000027    1.8217158688983e-05    4.03103981223194e-06    1.65926845211586e-05    9.5175477187508e-06    7.18234044253481e-06    6.99761151152328e-06    6.25383826951824e-05
130.000000000027    1.81197347355705e-05    3.97276256469762e-06    1.64263596341006e-05    9.45214176427424e-06    7.11683445222334e-06    6.91524835013945e-06    6.20030815010058e-05
130.500000000026    1.78168428484045e-05    3.9393918559676e-06    1.62815251903311e-05    9.39176541796819e-06    7.08739885169753e-06    6.95766093248328e-06    6.14745850968522e-05
131.000000000026    1.76947886464038e-05    3.88922074190887e-06    1.62383957840771e-05    9.33208609291543e-06    7.01909366950191e-06    6.78017468654434e-06    6.09537596213515e-05
131.500000000025    1.75559126615906e-05    3.83317200773763e-06    1.59741590058802e-05    9.30249050191069e-06    6.94394282671408e-06    6.82888480443013e-06    6.04385618082633e-05
132.000000000025    1.74346715473867e-05    3.78661730913537e-06    1.5838204674392e-05    9.25498816436331e-06    6.89401740358688e-06    6.72156939919552e-06    5.99300684980598e-05
132.500000000024    1.71532133516357e-05    3.75421601095227e-06    1.57866774843211e-05    9.17601552509527e-06    6.86586881526881e-06    6.69308223574866e-06    5.94290734230218e-05
133.000000000024    1.70792494048885e-05    3.6954061378185e-06    1.57280331303221e-05    9.08487621645459e-06    6.78742896813315e-06    6.55850666403499e-06    5.89335005216518e-05
133.500000000024    1.69609614607904e-05    3.63803568428303e-06    1.56130534254091e-05    9.01318418414497e-06    6.71828810843682e-06    6.49990707137467e-06    5.8443429934439e-05
134.000000000023    1.6756842192842e-05    3.61010061613218e-06    1.54311454311263e-05    8.9682148008931e-06    6.69067942376026e-06    6.50257398158406e-06    5.79595564463379e-05
134.500000000023    1.65686720117153e-05    3.58180318737853e-06    1.52932079812281e-05    8.92765796113112e-06    6.66369532662268e-06    6.44746274118776e-06    5.74824992092635e-05
135.000000000022    1.64246620025654e-05    3.52919763377742e-06    1.52305216564689e-05    8.86701734467727e-06    6.597039605873e-06    6.3633354076517e-06    5.70117736510137e-05
135.500000000022    1.63508012800194e-05    3.47523797208499e-06    1.51306283559246e-05    8.79805587027658e-06    6.51744150544516e-06    6.27340180472288e-06    5.65455667884736e-05
136.000000000021    1.61955588615038e-05    3.446516642532e-06    1.50108913250313e-05    8.74306239374399e-06    6.47877521927503e-06    6.2099738801748e-06    5.6084778322261e-05
136.500000000021    1.59970181856053e-05    3.41918369694979e-06    1.48498699016217e-05    8.70367343394916e-06    6.46371687032921e-06    6.19708128876562e-06    5.56305433772208e-05
137.00000000002    1.5860740294082e-05    3.37976488308248e-06    1.47352213621965e-05    8.65686987020164e-06    6.41608464050171e-06    6.13373977074355e-06    5.51824208208079e-05
137.50000000002    1.57407706014971e-05    3.33766744376608e-06    1.4672946809214e-05    8.60156547851134e-06    6.34502151408004e-06    6.04095405415086e-06    5.47389259012194e-05
138.000000000019    1.56457530995013e-05    3.29392798711023e-06    1.45137504075521e-05    8.55280898708921e-06    6.28431210211335e-06    6.01019248329998e-06    5.43007450666662e-05
138.500000000019    1.54728920072544e-05    3.2513318635234e-06    1.44176205325056e-05    8.49302519265838e-06    6.2432330118943e-06    5.99000243521381e-06    5.38681050430499e-05
139.000000000019    1.53428810486705e-05    3.22158369043182e-06    1.43681391003672e-05    8.41877011462723e-06    6.20643985518617e-06    5.88250525561665e-06    5.34403190648996e-05
139.500000000018    1.5149239952964e-05    3.19676433391429e-06    1.42867578381076e-05    8.35519401497624e-06    6.16994679451207e-06    5.85979654856051e-06    5.30176994830346e-05
140.000000000018    1.50561748605032e-05    3.14415456308207e-06    1.41596363663351e-05    8.3054753818694e-06    6.10015847109223e-06    5.8345511477742e-06    5.26001507906562e-05
140.500000000017    1.50061921486415e-05    3.09395886757485e-06    1.4036376386969e-05    8.27437558328366e-06    6.03334618237885e-06    5.74246411176276e-06    5.21867132806106e-05
141.000000000017    1.4777910257914e-05    3.08093697470699e-06    1.3913123174293e-05    8.24858438468473e-06    6.01831430273239e-06    5.74000233547709e-06    5.17788714298082e-05
141.500000000016    1.46551828412633e-05    3.06094807818467e-06    1.3792050032119e-05    8.20327973488256e-06    5.99273394501096e-06    5.67207817762722e-06    5.13762728090877e-05
142.000000000016    1.45789983677826e-05    3.01801496438385e-06    1.37009269735005e-05    8.14369233908603e-06    5.94450296020477e-06    5.592183978565e-06    5.09783195835228e-05
142.500000000015    1.44593844418184e-05    2.97597153995163e-06    1.36222185343768e-05    8.07235308761255e-06    5.89286902993456e-06    5.56201092125986e-06    5.05848075549538e-05
143.000000000015    1.43602491023182e-05    2.94804743099025e-06    1.35710864436897e-05    7.99574190673803e-06    5.85574747134021e-06    5.46428334251286e-06    5.01951556975893e-05
143.500000000014    1.41596262308072e-05    2.92713366317801e-06    1.34465792400407e-05    7.94560143987318e-06    5.83947646535053e-06    5.49207142983302e-06    4.98104884690826e-05
144.000000000014    1.40766434132222e-05    2.89665816449e-06    1.33362561432788e-05    7.90618588971247e-06    5.79967499731708e-06    5.41470458361879e-06    4.94301231916393e-05
144.500000000014    1.39902327480477e-05    2.86371093960588e-06    1.32224347930099e-05    7.8641191455569e-06    5.75124241880881e-06    5.36274021633729e-06    4.90544802613664e-05
145.000000000013    1.38948783610831e-05    2.82749886510597e-06    1.31164669760184e-05    7.812750951533e-06    5.7054942325881e-06    5.32587700637023e-06    4.86829663926988e-05
145.500000000013    1.37646084809763e-05    2.80720919778209e-06    1.30271083204989e-05    7.75760390955581e-06    5.67952245823378e-06    5.27935215721798e-06    4.83154045242649e-05
146.000000000012    1.36308320688543e-05    2.78699681018772e-06    1.29100720054324e-05    7.70577643521691e-06    5.65811920585366e-06    5.26074261644927e-06    4.79525391419942e-05
146.500000000012    1.35925966860485e-05    2.75639502272909e-06    1.28005537577688e-05    7.65916014274624e-06    5.6165456760936e-06    5.16854061921632e-06    4.75937919046026e-05
147.000000000011    1.34060291588426e-05    2.72788288544116e-06    1.27214778222748e-05    7.60978145637612e-06    5.58532372484432e-06    5.18860183790387e-06    4.72390968856829e-05
147.500000000011    1.33851766834754e-05    2.69192777007674e-06    1.26592131225294e-05    7.53926505910297e-06    5.53074565601927e-06    5.08189043983675e-06    4.68882187310405e-05
148.00000000001    1.32434458247338e-05    2.6696456508609e-06    1.26319942539961e-05    7.46778112709356e-06    5.49857370799233e-06    5.02921280473662e-06    4.65406533694133e-05
148.50000000001    1.30809771266383e-05    2.65391688354473e-06    1.25215211542475e-05    7.43084932184416e-06    5.48911119085276e-06    5.02042984222817e-06    4.61968055193556e-05
149.000000000009    1.30342750084632e-05    2.6317159271811e-06    1.23346033043576e-05    7.41551427168781e-06    5.46154979674819e-06    4.97998550459843e-06    4.58576438130363e-05
149.500000000009    1.2944157173008e-05    2.59719913104726e-06    1.22193995816373e-05    7.38831230111916e-06    5.41246869462855e-06    4.96115068754124e-06    4.55226875689815e-05
150.000000000009    1.28815184746645e-05    2.55842631096401e-06    1.21631270648609e-05    7.32919346676411e-06    5.35632357203481e-06    4.90239032951505e-06    4.51909792188034e-05
150.500000000008    1.27645826468284e-05    2.54297506055723e-06    1.21472114798185e-05    7.25335971799027e-06    5.33138851599747e-06    4.82277474127661e-06    4.48622921624685e-05
151.000000000008    1.26165530050499e-05    2.53486462797046e-06    1.20676995815204e-05    7.19000744269061e-06    5.3302597461974e-06    4.79793343850571e-06    4.45373178419345e-05
151.500000000007    1.25259185053229e-05    2.50532067668755e-06    1.19462799563409e-05    7.14929910164686e-06    5.30468231131805e-06    4.78485978333179e-06    4.42163603346481e-05
152.000000000007    1.24670415893679e-05    2.4697183469225e-06    1.18482433373891e-05    7.11816186264928e-06    5.24985981650607e-06    4.74581972964814e-06    4.3898844682483e-05
152.500000000006    1.24109669096683e-05    2.44351505163547e-06    1.17409859484593e-05    7.08007611550777e-06    5.20365974809729e-06    4.7052315120472e-06    4.35844352854154e-05
153.000000000006    1.22979740479602e-05    2.42409083880567e-06    1.16949955150408e-05    7.03220196988119e-06    5.18545310999681e-06    4.63873520209779e-06    4.32734506837824e-05
153.500000000005    1.214401682439e-05    2.40735348188418e-06    1.16026127664901e-05    6.98759820709846e-06    5.17935645757721e-06    4.6451750389761e-06    4.2966112776416e-05
154.000000000005    1.20888053211453e-05    2.37741217055186e-06    1.15123738175765e-05    6.94303742923889e-06    5.14198281978612e-06    4.59863683411138e-06    4.26622483924101e-05
154.500000000004    1.20524015235603e-05    2.35087321873467e-06    1.14182361736842e-05    6.88886291523069e-06    5.09091411902776e-06    4.56011543464437e-06    4.2361403384882e-05
155.000000000004    1.19538267166685e-05    2.32771739978911e-06    1.13903173689813e-05    6.82295734811302e-06    5.05318591280797e-06    4.51549766699385e-06    4.20635024133538e-05
155.500000000004    1.18512788408578e-05    2.30726137011479e-06    1.13416470396865e-05    6.76940216456115e-06    5.04015286257036e-06    4.45851059833764e-06    4.17682528761282e-05
156.000000000003    1.16976499522105e-05    2.29927289625616e-06    1.12334851228429e-05    6.74614568198045e-06    5.04288661571256e-06    4.45711444531869e-06    4.14765547143212e-05
156.500000000003    1.16449039779333e-05    2.27826910110286e-06    1.10962494968449e-05    6.73242655914672e-06    5.00331058708698e-06    4.43358136935098e-06    4.11887410914657e-05
157.000000000002    1.16172588469039e-05    2.23905328438598e-06    1.10246564977489e-05    6.69761858554452e-06    4.93165371772123e-06    4.39337251785439e-06    4.0903613450159e-05
157.500000000002    1.15525555484342e-05    2.21197145592803e-06    1.09644614743719e-05    6.64505146041653e-06    4.89150665380707e-06    4.35510789255939e-06    4.06206544855171e-05
158.000000000001    1.14022402471662e-05    2.20410681633478e-06    1.09144959690889e-05    6.58765794553958e-06    4.89835119912136e-06    4.33420009449444e-06    4.03410522717452e-05
158.500000000001    1.12837511489448e-05    2.19522149650171e-06    1.08484986469057e-05    6.53858188020094e-06    4.89710632146951e-06    4.30143520367948e-06    4.00645946977021e-05
159    1.124706419709e-05    2.16889957105837e-06    1.07888017663892e-05    6.50085607684826e-06    4.85492398029496e-06    4.23057712404444e-06    3.97911227157253e-05
159.5    1.12041935745749e-05    2.14223534623817e-06    1.06763387488391e-05    6.47696303742647e-06    4.80508719416779e-06    4.21507203160162e-06    3.9519889932848e-05
159.999999999999    1.11479514911765e-05    2.11990768147066e-06    1.0597711447239e-05    6.44784359472267e-06    4.77664044681296e-06    4.16155263857287e-06    3.92516072999948e-05
160.499999999999    1.10382017790607e-05    2.10865768228094e-06    1.0523544335669e-05    6.40431983887169e-06    4.77529767694785e-06    4.13616634824061e-06    3.89861876610708e-05
160.999999999999    1.09021169073188e-05    2.10368388576596e-06    1.04678771312011e-05    6.35272372507618e-06    4.78092248934583e-06    4.11624972341662e-06    3.87235738621245e-05
161.499999999998    1.08330294903276e-05    2.08230701926999e-06    1.04238174868905e-05    6.30170445011027e-06    4.7498422086029e-06    4.07330875394509e-06    3.84640094091464e-05
161.999999999998    1.08200057023214e-05    2.05289223592925e-06    1.03623503380963e-05    6.26160990569846e-06    4.68630389050285e-06    4.02323096178146e-06    3.82063930343297e-05
162.499999999997    1.07670555205985e-05    2.03003882606141e-06    1.02583745297111e-05    6.23517713068559e-06    4.64290371554895e-06    4.01762584679731e-06    3.79511755694029e-05
162.999999999997    1.06602486442266e-05    2.01714877202571e-06    1.01864076889083e-05    6.21196796141751e-06    4.63322714588469e-06    3.98965716887846e-06    3.76986573813413e-05
163.499999999996    1.05630027900394e-05    2.00575251901759e-06    1.010463758547e-05    6.18558780976632e-06    4.62693047567056e-06    3.96340899377186e-06    3.74493201737357e-05
163.999999999996    1.04781319722048e-05    1.98777839002425e-06    1.00316974575593e-05    6.15101788059457e-06    4.60356991308776e-06    3.95015689813057e-06    3.72023525116013e-05
164.499999999995    1.043812908657e-05    1.96530352393908e-06    9.98747021327176e-06    6.10768477739109e-06    4.55750292564412e-06    3.90185168073652e-06    3.69579422075525e-05
164.999999999995    1.037834894753e-05    1.94279611624958e-06    9.93004459714772e-06    6.06186186483149e-06    4.51757815830661e-06    3.88471334156207e-06    3.67153430256275e-05
165.499999999994    1.03248472136251e-05    1.92535705376346e-06    9.88787495226384e-06    6.01718836103568e-06    4.50200452963481e-06    3.81784400245105e-06    3.6475116112774e-05
165.999999999994    1.01806112424198e-05    1.92160713159295e-06    9.81051287083062e-06    5.98331713704846e-06    4.51341319742669e-06    3.82788425214625e-06    3.62373458314648e-05
166.499999999994    1.009948450154e-05    1.9085809848595e-06    9.7740356275242e-06    5.94980827982279e-06    4.49312243508134e-06    3.77750613388588e-06    3.60025379627137e-05
166.999999999993    1.00994030711109e-05    1.8793115931648e-06    9.69193297064675e-06    5.92138113924636e-06    4.43818807987292e-06    3.73920740176363e-06    3.57694242558053e-05
167.499999999993    1.00432186615421e-05    1.85244616804304e-06    9.62644158704394e-06    5.89280730983244e-06    4.39610295955378e-06    3.72757277133302e-06    3.55385894573483e-05
167.999999999992    9.96889140001685e-06    1.83926179995988e-06    9.55796245755676e-06    5.86028401637363e-06    4.38267301579064e-06    3.70069997189615e-06    3.53097726615939e-05
168.499999999992    9.85282697077747e-06    1.83937661827585e-06    9.49452565208213e-06    5.82838094955693e-06    4.39330310497347e-06    3.67510889929302e-06    3.50835221949589e-05
168.999999999991    9.76739177074395e-06    1.8259684721496e-06    9.43472573613089e-06    5.80081821465004e-06    4.38003424818172e-06    3.65099110602738e-06    3.48599295478836e-05
169.499999999991    9.7687212725675e-06    1.79847995912191e-06    9.35643779974904e-06    5.77319443961108e-06    4.32656020106909e-06    3.61495760734191e-06    3.46383512794605e-05
169.99999999999    9.73861733437419e-06    1.77827399001058e-06    9.29554481082826e-06    5.73980603084007e-06    4.28855660219043e-06    3.57745736674294e-06    3.44182561349865e-05
170.49999999999    9.5971735334934e-06    1.77198902599042e-06    9.2545330685726e-06    5.70072625568376e-06    4.29091113409665e-06    3.58524333004916e-06    3.4200576347886e-05
170.999999999989    9.53085792919778e-06    1.76141033098374e-06    9.20867190084773e-06    5.6573074830744e-06    4.28016407503218e-06    3.5468336011911e-06    3.39852453203269e-05
171.499999999989    9.50141766626793e-06    1.74526045915958e-06    9.16248795165211e-06    5.62193257507352e-06    4.24942978236747e-06    3.49112673421324e-06    3.37716551687339e-05
171.999999999989    9.44243505409623e-06    1.73061682896768e-06    9.0952571661642e-06    5.59745576134404e-06    4.22159123868722e-06    3.47265467624814e-06    3.35600107255075e-05
172.499999999988    9.37278186406972e-06    1.71277113290527e-06    9.00873307674595e-06    5.57507542656588e-06    4.19652430778847e-06    3.48467973214571e-06    3.3350565540221e-05
172.999999999988    9.33413167404246e-06    1.69477341322849e-06    8.97390793114198e-06    5.54203788831888e-06    4.16735193375214e-06    3.43086175309934e-06    3.31430645935833e-05
173.499999999987    9.25606576026146e-06    1.68099101282742e-06    8.93617186304091e-06    5.50544011319368e-06    4.15032383331826e-06    3.40834934036034e-06    3.29373419230021e-05
173.999999999987    9.17725924114306e-06    1.67254364931435e-06    8.88078310484586e-06    5.47490773890039e-06    4.14274306276505e-06    3.38528615659376e-06    3.27335229535625e-05
174.499999999986    9.11505157043944e-06    1.65924653791756e-06    8.83421422010534e-06    5.44884324146781e-06    4.12370601763953e-06    3.35081398783828e-06    3.2531875575408e-05
174.999999999986    9.08136896535764e-06    1.64252671574185e-06    8.75373797708914e-06    5.42459913901786e-06    4.09465274679158e-06    3.33499436099141e-06    3.23318799049895e-05
175.499999999985    9.03660471265386e-06    1.62826091185283e-06    8.69776617060943e-06    5.39463299232029e-06    4.07211736933712e-06    3.30443343863468e-06    3.21338155954082e-05
175.999999999985    8.95168371578932e-06    1.61647627529491e-06    8.6335575385761e-06    5.36261881008453e-06    4.05716309380127e-06    3.3161922656449e-06    3.1937691699191e-05
176.499999999984    8.91242747179422e-06    1.60303416009368e-06    8.58047866758247e-06    5.32895223038304e-06    4.03726106838168e-06    3.28116651473273e-06    3.17433201129678e-05
176.999999999984    8.85970581883926e-06    1.59001956226488e-06    8.53795849851094e-06    5.2969950232617e-06    4.01461319965892e-06    3.25158818663756e-06    3.15508802891733e-05
177.499999999984    8.80673316724812e-06    1.57636295719579e-06    8.49952953015394e-06    5.26740937086019e-06    3.99064815749786e-06    3.2192655221562e-06    3.13599487051121e-05
177.999999999983    8.72178773683639e-06    1.56177173845152e-06    8.48186832543047e-06    5.2389477321369e-06    3.97129997107394e-06    3.19507518845968e-06    3.11707506923889e-05
178.499999999983    8.66080191784126e-06    1.54793374066013e-06    8.41458447002832e-06    5.21243078412309e-06    3.946169438631e-06    3.20137059782875e-06    3.09832909491126e-05
178.999999999982    8.65382103989695e-06    1.53285406741095e-06    8.34878288812049e-06    5.18474939260869e-06    3.91958402951467e-06    3.15759253879748e-06    3.07973839563492e-05
179.499999999982    8.57334816486674e-06    1.52444721645736e-06    8.29000938341289e-06    5.15621680914614e-06    3.9121334574178e-06    3.15713842900429e-06    3.06132934603052e-05
179.999999999981    8.50025119154453e-06    1.51452720116799e-06    8.23763950001988e-06    5.12507844338056e-06    3.89829182675247e-06    3.15535095717475e-06    3.04311391200402e-05
180.499999999981    8.49395302554964e-06    1.49650362903509e-06    8.20000148780053e-06    5.09185339845676e-06    3.86569294566642e-06    3.10245174998874e-06    3.02504562364972e-05
180.99999999998    8.44254135790437e-06    1.48433038294543e-06    8.16298073657108e-06    5.06296350729e-06    3.84554649525e-06    3.07272637792172e-06    3.00710888578826e-05
181.49999999998    8.35386381598891e-06    1.47902464950907e-06    8.10590167411571e-06    5.03877953814174e-06    3.84191781246966e-06    3.07399362267843e-06    2.98934811129035e-05
181.999999999979    8.31217936811629e-06    1.46754965997491e-06    8.05627366652153e-06    5.01349075383236e-06    3.82434452888768e-06    3.04389373533716e-06    2.97177317126699e-05
182.499999999979    8.26731213901329e-06    1.45132863675938e-06    8.00289968900336e-06    4.98896518266884e-06    3.79538177852198e-06    3.03749701278151e-06    2.95433844387483e-05
182.999999999979    8.24513642607433e-06    1.43702901526842e-06    7.95689758436553e-06    4.96353991487046e-06    3.76769402367258e-06    3.00017228064119e-06    2.93704692448925e-05
183.499999999978    8.15791084533852e-06    1.43087209048848e-06    7.91434674505145e-06    4.93872996563969e-06    3.7578846490466e-06    2.99930326495042e-06    2.91990475605152e-05
183.999999999978    8.12107882272893e-06    1.41922943065332e-06    7.87815945969202e-06    4.91173058196309e-06    3.74321277449456e-06    2.9559125855171e-06    2.9029323655049e-05
184.499999999977    8.08483770579284e-06    1.40515297006262e-06    7.81849254046557e-06    4.88040307158114e-06    3.72328849647416e-06    2.94885485551672e-06    2.8861029639893e-05
184.999999999977    8.03862257265371e-06    1.39654050826902e-06    7.79014978874805e-06    4.84604457178056e-06    3.70732030241893e-06    2.91537780556849e-06    2.86940555494388e-05
185.499999999976    7.97315171238272e-06    1.39210246087035e-06    7.74041257139395e-06    4.81539438004804e-06    3.69617093398901e-06    2.91141736429975e-06    2.85286494229838e-05
185.999999999976    7.9373197519076e-06    1.37931478157975e-06    7.69085897414285e-06    4.78855914236913e-06    3.67690248543555e-06    2.89171150788414e-06    2.8364666643319e-05
186.499999999975    7.92338863619247e-06    1.36442480310148e-06    7.62229113992225e-06    4.76423891630824e-06    3.65875824813673e-06    2.86894495416928e-06    2.82020466978304e-05
186.999999999975    7.84958245342823e-06    1.35817413646392e-06    7.57930213618819e-06    4.73875126831452e-06    3.65026976811073e-06    2.8649183555488e-06    2.80409981180544e-05
187.499999999974    7.81177086260651e-06    1.35052537468266e-06    7.54444176587139e-06    4.71125116995366e-06    3.6355568766706e-06    2.82779139098858e-06    2.78813374407734e-05
187.999999999974    7.76071837405008e-06    1.34022214074661e-06    7.50019945752283e-06    4.6867657085804e-06    3.61851056352714e-06    2.81658824454683e-06    2.77230044889739e-05
188.499999999974    7.72832124986833e-06    1.32720310291939e-06    7.45715545521051e-06    4.66335713196363e-06    3.59698916323555e-06    2.79300683511089e-06    2.75660329383083e-05
188.999999999973    7.680177349194e-06    1.31729009495559e-06    7.40742775816533e-06    4.63985112703058e-06    3.58067830528798e-06    2.78490310999661e-06    2.74103277446301e-05
189.499999999973    7.65256881249156e-06    1.30909139352449e-06    7.3729704591145e-06    4.61326774345283e-06    3.56845258126878e-06    2.73961972785162e-06    2.72559707177038e-05
189.999999999972    7.57546559355795e-06    1.30419357260908e-06    7.32867333201968e-06    4.58788736188015e-06    3.56540270511933e-06    2.74132778885801e-06    2.71029503540442e-05
190.499999999972    7.53573870914778e-06    1.29560772756072e-06    7.28379456027177e-06    4.5641725343443e-06    3.5506026400638e-06    2.72145002140011e-06    2.69513661927885e-05
190.999999999971    7.51713560152543e-06    1.28190501841707e-06    7.23986769863238e-06    4.54125869854853e-06    3.52231593515295e-06    2.69852840347401e-06    2.68010113557504e-05
191.499999999971    7.4700844637418e-06    1.26913622777266e-06    7.20249693100781e-06    4.51867169432097e-06    3.49706004488645e-06    2.69436583683827e-06    2.6651815198568e-05
191.99999999997    7.44102939816384e-06    1.25921952150363e-06    7.1694387908357e-06    4.49433008232101e-06    3.48168786294405e-06    2.65803654494946e-06    2.65037422007177e-05
192.49999999997    7.35846819495162e-06    1.25502266284914e-06    7.12942006143175e-06    4.47103649681591e-06    3.47969029067049e-06    2.66345008721419e-06    2.63570877939331e-05
192.999999999969    7.32844278972881e-06    1.24633142901529e-06    7.09017522916814e-06    4.44872459529991e-06    3.46375395881885e-06    2.63430558023819e-06    2.62117335822692e-05
193.499999999969    7.30768400254637e-06    1.23416213488469e-06    7.04898079315272e-06    4.42747868947616e-06    3.4393868978361e-06    2.609800983588e-06    2.6067493501484e-05
193.999999999969    7.27117130375279e-06    1.22352397595899e-06    7.00136077231786e-06    4.40710751221885e-06    3.42278108776476e-06    2.59841518742611e-06    2.59243598394394e-05
194.499999999968    7.206984409251e-06    1.21726357458155e-06    6.96500061421801e-06    4.38481864168744e-06    3.41664508937511e-06    2.59179413933651e-06    2.57825064684496e-05
194.999999999968    7.16634597300567e-06    1.21112689616707e-06    6.91619760017238e-06    4.3595312879655e-06    3.40547678781427e-06    2.58326165151304e-06    2.56419401966379e-05
195.499999999967    7.16046831373585e-06    1.20058111290261e-06    6.88831328514871e-06    4.3310368287714e-06    3.38542840554459e-06    2.53660470329027e-06    2.55024326493934e-05
195.999999999967    7.09790508200345e-06    1.19226461349473e-06    6.84625309255292e-06    4.30432066091904e-06    3.37493464535034e-06    2.54834332800407e-06    2.53640214223245e-05
196.499999999966    7.06763618480894e-06    1.18255203780642e-06    6.81828749642552e-06    4.27966119429457e-06    3.36059920538593e-06    2.51806974528352e-06    2.52268058640049e-05
196.999999999966    7.01979848727095e-06    1.17515519625186e-06    6.7763910035847e-06    4.26065187241688e-06    3.34661583774112e-06    2.51204111869047e-06    2.5090653515956e-05
197.499999999965    6.98731722512022e-06    1.16679723420941e-06    6.74060501725013e-06    4.24482674813432e-06    3.32869828715791e-06    2.48743527055198e-06    2.4955679782424e-05
197.999999999965    6.96214906176733e-06    1.15670901579574e-06    6.69478877492729e-06    4.22917717574506e-06    3.31315209963022e-06    2.46570601795223e-06    2.48216821458179e-05
198.499999999964    6.89407913304831e-06    1.15012491957165e-06    6.66084448540872e-06    4.21148846401061e-06    3.30609319301243e-06    2.46627898113813e-06    2.46889091761899e-05
198.999999999964    6.87042196065738e-06    1.14126339889401e-06    6.62292692313658e-06    4.1905175345938e-06    3.28806394810598e-06    2.44410521578036e-06    2.45572989811681e-05
199.499999999964    6.84049127042487e-06    1.13047511695967e-06    6.58669157468532e-06    4.16712363674033e-06    3.26638782126691e-06    2.43545617059732e-06    2.44266255906744e-05
199.999999999963    6.80570323741542e-06    1.12275165524308e-06    6.56102725446315e-06    4.14139160132167e-06    3.25129520619571e-06    2.41474474279234e-06    2.42969136974314e-05
200.499999999963    6.76727809379377e-06    1.11708017487898e-06    6.53177025801042e-06    4.11537018601768e-06    3.24357048804972e-06    2.39319164236285e-06    2.41682608431134e-05
200.999999999962    6.7074266098926e-06    1.11126869089646e-06    6.50327534575199e-06    4.09351307879891e-06    3.23969233669645e-06    2.38544015887511e-06    2.40406162209115e-05
201.499999999962    6.68214501016442e-06    1.10198010953773e-06    6.46424495715965e-06    4.07731761063213e-06    3.22456706135434e-06    2.36387521804811e-06    2.39141299668964e-05
201.999999999961    6.66051830415209e-06    1.09190699290953e-06    6.40812044034743e-06    4.06312220643156e-06    3.20282229229659e-06    2.36207521129458e-06    2.37885654474318e-05
202.499999999961    6.62265774927986e-06    1.08440610730711e-06    6.37414284275148e-06    4.04592743911066e-06    3.18437676439524e-06    2.35252682069628e-06    2.36640377235406e-05
202.99999999996    6.60301414776658e-06    1.07676815522939e-06    6.32852448166306e-06    4.02487812495148e-06    3.16922322197581e-06    2.33810078186283e-06    2.35405089134491e-05
203.49999999996    6.56904214365818e-06    1.07095851174065e-06    6.30107709329587e-06    4.00107693387859e-06    3.16574546290347e-06    2.30994944118523e-06    2.3417849586662e-05
203.999999999959    6.49732293978354e-06    1.06803745939013e-06    6.27688216076737e-06    3.97763346356176e-06    3.16895278087996e-06    2.3075187499236e-06    2.32963475543064e-05
204.499999999959    6.47091548025526e-06    1.05992124661948e-06    6.25649630587733e-06    3.9551835782489e-06    3.15050939022743e-06    2.28283970963104e-06    2.31758657108594e-05
204.999999999959    6.46296416410845e-06    1.04935611209882e-06    6.21833726495329e-06    3.93565919824873e-06    3.12094273702039e-06    2.26879812937722e-06    2.30560576058069e-05
205.499999999958    6.44170634012701e-06    1.04284856687047e-06    6.17170471906074e-06    3.91803031496854e-06    3.10406497244843e-06    2.25877129589712e-06    2.29371262093723e-05
205.999999999958    6.3880630595418e-06    1.03726279697434e-06    6.14417989022607e-06    3.89728948766743e-06    3.10481238669598e-06    2.24757510589056e-06    2.28191827269962e-05
206.499999999957    6.33858985636196e-06    1.0330420489276e-06    6.11596677715204e-06    3.87400511185518e-06    3.10680107047375e-06    2.23389663036803e-06    2.27023014951385e-05
206.999999999957    6.31113805853373e-06    1.02777869867679e-06    6.08439874134707e-06    3.8514981322658e-06    3.09506022918903e-06    2.21646877837212e-06    2.25863426383845e-05
207.499999999956    6.28562408575096e-06    1.01979744331687e-06    6.05610404960367e-06    3.83171331313937e-06    3.06988393637832e-06    2.2081315275055e-06    2.24712543556947e-05
207.999999999956    6.2894035970242e-06    1.00819883674905e-06    6.02104464253089e-06    3.81540194580642e-06    3.04068211981335e-06    2.1821540127973e-06    2.23568851547212e-05
208.499999999955    6.25504209120403e-06    1.00080452588346e-06    5.97388624093226e-06    3.80393043141518e-06    3.03482933370524e-06    2.17479356388191e-06    2.22432861870221e-05
208.999999999955    6.1636857522015e-06    1.00041953242146e-06    5.93784725811693e-06    3.79345508237859e-06    3.04643074925057e-06    2.18904263229946e-06    2.21308810066685e-05
209.499999999954    6.15253974541964e-06    9.94814181072152e-07    5.90658323809258e-06    3.77846526584958e-06    3.03436967182065e-06    2.15274920945112e-06    2.20195213117057e-05
209.999999999954    6.12879380320575e-06    9.84480430405123e-07    5.88486999347453e-06    3.75799951334246e-06    3.00374222914381e-06    2.14901155831908e-06    2.19088975278907e-05
210.499999999954    6.1248257647616e-06    9.72774171375324e-07    5.86619357945882e-06    3.73331572369113e-06    2.97344541968603e-06    2.12825632560114e-06    2.1798810984574e-05
210.999999999953    6.08950125454868e-06    9.67613683235786e-07    5.84038283869552e-06    3.708658534393e-06    2.96885859276507e-06    2.11443028801947e-06    2.16894451916575e-05
211.499999999953    6.01376972301474e-06    9.67591261133991e-07    5.81370653384237e-06    3.68655886255333e-06    2.97992857955829e-06    2.119583854913e-06    2.15811388150157e-05
211.999999999952    5.98898822742045e-06    9.62123073595797e-07    5.79381354781053e-06    3.66797419501651e-06    2.97028140064858e-06    2.09060991092285e-06    2.14737903554147e-05
212.499999999952    5.97043500341979e-06    9.50373121445094e-07    5.7595422955447e-06    3.6558791533163e-06    2.94199990689742e-06    2.08888292703174e-06    2.1367112407655e-05
212.999999999951    5.97275985430822e-06    9.37101990153299e-07    5.72320179774304e-06    3.64788129682697e-06    2.91236899669026e-06    2.06779298807303e-06    2.12611069237948e-05
213.499999999951    5.92678488659002e-06    9.32438929912989e-07    5.67630269080726e-06    3.63936435087147e-06    2.903795707836e-06    2.07723403144632e-06    2.11559205974641e-05
213.99999999995    5.88975281138478e-06    9.32527690284317e-07    5.64623882924761e-06    3.62562101138169e-06    2.9082796425986e-06    2.04918461717687e-06    2.10516046020739e-05
214.49999999995    5.83310740676205e-06    9.29226400514279e-07    5.62139993405656e-06    3.60526689885657e-06    2.91037449072278e-06    2.04893557404545e-06    2.09483107049577e-05
214.999999999949    5.82604586235618e-06    9.18947876041045e-07    5.60254922901568e-06    3.57943941613331e-06    2.88962523337825e-06    2.02911088095654e-06    2.0845718497881e-05
215.499999999949    5.82315721663798e-06    9.08289842331592e-07    5.57674111709975e-06    3.55321323200386e-06    2.86397529799739e-06    2.01829319606416e-06    2.07436699021347e-05
215.999999999949    5.78895584073491e-06    9.03789714288782e-07    5.56290883238926e-06    3.52964969022079e-06    2.85258939176588e-06    2.0043751081736e-06    2.06422685775732e-05
216.499999999948    5.74372694980416e-06    9.02998561503325e-07    5.53969121353133e-06    3.511810738934e-06    2.85417763111257e-06    1.98922665905731e-06    2.05416317539427e-05
216.999999999948    5.69908003586744e-06    8.99202071892581e-07    5.51180636271478e-06    3.49996273774807e-06    2.85243887051525e-06    1.97940275818953e-06    2.04418928369277e-05
217.499999999947    5.69115574512332e-06    8.90314826572153e-07    5.46957670732538e-06    3.49088459573657e-06    2.83789068643622e-06    1.96302379231818e-06    2.03428463535118e-05
217.999999999947    5.67090497789678e-06    8.82169837021371e-07    5.42809349090385e-06    3.48083604376444e-06    2.82177863367659e-06    1.9607951820042e-06    2.02445781652672e-05
218.499999999946    5.64419754525028e-06    8.78821338784999e-07    5.38891805019758e-06    3.46740009299602e-06    2.81059744942652e-06    1.95706043291667e-06    2.01469949095721e-05
218.999999999946    5.61538062770288e-06    8.75725295019932e-07    5.35812670700999e-06    3.44983918870529e-06    2.80057535801824e-06    1.95063476739734e-06    2.00502819438537e-05
219.499999999945    5.59710676546205e-06    8.67168969608841e-07    5.33931719969771e-06    3.42804944034555e-06    2.78541762597541e-06    1.93715719420025e-06    1.99542171952898e-05
219.999999999945    5.57226530939316e-06    8.59884620153675e-07    5.32941430289544e-06    3.40630279950431e-06    2.77436266591286e-06    1.91649064698964e-06    1.98587203448491e-05
220.499999999944    5.53022420758112e-06    8.58812688316383e-07    5.30866824570906e-06    3.38912339682067e-06    2.77399760638534e-06    1.90302803158518e-06    1.97638541763978e-05
220.999999999944    5.48145214440625e-06    8.56767549134348e-07    5.27643557481485e-06    3.37545084503016e-06    2.77103777692212e-06    1.90872618334171e-06    1.96698700736494e-05
221.499999999944    5.47485435711829e-06    8.46900873099663e-07    5.25627406872073e-06    3.36107846518891e-06    2.74802844645378e-06    1.8894190242261e-06    1.95765552348075e-05
221.999999999943    5.47998536435e-06    8.3727225574458e-07    5.23367560573943e-06    3.34549627240362e-06    2.72424908930064e-06    1.86297923770359e-06    1.94836578252419e-05
222.499999999943    5.43677148891574e-06    8.34299773667465e-07    5.20792077896152e-06    3.33115586693897e-06    2.72172836843577e-06    1.85955347674822e-06    1.93914297536677e-05
222.999999999942    5.38369772277326e-06    8.33814298415107e-07    5.17613033800365e-06    3.31767598919277e-06    2.72837376558833e-06    1.86029893388874e-06    1.92999910478619e-05
223.499999999942    5.35516608243835e-06    8.27872302543988e-07    5.15075653780992e-06    3.30336712807021e-06    2.71802273969382e-06    1.85424996697879e-06    1.92094347575351e-05
223.999999999941    5.3675002012501e-06    8.17708497861052e-07    5.12711282750851e-06    3.28829608915779e-06    2.68799939200941e-06    1.8307162242664e-06    1.91193332320533e-05
224.499999999941    5.35266868009575e-06    8.12652879402894e-07    5.0921166148845e-06    3.27457566697065e-06    2.67240837563006e-06    1.82523078142352e-06    1.90296529984074e-05
224.99999999994    5.30596393650554e-06    8.11042026428882e-07    5.06733888339929e-06    3.26024840143637e-06    2.67564566480678e-06    1.82056405909074e-06    1.89408029716676e-05
225.49999999994    5.26565267013939e-06    8.07771870171522e-07    5.04600152872019e-06    3.24392124494488e-06    2.6767890204713e-06    1.81253403191139e-06    1.88526703663587e-05
225.999999999939    5.2481101491633e-06    8.00878098905081e-07    5.02059264394827e-06    3.22644193625624e-06    2.66360025696908e-06    1.80558656127971e-06    1.87652096465217e-05
226.499999999939    5.25273579189936e-06    7.93384347515025e-07    4.99847799017913e-06    3.20848628825091e-06    2.64226234476347e-06    1.78285567419518e-06    1.86782024368031e-05
226.999999999939    5.21821550049598e-06    7.90670123593356e-07    4.97752156973028e-06    3.19185034117809e-06    2.63400945206503e-06    1.77945860342142e-06    1.85917255904841e-05
227.499999999938    5.17317003807481e-06    7.88006515067945e-07    4.96169726084874e-06    3.17613541718182e-06    2.63188244518929e-06    1.77506426457656e-06    1.85059559409392e-05
227.999999999938    5.15510516597437e-06    7.8232370114091e-07    4.93908319854764e-06    3.16244487895248e-06    2.62265644508591e-06    1.75916207943614e-06    1.84207754691374e-05
228.499999999937    5.13987921814136e-06    7.7557555772802e-07    4.91427005660629e-06    3.15184076279146e-06    2.60844614511326e-06    1.74617819285173e-06    1.83361899332321e-05
228.999999999937    5.10966471948711e-06    7.71166391381051e-07    4.88260885489021e-06    3.14363024956022e-06    2.59629521857123e-06    1.74878654924119e-06    1.8252151983131e-05
229.499999999936    5.09600394636096e-06    7.66705277898747e-07    4.85257781281257e-06    3.13433017489615e-06    2.58443480680597e-06    1.73471392614082e-06    1.81687659449152e-05
229.999999999936    5.06535059564663e-06    7.61568970756984e-07    4.82772205624081e-06    3.12086918761474e-06    2.57506802997879e-06    1.73538922977507e-06    1.8085968070013e-05
230.499999999935    5.04899959808763e-06    7.56063176647483e-07    4.81455876362073e-06    3.10291640886266e-06    2.56550887110039e-06    1.71567218946404e-06    1.80037190077829e-05
230.999999999935    5.01119498046101e-06    7.52666266941954e-07    4.79931077776972e-06    3.08434681924955e-06    2.55955820088355e-06    1.71493239346738e-06    1.79220094387732e-05
231.499999999934    4.98854759683854e-06    7.48461711581336e-07    4.78305890097899e-06    3.06690911183052e-06    2.5485154509934e-06    1.70539733521534e-06    1.78408901074381e-05
231.999999999934    4.98116615121941e-06    7.41705785902517e-07    4.75992378070921e-06    3.05227124865471e-06    2.53141353858839e-06    1.69378375501382e-06    1.77602642600881e-05
232.499999999934    4.96281809047329e-06    7.36006363917489e-07    4.73671493239075e-06    3.04076958314618e-06    2.5200580159279e-06    1.68374879703986e-06    1.76801157828955e-05
232.999999999933    4.92712268739246e-06    7.34262578045665e-07    4.71720109793672e-06    3.03152082334448e-06    2.5201131743509e-06    1.67029810813378e-06    1.7600518469204e-05
233.499999999933    4.88684628941982e-06    7.32163177764501e-07    4.69120360922006e-06    3.02357195663713e-06    2.52128398326542e-06    1.66652407755779e-06    1.75215930938647e-05
233.999999999932    4.8706872396399e-06    7.26675960027339e-07    4.65826475758988e-06    3.01484610270599e-06    2.5090465878913e-06    1.66376335417461e-06    1.7443284002029e-05
234.499999999932    4.87892014978996e-06    7.19646886708835e-07    4.63447090714654e-06    3.00312863101416e-06    2.48667436756399e-06    1.64259041019326e-06    1.73654313524167e-05
234.999999999931    4.86094006790874e-06    7.14636134663831e-07    4.60840268282608e-06    2.9886845329414e-06    2.47571446492812e-06    1.63961754593578e-06    1.72879954292039e-05
235.499999999931    4.82009062698276e-06    7.13334893113566e-07    4.59282876414684e-06    2.97205914494589e-06    2.4786957311927e-06    1.63414345443549e-06    1.72111526148172e-05
235.99999999993    4.78986638609187e-06    7.12026474829312e-07    4.58100579382994e-06    2.95462172939687e-06    2.48018187905721e-06    1.61718234212831e-06    1.71348846053335e-05
236.49999999993    4.75936506867682e-06    7.07571282757365e-07    4.56519954532316e-06    2.93919923437297e-06    2.47127450560023e-06    1.61653384613299e-06    1.70591434828635e-05
236.999999999929    4.75896650639389e-06    6.99025734757204e-07    4.55033483265485e-06    2.92663889041281e-06    2.44836248664472e-06    1.60051884300943e-06    1.69838472938729e-05
237.499999999929    4.74910685572271e-06    6.93040456943752e-07    4.52447186842225e-06    2.91731025880602e-06    2.42953571859521e-06    1.59544475732592e-06    1.69089099158159e-05
237.999999999929    4.72143725252757e-06    6.91868060423324e-07    4.49338366125797e-06    2.90935151894425e-06    2.4254636704387e-06    1.59300451501566e-06    1.68345086786075e-05
238.499999999928    4.68786046487543e-06    6.89750556265234e-07    4.4635143791044e-06    2.89891581527337e-06    2.42627914170536e-06    1.59444204317605e-06    1.67607624003998e-05
238.999999999928    4.67741042817514e-06    6.84313083220261e-07    4.45201342144662e-06    2.88390267068147e-06    2.41970424969179e-06    1.57015933425163e-06    1.66875031874669e-05
239.499999999927    4.64915356754509e-06    6.79874495311316e-07    4.43903953649348e-06    2.86790411385675e-06    2.4112864994339e-06    1.56743316928859e-06    1.66146913819291e-05
239.999999999927    4.63249857058633e-06    6.76568719271894e-07    4.42488973808052e-06    2.85204824226423e-06    2.3987410791755e-06    1.55758129663097e-06    1.65423276460094e-05
240.499999999926    4.62044279962104e-06    6.73204587883502e-07    4.40746608058577e-06    2.83789501272774e-06    2.38673633732248e-06    1.54461982448587e-06    1.64703646426264e-05
240.999999999926    4.60244020752638e-06    6.69046899954341e-07    4.38311275083343e-06    2.82700960264738e-06    2.38186153668936e-06    1.53538592792168e-06    1.63988569255726e-05
241.499999999925    4.56727449929096e-06    6.66067224760209e-07    4.36048252211782e-06    2.81874892297876e-06    2.38369355110521e-06    1.53160573068962e-06    1.63278724509426e-05
241.999999999925    4.53695760753425e-06    6.62846164507215e-07    4.33505604116552e-06    2.81224635712171e-06    2.37898593125909e-06    1.5314020032778e-06    1.62574941048656e-05
242.499999999924    4.53822677528644e-06    6.57479835654841e-07    4.30759575775194e-06    2.80613509359205e-06    2.35924466169629e-06    1.51888658718701e-06    1.61875687111686e-05
242.999999999924    4.53552683385025e-06    6.51862712756252e-07    4.27814449499512e-06    2.79852088871681e-06    2.34104493125215e-06    1.51289445950522e-06    1.61179943210758e-05
243.499999999924    4.50743082508112e-06    6.48224344408412e-07    4.2601073195952e-06    2.78705514784396e-06    2.335811575822e-06    1.51027617813179e-06    1.60489053908825e-05
243.999999999923    4.47384312861447e-06    6.45650653952679e-07    4.25145335281296e-06    2.77101451355121e-06    2.33684560534192e-06    1.50149257596896e-06    1.59802998302422e-05
244.499999999923    4.44723538077126e-06    6.43276568073629e-07    4.24424772133966e-06    2.75249188845906e-06    2.33364429133413e-06    1.49126415042801e-06    1.59121600004058e-05
244.999999999922    4.43511435429432e-06    6.40716119022761e-07    4.23253521347874e-06    2.73546483266831e-06    2.32118161040583e-06    1.47939433299112e-06    1.58444064628611e-05
245.499999999922    4.42001224818853e-06    6.35842739005896e-07    4.22039752548254e-06    2.72171479954277e-06    2.30552043012073e-06    1.47351871850522e-06    1.57770064608457e-05
245.999999999921    4.4071790058225e-06    6.29271121411289e-07    4.20136196006753e-06    2.7104590322634e-06    2.29212100418876e-06    1.46962082825223e-06    1.57100129520057e-05
246.499999999921    4.3939321101069e-06    6.25587150508354e-07    4.18494880063455e-06    2.70095156229732e-06    2.2879115984091e-06    1.4500396382869e-06    1.56433708602431e-05
246.99999999992    4.34421434281154e-06    6.27012554442268e-07    4.15969067722539e-06    2.69361140332792e-06    2.29419573729647e-06    1.45855499782689e-06    1.55772797129305e-05
247.49999999992    4.33126453512484e-06    6.24754198623683e-07    4.13362958912071e-06    2.68560235976741e-06    2.28601584604921e-06    1.45049806048143e-06    1.55117645891673e-05
247.999999999919    4.33783986580426e-06    6.17089198611065e-07    4.11203037903891e-06    2.67658311210296e-06    2.26480955113847e-06    1.43820863529392e-06    1.54465607419896e-05
248.499999999919    4.31968327196754e-06    6.10629634870804e-07    4.09534941417093e-06    2.66724916081458e-06    2.25018766591721e-06    1.43860914577274e-06    1.53817082935138e-05
248.999999999919    4.30288374171055e-06    6.08353296180942e-07    4.07850950725845e-06    2.6575085258915e-06    2.24718266801425e-06    1.42279901167827e-06    1.5317236750734e-05
249.499999999918    4.25906473793389e-06    6.08886955947674e-07    4.05558390817771e-06    2.64800778284591e-06    2.25267724174433e-06    1.42907537882808e-06    1.52532960054776e-05
249.999999999918    4.24318367966011e-06    6.0613076006531e-07    4.04306517322299e-06    2.63759473404844e-06    2.24638825935631e-06    1.41346949804732e-06    1.51898321044005e-05
250.499999999917    4.23787108084116e-06    5.99882221143922e-07    4.02445512314323e-06    2.62693602930096e-06    2.22890893185733e-06    1.40865453130208e-06    1.51267079175887e-05
250.999999999917    4.23457939529136e-06    5.93888812423599e-07    4.00806868313919e-06    2.61551616695179e-06    2.21267758337214e-06    1.39914940408728e-06    1.50638800452654e-05
251.499999999916    4.20647369305854e-06    5.91758693720453e-07    3.9902547868121e-06    2.60327521366568e-06    2.20871925956555e-06    1.4009615341606e-06    1.50014431809829e-05
251.999999999916    4.1813207624755e-06    5.90670784225642e-07    3.98147776914848e-06    2.58947569102419e-06    2.20832252225023e-06    1.38819289534989e-06    1.49394604244739e-05
252.499999999915    4.15558262462945e-06    5.88229656117151e-07    3.96936708839529e-06    2.57619093835322e-06    2.20447238800131e-06    1.38401356845374e-06    1.48778562639502e-05
252.999999999915    4.14920933497753e-06    5.83093768686851e-07    3.95349026404197e-06    2.56407727898072e-06    2.19191761255039e-06    1.37485878508932e-06    1.48166470443268e-05
253.499999999914    4.14341147184832e-06    5.77708069734465e-07    3.93696594067721e-06    2.55347491813484e-06    2.1784340947821e-06    1.36572482207725e-06    1.47557193172542e-05
253.999999999914    4.12516479070177e-06    5.75746824983362e-07    3.91781084287631e-06    2.54499064975986e-06    2.17514386330089e-06    1.35628514997424e-06    1.46951421215964e-05
254.499999999914    4.08840859064654e-06    5.75624592786985e-07    3.89749254694852e-06    2.53775641123755e-06    2.17863473459498e-06    1.35712128696655e-06    1.46350381631811e-05
254.999999999913    4.08001544983472e-06    5.72951946112988e-07    3.87188361545463e-06    2.53043008638395e-06    2.17433492985594e-06    1.34575455343344e-06    1.45753705810757e-05
255.499999999913    4.06191306628518e-06    5.68589392871417e-07    3.85379921917151e-06    2.52201095642864e-06    2.16221936876527e-06    1.34756398906993e-06    1.45160959925919e-05
255.999999999912    4.0685022047255e-06    5.63198413352726e-07    3.83875020262944e-06    2.51196074511836e-06    2.14483432019832e-06    1.32986800886635e-06    1.44571138948907e-05
256.499999999912    4.04302270097256e-06    5.60307638972042e-07    3.82208453470719e-06    2.50179816067054e-06    2.13929873060466e-06    1.33190438133625e-06    1.43984161472633e-05
256.999999999911    4.01550135696278e-06    5.59327223015166e-07    3.80626039214524e-06    2.49066760963387e-06    2.139737692389e-06    1.328705514868e-06    1.4340199789014e-05
257.499999999911    3.99697889630522e-06    5.57665914743971e-07    3.79656873532713e-06    2.47856095247174e-06    2.13580989501739e-06    1.31673253601178e-06    1.42823169298772e-05
257.99999999991    3.98054066981177e-06    5.53831310634622e-07    3.78322469589789e-06    2.4670796412163e-06    2.12610951774395e-06    1.31402067904953e-06    1.42248065143541e-05
258.49999999991    3.9805040151224e-06    5.48924623393328e-07    3.77654304674866e-06    2.45645825966156e-06    2.1121853254336e-06    1.29293198692083e-06    1.41675472572804e-05
258.999999999909    3.94825294237653e-06    5.46632817248146e-07    3.75857376134298e-06    2.44855021261326e-06    2.10679372280431e-06    1.30180977434516e-06    1.41106132307304e-05
259.499999999909    3.94090356600715e-06    5.4404551268543e-07    3.73854126910058e-06    2.44228313104294e-06    2.10229495045289e-06    1.28600230838899e-06    1.4054070737678e-05
259.999999999909    3.91485278657433e-06    5.41498386961322e-07    3.71751212764734e-06    2.43717389714305e-06    2.09925633651172e-06    1.28761651446638e-06    1.39979100493041e-05
260.499999999908    3.89723427643537e-06    5.38323988370275e-07    3.698087770724e-06    2.4313590835875e-06    2.09084052611434e-06    1.28629742578437e-06    1.39421430710158e-05
260.999999999908    3.89928579222508e-06    5.33572594335415e-07    3.6779537505115e-06    2.42312751231513e-06    2.07474008305622e-06    1.27803768385079e-06    1.38867174162941e-05
261.499999999907    3.88924980726376e-06    5.29901246592319e-07    3.6641765594712e-06    2.4121228337843e-06    2.06440350935753e-06    1.27165455307201e-06    1.38315085095411e-05
261.999999999907    3.86213517313896e-06    5.28845737004713e-07    3.65599274055069e-06    2.39855413775185e-06    2.06468901867674e-06    1.26646448376544e-06    1.37766812908884e-05
262.499999999906    3.83682464476229e-06    5.28219381577965e-07    3.6498612159419e-06    2.38339976392845e-06    2.06536127787049e-06    1.25852953883259e-06    1.37221958229137e-05
262.999999999906    3.82189297950245e-06    5.2502873942485e-07    3.64593411998735e-06    2.36920265978134e-06    2.05921750765191e-06    1.24675100089787e-06    1.36680270072458e-05
263.499999999905    3.81982555651579e-06    5.21212637831658e-07    3.63143530483649e-06    2.35879330702748e-06    2.05034054694766e-06    1.23246441916894e-06    1.3614071772328e-05
263.999999999905    3.79668217256889e-06    5.19852785328645e-07    3.60650675173883e-06    2.3533023533683e-06    2.04730142360845e-06    1.23682982404026e-06    1.35604753106534e-05
264.499999999904    3.78155156883707e-06    5.18303639603254e-07    3.58011525483013e-06    2.35000500853686e-06    2.04167629608593e-06    1.23563699838739e-06    1.35072887662806e-05
264.999999999904    3.77568533349708e-06    5.14146549322641e-07    3.55872783900515e-06    2.34601317229599e-06    2.0292001197084e-06    1.23068487473069e-06    1.34544578885599e-05
265.499999999904    3.76787643948856e-06    5.09044582968902e-07    3.54929396313473e-06    2.3398593696091e-06    2.018045995685e-06    1.21773184589329e-06    1.34018521967796e-05
265.999999999903    3.73974613694143e-06    5.06932220263833e-07    3.53652981242006e-06    2.33210364850217e-06    2.01725793223711e-06    1.21698554049324e-06    1.33495552908579e-05
266.499999999903    3.71641149716212e-06    5.06034511874901e-07    3.5236957405328e-06    2.32196707619803e-06    2.01506087215006e-06    1.21451246876688e-06    1.32976821666848e-05
266.999999999902    3.71154056798013e-06    5.03302816304991e-07    3.51077713536161e-06    2.31000685243403e-06    2.00508773752023e-06    1.20532785276393e-06    1.32460429623649e-05
267.499999999902    3.70346447781291e-06    4.98849220344925e-07    3.49271240794535e-06    2.29803302544692e-06    1.99339115544779e-06    1.2082715853713e-06    1.31947218723692e-05
267.999999999901    3.69885038340528e-06    4.94506693471544e-07    3.481376803667e-06    2.28603818778078e-06    1.98378949366404e-06    1.19907334387148e-06    1.31436349058601e-05
268.499999999901    3.67753797114861e-06    4.9333911516367e-07    3.46956096640128e-06    2.27460096711671e-06    1.98360089522249e-06    1.1941992152568e-06    1.30928391303096e-05
268.9999999999    3.651064052757e-06    4.93761099611445e-07    3.46276582878636e-06    2.26413535848536e-06    1.98693811321092e-06    1.18370678863221e-06    1.30423712414833e-05
269.4999999999    3.62440477461965e-06    4.91819884301291e-07    3.45322978079787e-06    2.2552032126543e-06    1.98243070660451e-06    1.18517853110013e-06    1.29922668900777e-05
269.999999999899    3.63599834921248e-06    4.86362568643808e-07    3.44307221464951e-06    2.24732574542503e-06    1.96480105285971e-06    1.16480772355475e-06    1.29423676543453e-05
270.499999999899    3.6220736956164e-06    4.82743710145861e-07    3.42609477555717e-06    2.24182503874407e-06    1.95421871605566e-06    1.16570825760689e-06    1.2892664193726e-05
270.999999999899    3.60123804951076e-06    4.81556934852482e-07    3.40320704637233e-06    2.23786576121776e-06    1.95344707215727e-06    1.16600077272413e-06    1.28433156368347e-05
271.499999999898    3.57995138637795e-06    4.80210676132822e-07    3.38221815361831e-06    2.2331323691704e-06    1.95251665146393e-06    1.16632642028906e-06    1.27943556570525e-05
271.999999999898    3.58002996954243e-06    4.77095647733022e-07    3.35953923518028e-06    2.2259038659479e-06    1.94412332471012e-06    1.15900668452988e-06    1.27456987276436e-05
272.499999999897    3.56827174117237e-06    4.74136701652314e-07    3.34876968323335e-06    2.21559515594543e-06    1.93493571069975e-06    1.15558397423241e-06    1.26972929669356e-05
272.999999999897    3.55588147846562e-06    4.72002470231453e-07    3.34530522936142e-06    2.20350643254444e-06    1.92857932767573e-06    1.14384867489391e-06    1.26491236131726e-05
273.499999999896    3.53120633961813e-06    4.70353471615039e-07    3.33721359622139e-06    2.19214923877776e-06    1.92569860911049e-06    1.14461238453292e-06    1.26012336398757e-05
273.999999999896    3.52181314970841e-06    4.67654320152119e-07    3.32752858371543e-06    2.18249431014546e-06    1.91967797848468e-06    1.134451035521e-06    1.25536193777271e-05
274.499999999895    3.50866855915354e-06    4.65470782834365e-07    3.31574065296202e-06    2.17517685714168e-06    1.91337504760066e-06    1.12780566314074e-06    1.2506237562833e-05
274.999999999895    3.49005614747708e-06    4.63250021082942e-07    3.30078815609042e-06    2.16955006568915e-06    1.90816758032705e-06    1.12733288704187e-06    1.24591448577085e-05
275.499999999894    3.48053526907417e-06    4.59674991895806e-07    3.28670266933742e-06    2.16391877671691e-06    1.89909152885352e-06    1.12243804389831e-06    1.24123612797761e-05
275.999999999894    3.47643960269518e-06    4.56375030215201e-07    3.27294207616256e-06    2.15744551104448e-06    1.89041627566959e-06    1.11215004046703e-06    1.2365768536254e-05
276.499999999894    3.45209721835668e-06    4.54965697495896e-07    3.25794790317554e-06    2.14986603548976e-06    1.8885344566004e-06    1.116069504141e-06    1.23194808152593e-05
276.999999999893    3.43624326505229e-06    4.52806519976928e-07    3.24879845832515e-06    2.14025291966865e-06    1.88379973088763e-06    1.11160181856146e-06    1.22735027124721e-05
277.499999999893    3.43212593118701e-06    4.49530685555886e-07    3.23990344003237e-06    2.12975135560686e-06    1.87433125470447e-06    1.10209678389539e-06    1.2227739450982e-05
277.999999999892    3.41684016965267e-06    4.46981240855634e-07    3.23114222865155e-06    2.12052407790386e-06    1.86679971480882e-06    1.09991103163388e-06    1.21821984635064e-05
278.499999999892    3.41021286248363e-06    4.45126338929505e-07    3.2167561449511e-06    2.11386542935401e-06    1.86217423292423e-06    1.08876394738517e-06    1.21368989560276e-05
278.999999999891    3.39111816484508e-06    4.44376946660919e-07    3.19480527087026e-06    2.10988240973446e-06    1.86302496477132e-06    1.08867028509459e-06    1.20918780419766e-05
279.499999999891    3.37636635934105e-06    4.42987011903725e-07    3.17413284200888e-06    2.10629010444775e-06    1.86243807287594e-06    1.08498210583608e-06    1.20471964964134e-05
279.99999999989    3.36288925441076e-06    4.40430280047758e-07    3.16146393432944e-06    2.10068236393345e-06    1.85504638106478e-06    1.08227965680756e-06    1.20027918705938e-05
280.49999999989    3.35573063200269e-06    4.3658949247878e-07    3.15096821976198e-06    2.09215059940686e-06    1.84085051584759e-06    1.08233267918645e-06    1.19586221386844e-05
280.999999999889    3.3587144137343e-06    4.32355796105313e-07    3.14587745492841e-06    2.08085529247935e-06    1.82619237858429e-06    1.07062330255197e-06    1.19146186383836e-05
281.499999999889    3.33999410369161e-06    4.30940212357576e-07    3.14547475948301e-06    2.06893298082425e-06    1.82446599411057e-06    1.06096142410644e-06    1.18707694745735e-05
281.999999999889    3.30459864457718e-06    4.31732037529015e-07    3.13785416746946e-06    2.05844633024554e-06    1.8322019246746e-06    1.06240044463557e-06    1.18272335491314e-05
282.499999999888    3.29255097915551e-06    4.31149077529894e-07    3.1262157699329e-06    2.04989771105262e-06    1.83146917790011e-06    1.05270833204697e-06    1.1783991047618e-05
282.999999999888    3.28406206229149e-06    4.27883144808736e-07    3.10869352910299e-06    2.04391948346305e-06    1.81901705698398e-06    1.05741733131295e-06    1.17409926079632e-05
283.499999999887    3.30145706210195e-06    4.22317744982052e-07    3.08899940490849e-06    2.03950138634607e-06    1.80008376357219e-06    1.0458106025334e-06    1.16981699644442e-05
283.999999999887    3.28205016361644e-06    4.19744901537931e-07    3.07229363186837e-06    2.03558034071277e-06    1.79351706336633e-06    1.05236252887554e-06    1.16555486299774e-05
284.499999999886    3.26644577691155e-06    4.19746227634963e-07    3.059222557895e-06    2.03052344026126e-06    1.79641311077454e-06    1.04087128081207e-06    1.16132223942894e-05
284.999999999886    3.239582916607e-06    4.20403964852375e-07    3.04649911550035e-06    2.02382828013404e-06    1.80244638183216e-06    1.03841215377604e-06    1.1571172812702e-05
285.499999999885    3.22569631575782e-06    4.18554009809815e-07    3.03828957109278e-06    2.01483660247963e-06    1.79896459020086e-06    1.03308594292479e-06    1.15294270322657e-05
285.999999999885    3.23096534307045e-06    4.14498358298724e-07    3.03260275212737e-06    2.00423548117448e-06    1.78508955846844e-06    1.02042520750005e-06    1.14878167006395e-05
286.499999999884    3.21687909789281e-06    4.1193606298606e-07    3.02372037410304e-06    1.99401530282414e-06    1.77452437922758e-06    1.02530694001133e-06    1.1446382157045e-05
286.999999999884    3.2112640877113e-06    4.10331788423666e-07    3.01651187743064e-06    1.98506540587223e-06    1.7682188452593e-06    1.01376264537639e-06    1.14051546500735e-05
287.499999999884    3.19099191717764e-06    4.09073844176782e-07    3.00314378817865e-06    1.97855020842922e-06    1.76911364532071e-06    1.01327431521549e-06    1.13641477184985e-05
287.999999999883    3.17141660663547e-06    4.07727267106079e-07    2.98767273268119e-06    1.9736978231356e-06    1.77025612998403e-06    1.01266527718961e-06    1.1323435836732e-05
288.499999999883    3.16095371077302e-06    4.05354738106116e-07    2.97951559899075e-06    1.9691672380615e-06    1.76284674127091e-06    1.00514144337943e-06    1.12829794705817e-05
288.999999999882    3.16221555515209e-06    4.02039845991376e-07    2.9673989617322e-06    1.96501746980956e-06    1.75040927564613e-06    9.95588322738036e-07    1.12426694310694e-05
289.499999999882    3.15404610472269e-06    3.99640045867433e-07    2.95096843781513e-06    1.96091896362522e-06    1.74415635294119e-06    9.92826195172139e-07    1.12025561001438e-05
289.999999999881    3.12899140399698e-06    3.98758660552984e-07    2.93672794643824e-06    1.95573306477971e-06    1.74476427833934e-06    9.97735911141421e-07    1.11627112652487e-05
290.499999999881    3.11722012736271e-06    3.9723505943099e-07    2.92490862923285e-06    1.94843650580639e-06    1.74066030569465e-06    9.94690796327403e-07    1.1123151423855e-05
290.99999999988    3.11810506224134e-06    3.94048060178275e-07    2.91662486172329e-06    1.93911733993932e-06    1.73019358778486e-06    9.85665814602702e-07    1.10837547264698e-05
291.49999999988    3.1149822380386e-06    3.92137690183016e-07    2.90957283786034e-06    1.92962547097064e-06    1.72429350813829e-06    9.73880350404132e-07    1.1044492095595e-05
291.999999999879    3.08303252804389e-06    3.92169210200402e-07    2.89979455800482e-06    1.92157220181134e-06    1.72748801839224e-06    9.81418609196424e-07    1.10054751256491e-05
292.499999999879    3.07043393791046e-06    3.90557728936205e-07    2.8925781197187e-06    1.9142199669168e-06    1.72442019219245e-06    9.74524751146913e-07    1.09667346968215e-05
292.999999999879    3.07260753901045e-06    3.87152461676868e-07    2.88249115604022e-06    1.90783416760693e-06    1.71310614686449e-06    9.64955316952429e-07    1.09281467881514e-05
293.499999999878    3.06735182515882e-06    3.84496670160075e-07    2.86914504972615e-06    1.90246375721971e-06    1.70440168474174e-06    9.61861637193826e-07    1.08897206242003e-05
293.999999999878    3.05081212627358e-06    3.8365699507184e-07    2.85883981904817e-06    1.89724088929262e-06    1.70347526785638e-06    9.5747159655002e-07    1.08514966940926e-05
294.499999999877    3.02843400888574e-06    3.83400563324198e-07    2.84712972076804e-06    1.89210198423918e-06    1.70548858750698e-06    9.56977701170704e-07    1.08135325658949e-05
294.999999999877    3.01729434164953e-06    3.81351065815562e-07    2.83524461317336e-06    1.88651204930078e-06    1.69941984244504e-06    9.56005599985557e-07    1.07758275123698e-05
295.499999999876    3.02468790368922e-06    3.7732519412233e-07    2.82527265424612e-06    1.88010691404603e-06    1.68567569521876e-06    9.45189066728323e-07    1.07382574280508e-05
295.999999999876    3.01341159822132e-06    3.74968885438395e-07    2.81556391954045e-06    1.873507030731e-06    1.67843917838818e-06    9.44943443457918e-07    1.07008340557773e-05
296.499999999875    2.99432629742711e-06    3.74904454271834e-07    2.8087546037336e-06    1.8667942941001e-06    1.67872508013418e-06    9.40125061408344e-07    1.06636297910752e-05
296.999999999875    2.97534873295462e-06    3.74522801866174e-07    2.80151137333656e-06    1.86043741325903e-06    1.67922631550976e-06    9.35609865307617e-07    1.06266565022338e-05
297.499999999874    2.96805132551097e-06    3.71951042799451e-07    2.79188365211392e-06    1.85506024227679e-06    1.67395341224947e-06    9.2897989683318e-07    1.05898795717838e-05
297.999999999874    2.96277724522631e-06    3.69161554467002e-07    2.78065903732951e-06    1.85077591331772e-06    1.66536703016189e-06    9.24534197463303e-07    1.05532749779657e-05
298.499999999874    2.95410367602288e-06    3.6750430538832e-07    2.76755088542285e-06    1.84683600336988e-06    1.65838298089527e-06    9.22467611662818e-07    1.0516845462762e-05
298.999999999873    2.94121985050623e-06    3.65991117851973e-07    2.7528839851422e-06    1.84192241942387e-06    1.65372689800967e-06    9.24895377143948e-07    1.04806396480779e-05
299.499999999873    2.93810012927227e-06    3.64045753818899e-07    2.7421832221067e-06    1.83496642284904e-06    1.64917350096958e-06    9.16148596568268e-07    1.04446176255848e-05
