#t    E^kin_scal0    E^grad_scal0    E^kin_scal1    E^grad_scal1    Vpot_term_0    Vpot_term_1    E_tot
0    0.0583890142058853    4.96614727085753e-08    1.04258100506209e-06    3.65611369924503e-09    0.116777854961198    1.06371498419051e-06    0.175169028780659
0.5    0.0651671257331447    3.70625329160478e-08    2.97395653793847e-06    2.6123812906388e-08    0.0679648267513453    4.19201752328271e-06    0.133139181644897
1    0.0675660601935657    2.5915837661594e-08    8.81270808791155e-07    2.77051332867623e-08    0.0266290199698514    2.3394053316379e-06    0.0941983544605285
1.5    0.0601602439970957    1.92531689358129e-08    1.34376285863962e-07    6.9744559867078e-08    0.00268428384332938    5.57140620860527e-07    0.0628453083550606
2    0.0390432654401708    1.47893945111696e-08    3.01811635099751e-07    3.58051432962497e-08    0.00371949196255702    5.28117598359121e-07    0.0427636379264991
2.49999999999999    0.0120524280060157    1.17367578847366e-08    6.88151055211343e-07    1.19712870303302e-08    0.0221494121932764    9.21513651539389e-07    0.0342034735720437
2.99999999999998    1.11211128436623e-06    9.49450860158708e-09    1.03324807977157e-06    5.03256246144485e-09    0.0329196775127028    5.73097961030966e-07    0.032922410497099
3.49999999999997    0.00909403164406243    7.68990301759686e-09    6.79698140998933e-07    4.04657327302992e-09    0.0227745484578925    4.98322543884467e-07    0.0318697698591161
3.99999999999996    0.0207280004685469    6.26791239631693e-09    3.38135203330675e-07    7.82428701125318e-09    0.00651378641911305    2.30774519702068e-07    0.0272423698895824
4.49999999999995    0.0213047671347303    5.29237671155263e-09    5.25743539893699e-08    3.97144630338969e-08    8.97635608480918e-06    2.12990953066357e-09    0.0213138432019184
4.99999999999994    0.0133354781967814    4.54761351325036e-09    2.76646125256053e-07    8.31134143720321e-09    0.00373632377046261    3.18316892904778e-07    0.0170724097892171
5.49999999999993    0.00455553962344594    3.91635048483203e-09    3.12196816229119e-07    6.17382902620738e-09    0.0105971209939321    5.92671392448901e-07    0.0151535755757662
5.99999999999992    0.000189997097101377    3.38506066275488e-09    2.31551724125906e-07    4.54685280123891e-09    0.0145604899592201    7.52146821402326e-07    0.0147514786867805
6.49999999999991    0.00133968097090932    2.93755719826725e-09    5.06728423236453e-07    2.68045385657236e-09    0.0133358805598535    3.10113506808798e-07    0.0146763839907039
6.9999999999999    0.00584635611517478    2.56059949130041e-09    1.64065362261956e-07    4.0531278432552e-09    0.0081124533653873    4.12444889794828e-07    0.0139593926045415
7.49999999999988    0.00996884329908069    2.23193921356628e-09    1.86684403832077e-07    3.43345698096177e-09    0.00238165455432452    8.59096965780489e-08    0.0123507761129018
7.99999999999987    0.0103976494526092    1.95952363956102e-09    2.89892252052428e-08    1.74329599627317e-08    1.40489481933562e-06    2.73911723409952e-10    0.010399103003049
8.49999999999986    0.00649981650547365    1.7420232301041e-09    1.31772028104701e-07    5.50882897255876e-09    0.00241457220861254    1.31624109092883e-07    0.00891465936107559
8.99999999999985    0.00154783320654424    1.56418307860483e-09    2.98412708315261e-07    1.81438745031818e-09    0.00674028231836622    1.07785893981517e-07    0.00828852510208329
9.49999999999984    0.000110239487713387    1.40931793410384e-09    1.38343680483129e-07    3.00507830624986e-09    0.00811190358389098    2.77175806383574e-07    0.00822256300548747
9.99999999999983    0.00284892019669458    1.26961716398413e-09    1.55144543746499e-07    2.71923511217702e-09    0.00517778282653816    1.54596327270725e-07    0.00802701675295604
10.4999999999998    0.00602097561146321    1.14776263709446e-09    8.3579504321028e-08    4.30788269277693e-09    0.00131082208718957    6.67849780335327e-08    0.00733195351878047
10.9999999999998    0.00637972102504773    1.04213784549253e-09    1.37628556380566e-08    1.99868163915138e-08    2.26990852095702e-05    8.97037395889577e-09    0.00640246387244113
11.4999999999998    0.00405361291640946    9.57644023806359e-10    2.06287418595457e-07    2.89399113224433e-09    0.00162727966686776    7.85031901560516e-08    0.00568118122552113
11.9999999999998    0.00125671059591525    8.84614851288732e-10    2.11602030072989e-07    2.82343458512908e-09    0.00409054693652252    2.24419516827594e-07    0.0053476972620341
12.4999999999998    5.04478481636357e-06    8.12381156726133e-10    1.31176338587559e-07    2.28625323601411e-09    0.00528499881557663    3.44363078515909e-07    0.00529052223844449
12.9999999999998    0.000861115633494447    7.43397410908358e-10    2.97481689098687e-07    1.34998578225521e-09    0.00439398954128603    1.04083840776139e-07    0.00525550883369354
13.4999999999998    0.00286182105550133    6.80968222334231e-10    4.79322289537285e-08    3.5079109655165e-09    0.00216552173138919    2.13286971142315e-07    0.0050276081949698
13.9999999999997    0.00428408491436677    6.28806848265835e-10    7.98319419601003e-08    3.16319381757873e-09    0.000300347744446275    1.80496097013238e-08    0.00458453433236537
14.4999999999997    0.00386882131137921    5.76903783708839e-10    4.32931028790447e-08    1.56008883610893e-08    0.000231106055834052    1.48259159170602e-07    0.00410013509726746
14.9999999999997    0.00191373473553099    5.49174882696096e-10    2.91043666765359e-07    2.26171283957394e-09    0.00186434501555081    2.07685449603746e-07    0.00377858129108589
15.4999999999997    0.000208067362912317    5.12967912774575e-10    7.88129953139153e-08    3.72655770749379e-09    0.00346902718056599    5.48520746625989e-07    0.00367772611674586
15.9999999999997    0.000305948912312637    4.71436945420656e-10    4.02214241842699e-07    9.92837153264086e-10    0.00336184673832211    1.78581814036172e-07    0.00366837791096472
16.4999999999998    0.00183366145582072    4.38706452430984e-10    5.60640282272832e-08    4.37721440128182e-09    0.00172833077670806    3.43677352269262e-07    0.00356239678983013
16.9999999999999    0.00306083216152824    4.09970271828519e-10    3.74115088648224e-08    6.43557427747591e-09    0.000243535478883404    9.33042343964508e-08    0.00330450520169945
17.4999999999999    0.00285527127391671    3.829225936961e-10    1.58861383565229e-08    2.68378608487883e-08    0.000149128846991932    1.47441193781479e-07    0.00300459066902423
18    0.00155482442384804    3.89991458000353e-10    1.80884629649178e-07    7.98894310055807e-09    0.00123926227469415    3.47416855014102e-07    0.00279462337896141
18.5000000000001    0.000313105996177443    3.79759333595891e-10    1.24248181375939e-07    5.48916222483354e-09    0.00240073667104227    6.10256455570657e-07    0.00271458304077822
19.0000000000002    4.4463173384432e-05    3.43475672335311e-10    9.13129760537574e-08    5.42749783193588e-09    0.00266211320283516    6.46982575136168e-07    0.00270732044274429
19.5000000000002    0.000818992072508736    3.16065121132269e-10    3.82990454811981e-07    3.29883201015273e-09    0.00185480514508082    2.06498522595595e-07    0.00267439032146409
20.0000000000003    0.0019091610176105    2.99436792516122e-10    2.15267280348818e-07    2.5145061378167e-09    0.000642690019840416    1.02314512998038e-07    0.0025521714331872
20.5000000000004    0.00235691559611332    2.78603171417549e-10    7.35241062999881e-08    7.81583133786313e-09    4.80409368505529e-06    1.60885927732563e-09    0.00236180291719846
21.0000000000005    0.00174004103631444    2.68485254320584e-10    3.78973280671139e-07    1.41670607399371e-09    0.000445552995091236    2.7301999090931e-08    0.00218600199187677
21.5000000000006    0.000600903041226375    3.05244596124351e-10    3.58278459438909e-07    5.74755526792153e-09    0.00149072870525315    3.04234144887074e-07    0.00209230031188372
22.0000000000006    1.89096031408636e-06    2.71827660402099e-10    1.79154842454148e-07    7.44370549529259e-09    0.00207232856258104    5.79780292737145e-07    0.00207498617356348
22.5000000000007    0.00045142587765664    2.3917375018483e-10    6.00480473340753e-08    8.90095229187648e-09    0.00161118515243211    5.83447007482125e-07    0.00206326366526961
23.0000000000008    0.00138671046466078    2.27617869362994e-10    3.46977334801603e-07    1.53758396836099e-09    0.000604282483319394    3.99660265927581e-08    0.00199138165654341
23.5000000000009    0.00184907436281497    2.2303810770185e-10    1.26059560421892e-07    1.08445956585194e-08    1.39097816178151e-05    5.86363828298678e-09    0.00186312713526526
24.000000000001    0.00145374133351137    2.25385787383e-10    5.4969163795936e-07    1.60078517906862e-08    0.000282565990168117    2.23863933890382e-07    0.00173709711248892
24.500000000001    0.00061385988284787    5.01178666287231e-10    5.81289977484211e-07    1.34247549231744e-08    0.00104760855426091    7.19164282427517e-07    0.00166278281730228
25.0000000000011    4.27968231938268e-05    4.80542527885246e-10    6.13812900092778e-08    1.79396554321406e-08    0.00159865355580367    1.45820919924528e-06    0.00164298838968471
25.5000000000012    0.000154767711725694    3.2220678532309e-10    1.10334615747619e-07    1.66358829710275e-08    0.00148396213022411    1.29639360395347e-06    0.00164015352825926
26.0000000000013    0.000791717766259512    2.68306662273993e-10    7.68965340681227e-07    7.23700715036935e-09    0.000815918051127164    2.68453457718067e-07    0.00160868074149889
26.5000000000013    0.0013803509860445    2.94924659162859e-10    1.95067552826482e-07    1.87622365244111e-08    0.000151272523678395    1.61803199558434e-07    0.00153199943763647
27.0000000000014    0.00139096813500887    2.29986105926981e-10    8.7173750376593e-08    1.2899657951671e-07    4.41332737242735e-05    2.85172339219146e-07    0.00143560298138836
27.5000000000015    0.000799396970258968    9.63682522088403e-10    5.66460066069929e-08    6.93441300409483e-08    0.00056092660765762    2.00727875988651e-06    0.00136245781049564
28.0000000000016    0.000149386704520099    2.18120860662429e-09    1.02308341430824e-06    3.02795773731554e-08    0.00118144274158    1.92843768229983e-06    0.00133381342798269
28.5000000000017    4.35016677078848e-05    1.36888663367327e-09    9.77859058114439e-07    3.0184987477454e-08    0.00128483430504892    1.97495072400738e-06    0.00133132033641304
29.0000000000017    0.000531711677544206    6.83091670817137e-10    6.94141292734957e-07    3.32563877896038e-08    0.000781270367605422    1.47997723639183e-06    0.00131519010315821
29.5000000000018    0.00108605906005799    6.38960111865771e-10    6.76472539932071e-07    5.57603878749676e-08    0.000176144201742637    5.25475589856782e-07    0.0012634616092784
30.0000000000019    0.00117557924469761    8.67024194434946e-10    1.06760215580119e-07    7.1002092208475e-08    1.5983198947662e-05    7.87479164237238e-08    0.00119181982089368
30.500000000002    0.00075144539774169    4.81282269977144e-10    2.10068413894151e-07    2.3606096279841e-08    0.00038083053216175    6.2082443472322e-07    0.00113313091013061
31.000000000002    0.000211402074387027    1.35231709446978e-09    4.07825817084753e-07    1.42700064412933e-08    0.000893210355365416    8.483683402458e-07    0.00110588424623331
31.5000000000021    1.31411061243383e-06    1.27316393976353e-09    7.98578497604464e-07    5.74653064947134e-09    0.00109931804655018    5.7421284492522e-07    0.00110201196819973
32.0000000000022    0.000260429544342711    9.3047257068904e-10    6.83851149941236e-07    9.04835541964255e-09    0.000834787346140426    4.82874349576696e-07    0.00109639359481064
32.5000000000021    0.00073812626757088    6.63889703690114e-10    5.26590689549624e-07    7.19428614065958e-09    0.000329088524124172    1.88724241439734e-07    0.00106793796480189
33.000000000002    0.00100621720029083    7.04674084526974e-10    1.64102541523131e-07    1.85041442073662e-08    1.08723048046817e-05    2.02930876579982e-08    0.00101729310954298
33.5000000000019    0.00081635327223281    5.81049161765782e-10    2.29801448448471e-07    5.54842554333309e-08    0.000148325934715696    5.69000647275281e-07    0.000965534074348825
34.0000000000018    0.000336683414636032    1.27075972399213e-09    1.36356812818948e-06    2.0308080771189e-09    0.000596225109694941    9.15993870925541e-08    0.000934366993414056
34.5000000000017    1.30745590057555e-05    1.78760226543108e-09    1.56746965488437e-06    2.50752716410421e-09    0.000911912789139861    1.7070318037423e-07    0.000926729816110305
35.0000000000016    0.00013670032612832    1.21181269961878e-09    8.3653512182402e-07    1.29751260732787e-08    0.000786424889244135    7.5338477859226e-07    0.000924729322211645
35.5000000000015    0.000553340693023413    8.05242553029474e-10    9.97058722597797e-07    2.43679310166666e-09    0.000352604140649581    5.9950145940368e-08    0.000907005084577187
36.0000000000014    0.000842612896878549    6.83131347356888e-10    3.61296649448987e-07    6.45453507273533e-09    2.65806755758122e-05    1.22919549889511e-08    0.000869574298725219
36.5000000000013    0.000742559280618269    6.47157228371579e-10    1.93625242513397e-08    1.36267273011828e-07    8.42424467364852e-05    9.34035103313452e-07    0.000827892039412559
37.0000000000012    0.000365187222547597    2.07972179975858e-09    5.00667626440043e-07    5.5232028472234e-08    0.000432181424247021    2.06768962776105e-06    0.000799994315799091
37.5000000000011    4.70289923714611e-05    5.34718513093828e-09    9.24696322922612e-08    4.89960164159046e-08    0.000740508782897543    3.0988083138091e-06    0.000790783396416653
38.000000000001    4.3814058899679e-05    4.23836785937771e-09    2.39589190872782e-07    4.3341043777757e-08    0.000742981871550308    2.88002592854483e-06    0.000789963124981042
38.5000000000009    0.000335066160049735    2.1196520811814e-09    2.260408022066e-07    5.60735647004625e-08    0.00044396086195247    2.14592976018945e-06    0.000781457185781383
39.0000000000008    0.000654675701268746    1.0423576041519e-09    1.75002578031274e-07    7.62479038240951e-08    0.000101421956050189    7.38940852657189e-07    0.000757088891011052
39.5000000000007    0.000712448640952859    1.11224336252787e-09    4.60395267983935e-07    9.96974433583288e-08    1.03941626454691e-05    7.54986334007121e-08    0.000723479507186433
40.0000000000006    0.000449750032620571    1.3462673331017e-09    2.79638967301113e-06    3.55809852305272e-09    0.000243057888166311    1.03804861340164e-07    0.00069571301968709
40.5000000000005    0.000109618805094152    7.99216639367601e-09    1.68109411923131e-07    8.75293565996589e-08    0.000569557700782326    3.85466514030245e-06    0.000683294801951697
41.0000000000004    7.59176063322974e-06    9.70500960633388e-09    1.23149025878714e-06    6.06489994406338e-08    0.00066985318200151    3.08324368841297e-06    0.000681830030590987
41.5000000000003    0.000223868163199444    4.44323477759429e-09    3.14449914816848e-06    1.32076136849063e-08    0.000449966981807492    4.35476543440323e-07    0.000677432771547008
42.0000000000002    0.000530170019155525    1.74441434744613e-09    7.16576062757078e-07    1.24975795483979e-07    0.000127898369992499    1.27736512555505e-06    0.000660189050546168
42.5000000000001    0.000631919507907793    1.3674270129627e-09    3.32667521426252e-07    5.6458631834663e-08    1.14982092924211e-06    7.55488116316048e-09    0.000633467377298472
43    0.000445027525523156    1.87621569004514e-09    4.93375520228223e-07    4.42089726746475e-08    0.000163164051565115    6.36735307131455e-07    0.000609367773103996
43.4999999999999    0.000149763814453135    2.19003274684594e-09    1.2498528142253e-06    1.22317395805097e-08    0.000445215963262979    5.45011969814244e-07    0.000596789064272482
43.9999999999998    6.38710987437577e-07    4.51905148642973e-09    9.29279618120166e-07    2.00067772146883e-08    0.000591757084713328    1.08333833544898e-06    0.000594432939483036
44.4999999999997    0.000111950809825034    3.19154268344332e-09    5.27191823514027e-07    2.41029822655092e-08    0.000479128258570639    1.2379154334958e-06    0.000592871470177632
44.9999999999996    0.000373900927733541    1.87718011460036e-09    7.66451902618014e-07    1.92465069809544e-08    0.000207718990717988    3.60980973392282e-07    0.000582768475014635
45.4999999999995    0.00054957467671694    1.60200786931467e-09    1.48858063364316e-07    7.81894134490284e-08    1.3012466832414e-05    1.04304598869336e-07    0.000562920097632906
45.9999999999994    0.000476547174366888    1.50170246250728e-09    1.77443198637735e-07    9.93646588497383e-08    6.37568944970298e-05    5.6444115084796e-07    0.000541146819574716
46.4999999999993    0.000219615333554714    2.37713631224276e-09    2.35142542522771e-07    5.02097499559182e-08    0.000305667239294055    1.36299208806879e-06    0.000526933294365629
46.9999999999992    1.72739016083562e-05    3.59067096526334e-09    1.75497470035535e-06    4.89819323035309e-09    0.000503475509328794    2.80628494753185e-07    0.000522793502996454
47.4999999999991    5.4476826868142e-05    3.66144103336847e-09    7.03239444315777e-07    2.7033344827414e-08    0.000465816334545231    1.17773758456946e-06    0.000522204833228119
47.999999999999    0.000281347903652466    2.2167889058935e-09    1.14457322100131e-06    1.01842816308369e-08    0.000233078652872171    2.48742401843734e-07    0.000515832273218019
48.4999999999989    0.000471894928752864    1.35003458273913e-09    4.54846229867443e-07    1.7187776850764e-08    2.81760221765056e-05    5.95760817781803e-08    0.000500603911052449
48.9999999999988    0.000449352079827104    1.13525495581567e-09    1.54141593348605e-07    1.67433937491285e-07    3.19293097006483e-05    5.36946286466753e-07    0.000482141046600015
49.4999999999987    0.000243451413788348    4.44208141772997e-09    2.00359875744184e-06    2.80607444832396e-08    0.000222622811756718    5.99224579188797e-07    0.000468709551707598
49.9999999999986    4.23406832970685e-05    1.15179508074972e-08    1.3646197505096e-07    7.89600021382034e-08    0.000417625469367695    3.46923719013796e-06    0.000463662329782898
50.4999999999985    1.51348042024973e-05    1.25477798389897e-08    3.205334790359e-06    1.31145599001001e-08    0.000444284700011245    5.25772846460979e-07    0.000463176274190301
50.9999999999984    0.000174760734600275    6.95407636852364e-09    2.10820175756359e-07    8.33875639771736e-08    0.000282367712184466    2.57685990653979e-06    0.000460006468507383
51.4999999999983    0.000373976381025834    2.91401563385105e-09    1.00378986095354e-07    1.41495546965144e-07    7.42548469892032e-05    1.1647926580842e-06    0.000449640809221816
51.9999999999982    0.000431269649818108    1.70735965392228e-09    5.09390735534528e-07    4.12133561779384e-08    2.51018805860617e-06    8.55375102217605e-09    0.000434340703079102
52.4999999999981    0.00029102412049551    1.69992948105586e-09    6.19753262819204e-07    8.09622788516771e-08    0.000128110331962157    1.07671613286351e-06    0.000420913584061683
52.999999999998    8.3358054508596e-05    5.23822143865822e-09    1.561887289591e-06    2.68717230012656e-08    0.000328417320770345    9.86194817038734e-07    0.000414355567330011
53.4999999999979    1.00541091416507e-06    8.859125064857e-09    1.46167432369663e-06    3.65637923926465e-08    0.000409632002155193    1.24832152892839e-06    0.000413392831839441
53.9999999999978    0.000114602362635164    5.82005346532331e-09    6.1123742451195e-07    4.94126695317452e-08    0.000294945234928485    1.59244992786701e-06    0.000411806517639025
54.4999999999977    0.000306116185237571    2.29416581496094e-09    4.15817186029736e-07    6.62666705974366e-08    9.70142004681485e-05    7.39050506151898e-07    0.000404353814234314
54.9999999999976    0.000390966142807379    1.58861015010131e-09    5.85720665995761e-07    1.49604685944e-07    7.59902689289286e-08    1.02218689904086e-09    0.000391780069225297
55.4999999999975    0.000293295834667543    3.5055631110346e-09    7.66139451328086e-07    2.61893182147389e-07    8.2895920940446e-05    2.44226483536981e-06    0.000379665558639945
55.9999999999974    0.000109936887554308    1.6452103936709e-08    7.21420211015594e-07    1.55532935262275e-07    0.000257389404036034    4.58688740727055e-06    0.000372806584247827
56.4999999999973    2.36105371635052e-06    3.02513273102009e-08    5.67150900843949e-06    1.48942429471604e-08    0.00036256359401963    5.8018005677946e-07    0.000371221482371456
56.9999999999972    5.78931248410047e-05    2.42722974674314e-08    1.724335775966e-06    1.19601578626681e-07    0.000306890774907157    3.90277579252168e-06    0.000370554885192744
57.4999999999971    0.000221032102424698    1.061117441166e-08    4.48470092290802e-07    1.97464834824726e-07    0.000141047575713828    3.21220055312269e-06    0.000365948424793176
57.999999999997    0.000342498031511672    3.99782008328544e-09    1.780123479167e-06    1.33983356353228e-07    1.17429167755314e-05    1.32727148680921e-07    0.000356291780091488
58.4999999999969    0.000306965765341798    3.54942789568896e-09    2.32558559137732e-07    9.03268105647925e-07    3.36411239359555e-05    3.48742027740807e-06    0.000345233685647843
58.9999999999968    0.000145955405226821    6.56263075314103e-08    9.00680183149644e-06    1.32924881369158e-07    0.000180204919685166    2.33644201595864e-06    0.000337702119948342
59.4999999999967    1.35653152424818e-05    1.85453259504695e-07    5.05818995174413e-06    2.84431794989441e-07    0.00030657764126444    9.57705650694462e-06    0.000335248088020105
59.9999999999966    3.09534451869169e-05    1.92285167242442e-07    1.86501811310153e-06    3.5072747054418e-07    0.000289354581484426    1.20725341331657e-05    0.000334788591555397
60.4999999999965    0.000174444283459574    9.2993540703959e-08    2.94925097202559e-06    3.60047019239021e-07    0.000147286458512582    6.38669677618287e-06    0.000331519730280307
60.9999999999964    0.000299929675483889    2.62153571083478e-08    3.00122743463438e-06    7.94633228143312e-07    1.81934322515138e-05    1.72535993373267e-06    0.000323670543689022
61.4999999999963    0.000285092349376017    1.82222094695096e-08    4.23701370150445e-07    2.21097082502508e-06    2.03566624273606e-05    5.98523383814321e-06    0.000314087140046165
61.9999999999962    0.000143683023591319    5.34880427795932e-07    2.34590205461628e-05    7.57109317523281e-08    0.000138307612456166    1.09420795765352e-06    0.000307154455910849
62.4999999999961    1.97158205772814e-05    1.68550936720923e-06    2.68455472828285e-05    2.18604497171896e-07    0.000251620907303973    4.35054743176407e-06    0.000304436936460228
62.999999999996    1.71483720894711e-05    2.12804227668234e-06    1.68784522634159e-05    5.8772917505982e-07    0.000253786030117064    1.32110895582115e-05    0.000303739715479905
63.4999999999959    0.000132585721561564    1.36070117761788e-06    1.04677722797699e-05    1.03876661952491e-06    0.000144386871278899    1.14075578950813e-05    0.000301247390812457
63.9999999999958    0.000257029043024251    5.10930780804545e-07    7.44137287446971e-06    1.51359436072333e-06    2.58630931933637e-05    2.61597027564334e-06    0.000294974004509256
64.4999999999961    0.000263323824620557    1.57127424884058e-07    3.1524573614103e-06    4.23529285927135e-06    1.09572948330269e-05    4.87026498183825e-06    0.000286696262080988
64.9999999999963    0.000135558161560015    2.24998097472399e-06    2.63384857389288e-05    9.57412368860057e-07    0.000107618522782137    7.73862566023962e-06    0.000280461189084904
65.4999999999966    1.96452816413947e-05    6.07944472591983e-06    1.99799753919781e-05    1.70387422446104e-06    0.000210225338127003    2.00814268874305e-05    0.000277715340998187
65.9999999999969    1.9478538031684e-05    6.93738185290369e-06    2.09375554025039e-05    1.67335414719031e-06    0.000211075374055001    1.67028948814516e-05    0.000276805098370735
66.4999999999971    0.000130199975419734    3.90329306780028e-06    1.52894889899432e-05    1.94277635513919e-06    0.000111039189037963    1.182696306639e-05    0.00027420168593697
66.9999999999974    0.000237844609342516    1.18162736634122e-06    8.16999146411588e-06    4.20085437917474e-06    1.45534985379526e-05    2.45367561480012e-06    0.000268404256704901
67.4999999999976    0.000220457345983814    8.67240111220031e-07    5.17301954947471e-06    5.98361110543173e-06    1.90545602346402e-05    9.78902552368375e-06    0.000261324802508264
67.9999999999979    0.000100736777066494    5.11921872421865e-06    3.15992356483477e-05    1.64455614632657e-06    0.000108508960192707    8.73955440307132e-06    0.000256348302181165
68.4999999999981    1.189476743649e-05    1.05266605299724e-05    2.23642594626941e-05    2.48052052022626e-06    0.000184392955534002    2.2558272576936e-05    0.000254217436060321
68.9999999999984    2.98850492344086e-05    1.0835383533804e-05    2.19941473190766e-05    2.67783551462776e-06    0.000169419744518508    1.83064634016946e-05    0.00025311862352212
69.4999999999986    0.000133614604113305    6.15046839659341e-06    1.67940461888096e-05    3.50375177349474e-06    8.05463982062323e-05    9.73478876541402e-06    0.000250344057443849
69.9999999999989    0.000216256332345997    2.09483581591274e-06    9.69014289168807e-06    6.23676361322161e-06    8.92814961223161e-06    1.75385855926262e-06    0.000244960082838314
70.4999999999992    0.000178702213813948    2.53724054352514e-06    7.23016451150676e-06    8.3849256533752e-06    2.82148815910073e-05    1.39787988033362e-05    0.000239048224916699
70.9999999999994    7.08724268653325e-05    1.1303003095122e-05    2.96659802850398e-05    2.7385115943111e-06    0.000109696464652793    1.08436575390269e-05    0.000235120044031625
71.4999999999997    1.01380755804616e-05    1.63410315880968e-05    2.43504343920023e-05    3.28946672888618e-06    0.000160841345460992    1.84823603285564e-05    0.000233442714078995
71.9999999999999    5.41846290864109e-05    1.21173315134849e-05    1.89735092808973e-05    4.75885993986501e-06    0.000125357431801539    1.66867469890512e-05    0.000232078508611248
72.5000000000002    0.000150663071849555    5.99008110431086e-06    1.68568050857376e-05    4.69270678541064e-06    4.43626450284204e-05    6.22714236304413e-06    0.000228792452216478
73.0000000000004    0.000191310913410342    2.84921466767944e-06    1.01226536640739e-05    8.41755590874176e-06    7.13294674174773e-06    3.83848070097773e-06    0.000223671765093563
73.5000000000007    0.000123928642102243    6.83206363737026e-06    1.46007991002253e-05    8.5259593369472e-06    4.88481620742539e-05    1.63313417339485e-05    0.000219066967984988
74.000000000001    3.77534773455147e-05    1.7420119338862e-05    2.67053622848198e-05    4.00461930138108e-06    0.000114402057827551    1.60198771786864e-05    0.000216305513276815
74.5000000000012    1.92075342147171e-05    1.87792144372371e-05    2.38571510256839e-05    4.5175463173559e-06    0.000130980974985451    1.76033211198016e-05    0.000214945742100246
75.0000000000015    8.06510342376312e-05    1.19680674437149e-05    1.80721874704002e-05    6.14846137164122e-06    8.24764787023253e-05    1.37694169321874e-05    0.0002130856461579
75.5000000000017    0.000154117117596396    6.01231246754573e-06    1.48049375171425e-05    6.91449243310277e-06    2.25943743012289e-05    5.0785158120985e-06    0.000209521750127515
76.000000000002    0.00015423016770987    4.95454583337072e-06    1.19022781084482e-05    9.09958490309831e-06    1.63707442476024e-05    8.47993255062419e-06    0.000205037253353014
76.5000000000022    7.90365508811759e-05    1.12914420907814e-05    2.27901449729558e-05    6.79568623379783e-06    6.58213829706766e-05    1.58382585506607e-05    0.000201573465700048
77.0000000000025    2.27303374712319e-05    1.86761359913622e-05    2.65121866242663e-05    4.5821413710274e-06    0.000109126702016837    1.79962548578627e-05    0.000199623758332587
77.5000000000027    4.17874677634189e-05    1.65830118555343e-05    2.20231197337097e-05    6.15174612694117e-06    9.60145993555461e-05    1.56402169177768e-05    0.000198200161752927
78.000000000003    0.000109331579560249    9.76689181733978e-06    1.62800736517926e-05    7.81795897560752e-06    4.32864988093301e-05    9.27888264396348e-06    0.000195761885458283
78.5000000000033    0.000145517933304239    5.89677699110809e-06    1.35009484529018e-05    8.93802910971675e-06    1.23358705414459e-05    5.87709353271377e-06    0.000192066651932126
79.0000000000035    0.000103615741974598    9.03993887326955e-06    1.78154282003733e-05    8.58707585358368e-06    3.5410912925784e-05    1.40150727980085e-05    0.000188484170625617
79.5000000000038    3.99124208520351e-05    1.69920173756724e-05    2.80233067156545e-05    5.79775770016811e-06    7.87131835360579e-05    1.66690033241196e-05    0.000186107689503708
80.000000000004    2.64184980939059e-05    1.94598419903114e-05    2.52934891280483e-05    6.12594442283781e-06    8.99200753175262e-05    1.74074134052112e-05    0.000184625262357841
80.5000000000043    7.14224680854399e-05    1.43423043811329e-05    1.94770937818566e-05    8.01313556148982e-06    5.743469023791e-05    1.2145259844431e-05    0.00018283495189226
81.0000000000045    0.000120246693912255    8.58812832852471e-06    1.50509868630025e-05    9.42072829500075e-06    1.98875763977519e-05    6.79133178540897e-06    0.000179985445581944
81.5000000000048    0.000112699822020528    8.30186237049421e-06    1.57954769149089e-05    9.67693163030808e-06    1.99625269198134e-05    1.02436257687639e-05    0.000176680245624816
82.000000000005    5.85144413284944e-05    1.46738933993783e-05    2.48781290900966e-05    7.58565011230866e-06    5.31005531294728e-05    1.53294337015484e-05    0.000174082100761299
82.5000000000053    2.75085230051858e-05    1.96765135688244e-05    2.69228024039356e-05    6.66048427357866e-06    7.52273211730793e-05    1.6402603317333e-05    0.000172398247741937
83.0000000000056    5.16063037463815e-05    1.67424239248206e-05    2.1655343616368e-05    8.25074460508789e-06    5.92246250980825e-05    1.33599996295266e-05    0.000170839440620267
83.5000000000058    9.67678182749037e-05    1.08687837240291e-05    1.66640484627418e-05    9.92274921920315e-06    2.60421140221784e-05    8.28125418702271e-06    0.000168546767890079
84.0000000000061    0.000105301240602952    9.08063151973851e-06    1.59389390323982e-05    1.04043560461278e-05    1.59520675749569e-05    9.00251088313822e-06    0.000165679745659311
84.5000000000063    6.6232349298923e-05    1.37474939779759e-05    2.28326325813091e-05    8.83612873110202e-06    3.73482151230456e-05    1.41564916944128e-05    0.000163153311406768
85.0000000000066    3.19514760548024e-05    1.94244044959404e-05    2.74173100952289e-05    7.4979528807242e-06    5.93942591204522e-05    1.56885346364981e-05    0.000161373937283646
85.5000000000068    4.10392167342998e-05    1.86113541797239e-05    2.35363045095825e-05    8.62272170483515e-06    5.42858382258176e-05    1.37898113574929e-05    0.000159885246711752
86.0000000000071    7.69792265680367e-05    1.33958603102815e-05    1.82794640559298e-05    1.03769553007756e-05    2.95098411506105e-05    9.42360816319726e-06    0.000157964955548831
86.5000000000073    9.30818596367694e-05    1.04399204842457e-05    1.66792590212743e-05    1.10117824893405e-05    1.56782088504447e-05    8.62806858111743e-06    0.000155519099063192
87.0000000000076    6.88563956147976e-05    1.31346063668606e-05    2.13264413882142e-05    9.93025001772209e-06    2.75134707240886e-05    1.24034188030957e-05    0.000153164582914779
87.5000000000079    3.73632296070417e-05    1.82431961820522e-05    2.64285049119373e-05    8.64358256158201e-06    4.63976357951453e-05    1.42882612458372e-05    0.000151364410303596
88.0000000000081    3.78402668320627e-05    1.86496251785512e-05    2.44000419630044e-05    9.31840823228883e-06    4.66184467130434e-05    1.30581958038756e-05    0.000149884984722826
88.5000000000084    6.49181751072559e-05    1.43406775802759e-05    1.94722813102852e-05    1.10247318076612e-05    2.85250998271335e-05    9.88232882847725e-06    0.000148163294461089
89.0000000000086    8.06703821590869e-05    1.1412774627084e-05    1.77385942039638e-05    1.16779079045859e-05    1.56847498781502e-05    8.84866576498841e-06    0.000146033074537859
89.5000000000089    6.41480048320685e-05    1.33908159099485e-05    2.13455385680209e-05    1.07741888039307e-05    2.25532546906375e-05    1.17017520196187e-05    0.000143913554824225
90.0000000000091    3.86115687773221e-05    1.77039572016004e-05    2.59723953807911e-05    9.64953495883761e-06    3.6832285326814e-05    1.34246859839895e-05    0.000142194427629355
90.5000000000094    3.62865369440102e-05    1.85635143199808e-05    2.47216880961962e-05    1.01485579650234e-05    3.85151838385379e-05    1.25123790189816e-05    0.00014074786018273
91.0000000000096    5.5930158288468e-05    1.51937120631478e-05    2.05856312982871e-05    1.15782667104383e-05    2.58996384802754e-05    9.97772219146028e-06    0.000139165129032077
91.5000000000099    6.9424659863452e-05    1.23306835463061e-05    1.87809590058371e-05    1.22566627555661e-05    1.55064899115454e-05    8.988049449761e-06    0.000137287504532468
92.0000000000102    5.88074943090531e-05    1.34438652667753e-05    2.13484875356447e-05    1.15799429106713e-05    1.93421627266953e-05    1.08685197152515e-05    0.000135390472464091
92.5000000000104    3.92535036925446e-05    1.6756790875908e-05    2.49851191172887e-05    1.06336678403019e-05    2.9844128367531e-05    1.22969313124207e-05    0.000133770141205995
93.0000000000107    3.62786403806609e-05    1.752108915748e-05    2.45042805535173e-05    1.09170555022884e-05    3.16208203812794e-05    1.15229532562917e-05    0.000132364839231518
93.5000000000109    5.05382814724501e-05    1.48418328228348e-05    2.1300139601504e-05    1.20537130127168e-05    2.24077441637161e-05    9.73479683960719e-06    0.000130876507912829
94.0000000000112    6.0265778705437e-05    1.26370395174326e-05    1.97823769654091e-05    1.26679557845281e-05    1.45897529467679e-05    9.24245594524334e-06    0.000129185359864818
94.5000000000114    5.20115719391124e-05    1.36138644823362e-05    2.1790963235284e-05    1.22069176548338e-05    1.72250922347819e-05    1.06400884069655e-05    0.000127488497953314
95.0000000000117    3.75052900918274e-05    1.61796677626591e-05    2.45772453668229e-05    1.14974778663798e-05    2.46150759094975e-05    1.16199394553774e-05    0.000125994696452564
95.500000000012    3.52524840814196e-05    1.67339188347978e-05    2.4384477180801e-05    1.16844732278332e-05    2.56869802719537e-05    1.0911933845803e-05    0.000124654267442608
96.0000000000122    4.57201611711494e-05    1.45245139874632e-05    2.17513487658676e-05    1.25726864281808e-05    1.90245860618814e-05    9.66589095782826e-06    0.000123259187372371
96.5000000000125    5.26991850339224e-05    1.26471028061833e-05    2.06424263937634e-05    1.30397755239792e-05    1.35088332357209e-05    9.1902085746725e-06    0.000121727531568242
97.0000000000127    4.63210206909376e-05    1.33855693752159e-05    2.21573722411337e-05    1.26634822913776e-05    1.5518652582039e-05    1.01528942255972e-05    0.000120198991406301
97.500000000013    3.57647411668343e-05    1.51860287859794e-05    2.41988864186309e-05    1.21474625042878e-05    2.06875207967932e-05    1.08349576248759e-05    0.000118819597297401
98.0000000000132    3.47727944978176e-05    1.52661552120317e-05    2.38249913403905e-05    1.23493015763848e-05    2.10048155703302e-05    1.03278364917166e-05    0.000117545894688672
98.5000000000135    4.2281626201733e-05    1.35666126799946e-05    2.20027213154908e-05    1.30073057923319e-05    1.5993344738892e-05    9.37894409621802e-06    0.00011623055482466
99.0000000000137    4.62419531723926e-05    1.23680282126462e-05    2.13278975874774e-05    1.33144342745546e-05    1.23497570192364e-05    9.22901925121729e-06    0.000114831089517524
99.500000000014    4.08225229879322e-05    1.30654782511144e-05    2.24868437980658e-05    1.30220861415247e-05    1.41015144430793e-05    9.95324178450936e-06    0.000113451687406226
100.000000000014    3.33197295343824e-05    1.4420232553452e-05    2.38476753280836e-05    1.26414226163398e-05    1.75495616746457e-05    1.04065370832368e-05    0.00011218515879014
100.500000000015    3.34796458593358e-05    1.42058107496822e-05    2.34686207348268e-05    1.2767319677023e-05    1.72186659551791e-05    9.846576289052e-06    0.000110986639265099
101.000000000015    3.89834687598988e-05    1.27186634358788e-05    2.20919345284001e-05    1.32097176652938e-05    1.3575753699299e-05    9.1744064326919e-06    0.000109753944521462
101.500000000015    4.07838870478895e-05    1.19569774714364e-05    2.17042438176956e-05    1.33956748272049e-05    1.14502778569531e-05    9.18323155952505e-06    0.000108474292580705
102.000000000015    3.65122107708539e-05    1.24691499462948e-05    2.25162098003954e-05    1.3187189397925e-05    1.29134826466616e-05    9.62515627431891e-06    0.00010722339883645
102.500000000016    3.17901725765208e-05    1.31657007095945e-05    2.33266604149241e-05    1.29532461394446e-05    1.5017043728983e-05    9.79984470902162e-06    0.000106052668278489
103.000000000016    3.23419482813701e-05    1.28179994454842e-05    2.29984796917884e-05    1.29901299708335e-05    1.43677540184919e-05    9.40640038510407e-06    0.000104922711793072
103.500000000016    3.57471558174845e-05    1.1790127408163e-05    2.21298012895324e-05    1.32929191990193e-05    1.17868611117402e-05    9.02382704697676e-06    0.000103770691872916
104.000000000016    3.6322743095128e-05    1.13591599116663e-05    2.18196941859237e-05    1.34836839650124e-05    1.05543275707695e-05    9.05922796197445e-06    0.000102598836690474
104.500000000017    3.28734267624802e-05    1.18306018473029e-05    2.24255520316685e-05    1.33106619660903e-05    1.16742766351273e-05    9.34440653957114e-06    0.00010145892578224
105.000000000017    2.99039855244601e-05    1.2194485939263e-05    2.29976895093569e-05    1.30514424664195e-05    1.28721002802738e-05    9.35553137155928e-06    0.000100375235091333
105.500000000017    3.06020640003815e-05    1.17667146563416e-05    2.25788374433672e-05    1.31303959349777e-05    1.21714603893574e-05    9.06670489457467e-06    9.93161773190003e-05
106.000000000017    3.27393077213197e-05    1.0997141480921e-05    2.19006136966568e-05    1.33552509584257e-05    1.04458259159161e-05    8.80906885326575e-06    9.8247208626505e-05
106.500000000018    3.26460962810275e-05    1.0675886675443e-05    2.18481419386766e-05    1.33798616883938e-05    9.79813545013341e-06    8.82352092277991e-06    9.71716429564543e-05
107.000000000018    3.0182725601282e-05    1.09306508198201e-05    2.22096420469624e-05    1.32267484691322e-05    1.0589455783425e-05    8.9852742875569e-06    9.61244970081787e-05
107.500000000018    2.83751306015869e-05    1.10594132749934e-05    2.23010015446737e-05    1.31466430286693e-05    1.12204851575251e-05    9.01488442735456e-06    9.51175580348028e-05
108.000000000018    2.89304075719274e-05    1.06884884428485e-05    2.20984567918324e-05    1.31606617359347e-05    1.0569715720954e-05    8.68017331746678e-06    9.41279035809639e-05
108.500000000019    3.00675257818105e-05    1.01846226092357e-05    2.17034694383348e-05    1.32113034124657e-05    9.42558524326438e-06    8.54187709622211e-06    9.31343835813331e-05
109.000000000019    2.96082016397763e-05    1.00099286998729e-05    2.15903876680124e-05    1.3228461742481e-05    9.09028736188095e-06    8.61768102766791e-06    9.21449481396915e-05
109.500000000019    2.79054995843604e-05    1.01299935090522e-05    2.17194022513712e-05    1.31561906065965e-05    9.60343395609213e-06    8.66608689113209e-06    9.11806067986044e-05
110.000000000019    2.67285887287949e-05    1.01774718157136e-05    2.17909381607357e-05    1.3027500055882e-05    9.92059559765279e-06    8.60066118701409e-06    9.02457555457931e-05
110.50000000002    2.70482241536986e-05    9.87275239915878e-06    2.16003684255348e-05    1.29516104250488e-05    9.40771401906252e-06    8.44308949760368e-06    8.93237589201072e-05
111.00000000002    2.77697915842807e-05    9.45682017086247e-06    2.12641271455734e-05    1.29686802112795e-05    8.63399449164478e-06    8.30891669104577e-06    8.84023302946866e-05
111.50000000002    2.73740034142979e-05    9.28407138150531e-06    2.10812755371061e-05    1.29812665374145e-05    8.46245109010687e-06    8.3055635955694e-06    8.74886315560001e-05
112.00000000002    2.59532812721303e-05    9.39041045695379e-06    2.1164033658973e-05    1.29230018402611e-05    8.8462245760699e-06    8.31953292320717e-06    8.65964847275953e-05
112.500000000021    2.52559053318801e-05    9.3375508415861e-06    2.11414087298938e-05    1.28229714634394e-05    8.95202266572269e-06    8.21802276163127e-06    8.57278817941533e-05
113.000000000021    2.55996366302432e-05    9.03459098599684e-06    2.09287781113207e-05    1.27500311555665e-05    8.48325460197164e-06    8.0716877851585e-06    8.48679792702574e-05
113.500000000021    2.58118606375785e-05    8.77901090729861e-06    2.06820589886924e-05    1.27202406789558e-05    7.98840286184024e-06    8.03139555518203e-06    8.40129696295475e-05
114.000000000021    2.51805522084885e-05    8.70249103247017e-06    2.06656036820219e-05    1.26582789134034e-05    7.93452111650416e-06    8.02674557024632e-06    8.31681925231344e-05
114.500000000022    2.42549886095957e-05    8.71103181850124e-06    2.0651268328731e-05    1.2591693028332e-05    8.13741849509266e-06    7.9948563505234e-06    8.2341256630776e-05
115.000000000022    2.38764557858931e-05    8.58976099342027e-06    2.0480897034832e-05    1.25764319893359e-05    8.11858093339508e-06    7.8893813591868e-06    8.15315080960632e-05
115.500000000022    2.39822430574498e-05    8.36629204213044e-06    2.0249101062836e-05    1.25330037142694e-05    7.77818292759607e-06    7.82359538557033e-06    8.0732418189852e-05
116.000000000022    2.40453995968427e-05    8.15052544722267e-06    2.01434505993213e-05    1.24308102290336e-05    7.45112343020941e-06    7.71707029474303e-06    7.99383795973727e-05
116.500000000023    2.35370139186917e-05    8.08501802731594e-06    2.01247221800595e-05    1.23443633310185e-05    7.44377274904837e-06    7.6191671816617e-06    7.91540573877957e-05
117.000000000023    2.27903115866485e-05    8.06845476911405e-06    1.99247685363385e-05    1.23178944947143e-05    7.57968379823616e-06    7.70509712784045e-06    7.8386210312892e-05
117.500000000023    2.25708028778866e-05    7.92595320688125e-06    1.98138367686233e-05    1.22487331678016e-05    7.48353610762732e-06    7.58972637237752e-06    7.76325885011976e-05
118.000000000023    2.26515390516517e-05    7.734323795308e-06    1.96865925537646e-05    1.21483225863843e-05    7.19155782661585e-06    7.47414536202376e-06    7.68864811757482e-05
118.500000000024    2.24907924867736e-05    7.60978667691474e-06    1.95038970186488e-05    1.20979538151327e-05    7.00330384192504e-06    7.44128320819369e-06    7.61470170475886e-05
119.000000000024    2.20404519387998e-05    7.54311977530195e-06    1.93865936063455e-05    1.20380949733041e-05    7.01663876476373e-06    7.39504896353562e-06    7.54199480220507e-05
119.500000000024    2.14988733713213e-05    7.49729320372367e-06    1.93400185950564e-05    1.19358230550082e-05    7.06570113964163e-06    7.36767907935361e-06    7.47053884441048e-05
120.000000000024    2.13611870306067e-05    7.38360240124467e-06    1.91797028369941e-05    1.1873933721201e-05    6.95524767222688e-06    7.24811867865789e-06    7.40017923409312e-05
120.500000000025    2.1345234401021e-05    7.21433377852255e-06    1.89589168039929e-05    1.18359692349178e-05    6.74835985737068e-06    7.20360852212439e-06    7.33064225979493e-05
121.000000000025    2.11629432276645e-05    7.08383834255402e-06    1.88561306608121e-05    1.17587249515163e-05    6.6220780787153e-06    7.13515980800476e-06    7.2618875069267e-05
121.500000000025    2.07624215765039e-05    7.02508055710154e-06    1.88118693730087e-05    1.16652867591951e-05    6.62913891477193e-06    7.04732980109942e-06    7.19411269816805e-05
122.000000000026    2.03593812704382e-05    6.98430906371851e-06    1.86480212811081e-05    1.15923074426197e-05    6.65207327480243e-06    7.03828671826937e-06    7.12743790509562e-05
122.500000000026    2.02752889692287e-05    6.85533714016575e-06    1.84665127020851e-05    1.1516322915109e-05    6.54075157194267e-06    6.96401290707303e-06    7.06182262056042e-05
123.000000000026    2.02092246634679e-05    6.73156368152866e-06    1.83022902893625e-05    1.14415263886942e-05    6.38630433229762e-06    6.89774672275814e-06    6.99686560781091e-05
123.500000000026    1.98955789761735e-05    6.66534020207811e-06    1.81726024102871e-05    1.13886474462351e-05    6.313396179708e-06    6.89251131058778e-06    6.93280765250696e-05
124.000000000027    1.96613391656814e-05    6.57167669758773e-06    1.81023591959343e-05    1.13136225951174e-05    6.28352143808512e-06    6.76372763820858e-06    6.86962467306145e-05
124.500000000027    1.93504599320214e-05    6.51955929596438e-06    1.79786627643779e-05    1.12290512559043e-05    6.27798111132931e-06    6.71766178694161e-06    6.80733761465389e-05
125.000000000027    1.91461059803644e-05    6.42253261512287e-06    1.78660665588621e-05    1.1142601447147e-05    6.20218320114137e-06    6.68080085460339e-06    6.74602906572412e-05
125.500000000027    1.91004461203374e-05    6.30097600662846e-06    1.77017231114215e-05    1.10954463198978e-05    6.06802305843535e-06    6.58706113570594e-06    6.68536757524265e-05
126.000000000028    1.89089930743055e-05    6.23370566898256e-06    1.75253126168634e-05    1.1055489475645e-05    6.00543639627956e-06    6.52546971324037e-06    6.62544069453164e-05
126.500000000028    1.8640409332351e-05    6.18051878196237e-06    1.73664653115958e-05    1.09662431574587e-05    6.00171573634184e-06    6.50952094954963e-06    6.56648732692594e-05
127.000000000028    1.84144454962443e-05    6.12497406660248e-06    1.72701394059123e-05    1.08571757776334e-05    5.98274514199727e-06    6.4334192252511e-06    6.50828991136408e-05
127.500000000028    1.82468985265057e-05    6.04574713762813e-06    1.72042613882662e-05    1.07643286669566e-05    5.90929697725025e-06    6.33870260352493e-06    6.45092353001318e-05
128.000000000029    1.81762251341482e-05    5.95252131165609e-06    1.70364859568437e-05    1.06989093906762e-05    5.80520082343653e-06    6.27228957082209e-06    6.39416321875827e-05
128.500000000028    1.79717676733539e-05    5.89092477670226e-06    1.68681803558852e-05    1.0653156514655e-05    5.76502088466732e-06    6.23192126676497e-06    6.33809714720287e-05
129.000000000028    1.76818853505395e-05    5.8452584762079e-06    1.67205844821226e-05    1.05908858569667e-05    5.76617741921375e-06    6.2244611125763e-06    6.28292526976268e-05
129.500000000027    1.75672676510143e-05    5.76711191234344e-06    1.6610031738974e-05    1.04897045658186e-05    5.7100041245509e-06    6.14128956303819e-06    6.22854095557394e-05
130.000000000027    1.74405728256213e-05    5.68184732058172e-06    1.65204878156222e-05    1.03938943751499e-05    5.63003979380503e-06    6.08039089757042e-06    6.17472330283505e-05
130.500000000026    1.72780362243844e-05    5.61769801210246e-06    1.63929209146118e-05    1.033258453368e-05    5.57581715549862e-06    6.01867875929496e-06    6.12157355995723e-05
131.000000000026    1.70734356802135e-05    5.56236672889818e-06    1.62472670781548e-05    1.0291651372321e-05    5.54595980178272e-06    5.97065230677762e-06    6.06913329681479e-05
131.500000000025    1.69091201270782e-05    5.48955522734456e-06    1.60825907320842e-05    1.02301218583807e-05    5.51410473047415e-06    5.94876162348413e-06    6.01742542988459e-05
132.000000000025    1.67685694771838e-05    5.41738485600794e-06    1.60206514244117e-05    1.01129373647589e-05    5.46309487073879e-06    5.88119929313035e-06    5.96638372862316e-05
132.500000000024    1.66334044718833e-05    5.36220571849561e-06    1.59183305195115e-05    1.00071052648023e-05    5.40901551841097e-06    5.82912881796979e-06    5.91591903110735e-05
133.000000000024    1.64475085899962e-05    5.31678441361911e-06    1.57862488349961e-05    9.96258559120026e-06    5.37075697475422e-06    5.7767112222633e-06    5.86605956268291e-05
133.500000000024    1.63408617963517e-05    5.24934461584345e-06    1.5607674316729e-05    9.92774358168234e-06    5.33640683690923e-06    5.70690691003249e-06    5.81689380575482e-05
134.000000000023    1.6188550743585e-05    5.20037128631395e-06    1.54733592263385e-05    9.84613085147818e-06    5.31744865278734e-06    5.65761470724903e-06    5.7683475467752e-05
134.500000000023    1.60022467925529e-05    5.15781873261871e-06    1.53680408472459e-05    9.74643774549916e-06    5.28649948182065e-06    5.64400997092753e-06    5.72050535706649e-05
135.000000000022    1.58777320009005e-05    5.08895501134048e-06    1.5254792053151e-05    9.68617918563056e-06    5.22645681740738e-06    5.59725478097824e-06    5.67313698494082e-05
135.500000000022    1.58388125600468e-05    5.02088817237689e-06    1.50785422578261e-05    9.64886552411875e-06    5.17890809568212e-06    5.49776603220167e-06    5.62637826422523e-05
136.000000000021    1.55786930778031e-05    4.98015569212394e-06    1.50483495373562e-05    9.55769136894896e-06    5.17072215570921e-06    5.46656420499669e-06    5.58021760369382e-05
136.500000000021    1.54348253619852e-05    4.94119621533356e-06    1.49807590686784e-05    9.44366585548904e-06    5.15123988176407e-06    5.3942069190449e-06    5.53458933022952e-05
137.00000000002    1.53010646299984e-05    4.88764342779236e-06    1.48324043200793e-05    9.37910050328415e-06    5.09803880522203e-06    5.39739771778389e-06    5.48956494041602e-05
137.50000000002    1.52956695697514e-05    4.7961900912476e-06    1.46478824679901e-05    9.35719722689872e-06    5.02190075684429e-06    5.33137978256621e-06    5.44502198952983e-05
138.000000000019    1.51170975035734e-05    4.76508336375904e-06    1.45135218221427e-05    9.3218626647482e-06    5.00857077017076e-06    5.28421973429449e-06    5.40103558586886e-05
138.500000000019    1.48826375728342e-05    4.76057099115883e-06    1.44221452672371e-05    9.23972107474165e-06    5.02003017470834e-06    5.25166387708866e-06    5.35767689577688e-05
139.000000000019    1.48135506737198e-05    4.6833391115989e-06    1.43446074973753e-05    9.13294410753397e-06    4.97289681727983e-06    5.20133582433752e-06    5.31486740318453e-05
139.500000000018    1.47675752961909e-05    4.60460422664809e-06    1.42606935572467e-05    9.05462003446871e-06    4.90187918556371e-06    5.13514912875351e-06    5.27245214288716e-05
140.000000000018    1.45960800305247e-05    4.58250641687758e-06    1.4123566209223e-05    9.00843167155672e-06    4.88253991369254e-06    5.11191122921832e-06    5.23050354710928e-05
140.500000000017    1.44278664278482e-05    4.55235271490399e-06    1.39946522585255e-05    8.95727423168214e-06    4.87792676058599e-06    5.0816327673438e-06    5.18917051608896e-05
141.000000000017    1.43617615389864e-05    4.49356873912972e-06    1.38948015363991e-05    8.88292197845904e-06    4.84269254792533e-06    5.00745536030014e-06    5.14832017011997e-05
141.500000000016    1.42446318474114e-05    4.44053927500914e-06    1.38116599805678e-05    8.79549540231767e-06    4.80445323551098e-06    4.98250302310811e-06    5.10792827639251e-05
142.000000000016    1.41376479183637e-05    4.4019473552493e-06    1.36935719727728e-05    8.72226835413039e-06    4.77753877964836e-06    4.9467340055295e-06    5.0679708385694e-05
142.500000000015    1.39925837059923e-05    4.37736042946588e-06    1.35811731659932e-05    8.67906351898572e-06    4.7600304077034e-06    4.89507521306125e-06    5.02852864412017e-05
143.000000000015    1.38844738838918e-05    4.32245642268141e-06    1.3453473973092e-05    8.63954691699889e-06    4.72242037712202e-06    4.87349851055751e-06    4.98958700843436e-05
143.500000000014    1.38244467868009e-05    4.263725127724e-06    1.33591891130675e-05    8.58079219001102e-06    4.67739421920245e-06    4.80500433938738e-06    4.95105517761932e-05
144.000000000014    1.36533191426078e-05    4.24048889275116e-06    1.33064843913525e-05    8.50705408879529e-06    4.66529078583595e-06    4.75685909527135e-06    4.91294963966141e-05
144.500000000014    1.35084058155241e-05    4.20372654190637e-06    1.32097803976637e-05    8.44114658974543e-06    4.64829441621263e-06    4.74191196065017e-06    4.87532657217023e-05
145.000000000013    1.3486623510481e-05    4.14650354593469e-06    1.30666629518412e-05    8.38607591874981e-06    4.59807165062401e-06    4.69739777175294e-06    4.83813353493836e-05
145.500000000013    1.33762711625619e-05    4.10739149762655e-06    1.29584759951901e-05    8.33967311325526e-06    4.5587154410608e-06    4.67298308486696e-06    4.80135102945616e-05
146.000000000012    1.32636202116441e-05    4.06486909111341e-06    1.28900593155558e-05    8.28053517755285e-06    4.53971666086543e-06    4.61098297560925e-06    4.76497834323409e-05
146.500000000012    1.30938290206239e-05    4.03997590653318e-06    1.28344546142703e-05    8.2092206619299e-06    4.53860046172068e-06    4.57416573078211e-06    4.729024639586e-05
147.000000000011    1.29839536950261e-05    4.00434096831664e-06    1.2742266348661e-05    8.14532497574117e-06    4.51127956709049e-06    4.54799443195201e-06    4.69351599867874e-05
147.500000000011    1.296791283446e-05    3.94639010440465e-06    1.2610482598223e-05    8.10652480996726e-06    4.45131651022922e-06    4.50106709280995e-06    4.65836939500941e-05
148.00000000001    1.28930425765216e-05    3.90714696433062e-06    1.24697633696513e-05    8.06953640400068e-06    4.41926127296359e-06    4.47729685604674e-06    4.62360474435145e-05
148.50000000001    1.27073475435986e-05    3.8918707350049e-06    1.24235967102627e-05    7.99709204869536e-06    4.42858915137125e-06    4.44400605990832e-06    4.58925022488412e-05
149.000000000009    1.25818223308151e-05    3.86417372839304e-06    1.23741199780377e-05    7.91781892652812e-06    4.41573372422987e-06    4.39969499927943e-06    4.55533636872832e-05
149.500000000009    1.25602602062558e-05    3.80922696522104e-06    1.22557397935796e-05    7.87982717116777e-06    4.35990603808824e-06    4.35249292112522e-06    4.52174530954377e-05
150.000000000009    1.24897924996577e-05    3.7584277710927e-06    1.21298631627439e-05    7.86374989175628e-06    4.31704880506377e-06    4.32628334666898e-06    4.48851654769833e-05
150.500000000008    1.23338410853098e-05    3.73191651299809e-06    1.20438550595555e-05    7.81060040580003e-06    4.31233008426711e-06    4.32412733472248e-06    4.4556670482653e-05
151.000000000008    1.21996363671449e-05    3.71343058334956e-06    1.20499499171668e-05    7.71455374007213e-06    4.30656812461534e-06    4.24787410552052e-06    4.42320128378693e-05
151.500000000007    1.21268306209494e-05    3.67078339087512e-06    1.19637005966014e-05    7.65054183899838e-06    4.26651976724415e-06    4.23240528751532e-06    4.39107815021839e-05
152.000000000007    1.21240929950938e-05    3.60619109886273e-06    1.18239867549362e-05    7.62922044695467e-06    4.21164393728303e-06    4.19744404685126e-06    4.35925792799818e-05
152.500000000006    1.19872755777773e-05    3.59011557380556e-06    1.17120264411824e-05    7.60856895679192e-06    4.20600235748871e-06    4.17393115963245e-06    4.32779200666783e-05
153.000000000006    1.18313009866027e-05    3.58270680026496e-06    1.16396168037658e-05    7.55981357477583e-06    4.21232947355351e-06    4.14179537512767e-06    4.29675630140905e-05
153.500000000005    1.17950658387535e-05    3.53242727248591e-06    1.15689991464732e-05    7.48924186161632e-06    4.17377634115977e-06    4.10107489463244e-06    4.26605853551212e-05
154.000000000005    1.17651654000323e-05    3.48802029858826e-06    1.15113375063845e-05    7.41272649595196e-06    4.13029938672784e-06    4.04846641772408e-06    4.2356015505409e-05
154.500000000004    1.16321093423827e-05    3.46913304843419e-06    1.14499399532159e-05    7.35244839330802e-06    4.12136913959607e-06    4.02974145532484e-06    4.20547413322617e-05
155.000000000004    1.15268458888865e-05    3.44674379148751e-06    1.13486796650514e-05    7.31819797076487e-06    4.11652752567716e-06    3.99991584604208e-06    4.17569106879096e-05
155.500000000004    1.14310244986308e-05    3.42031539863347e-06    1.12259632806097e-05    7.29846656822466e-06    4.09757962571089e-06    3.9892243728112e-06    4.14625737446207e-05
156.000000000003    1.14151617589553e-05    3.37447330012607e-06    1.1135585040261e-05    7.25168476275099e-06    4.05342122426067e-06    3.94128398497168e-06    4.11716100713257e-05
156.500000000003    1.13430926015508e-05    3.33808020497629e-06    1.10904886144785e-05    7.17565654916257e-06    4.02664327281729e-06    3.90906156831189e-06    4.08830228112973e-05
157.000000000002    1.11870494130235e-05    3.33052190494782e-06    1.10459922607588e-05    7.1045471235569e-06    4.03045609229491e-06    3.89899588804569e-06    4.05975626826276e-05
157.500000000002    1.11271054524551e-05    3.30032505678262e-06    1.09417963269489e-05    7.06459667509866e-06    4.0085320829594e-06    3.87322679914845e-06    4.03155823933931e-05
158.000000000001    1.11070288332524e-05    3.25303843358809e-06    1.08501275829914e-05    7.03756150169627e-06    3.96332318203481e-06    3.82518932098766e-06    4.00362688545506e-05
158.500000000001    1.10126582585409e-05    3.23468861983389e-06    1.0768078934783e-05    7.00691220980014e-06    3.94716791636024e-06    3.79004892123401e-06    3.97595548605522e-05
159    1.08838631190402e-05    3.22674979010669e-06    1.07136061734594e-05    6.95632773365788e-06    3.9514372521559e-06    3.7541838973729e-06    3.9486167965793e-05
159.5    1.08293733895118e-05    3.19063703166753e-06    1.06447396732237e-05    6.88881735555844e-06    3.93107958293955e-06    3.73116707815933e-06    3.92158141110603e-05
159.999999999999    1.07863107466611e-05    3.15441601864747e-06    1.05760793304459e-05    6.82836422799357e-06    3.89909623657736e-06    3.70343774438818e-06    3.89477043047136e-05
160.499999999999    1.0703343981616e-05    3.13759227642792e-06    1.04826127454699e-05    6.79985308786653e-06    3.88075410177316e-06    3.67828534765967e-06    3.86824415408132e-05
160.999999999999    1.0629235587212e-05    3.1089099832424e-06    1.03763001992684e-05    6.78036828179547e-06    3.86344224976724e-06    3.66202288331701e-06    3.84202791846026e-05
161.499999999998    1.0568334310403e-05    3.07710912195778e-06    1.03209865622394e-05    6.73396600730241e-06    3.8479438911077e-06    3.61229961220666e-06    3.81606395052169e-05
161.999999999998    1.04386628566187e-05    3.06679482728295e-06    1.02771704091207e-05    6.67057137720419e-06    3.84149767188313e-06    3.60908804187972e-06    3.79037851839895e-05
162.499999999997    1.0395747653829e-05    3.03572009067473e-06    1.0241047408788e-05    6.61828193798614e-06    3.81079391377358e-06    3.5477468271365e-06    3.7649337832188e-05
162.999999999997    1.03627247735481e-05    2.99529095771427e-06    1.01156578861321e-05    6.59455699798986e-06    3.7786634358726e-06    3.55041960405183e-06    3.73973136553088e-05
163.499999999996    1.02786778116258e-05    2.97637332977417e-06    1.0029162366999e-05    6.5636230888531e-06    3.76337126781759e-06    3.53687277634747e-06    3.71480806414171e-05
163.999999999996    1.01864501264296e-05    2.95797219357725e-06    1.00120335023559e-05    6.5037401405917e-06    3.75170750958851e-06    3.48954097415704e-06    3.69014444467e-05
164.499999999995    1.01318673390142e-05    2.9313191012712e-06    9.96826687747281e-06    6.44043681838325e-06    3.73563924050394e-06    3.44938762093111e-06    3.66569169975765e-05
164.999999999995    1.00487053242661e-05    2.90913395350454e-06    9.87787366416767e-06    6.39878702027052e-06    3.71985978519321e-06    3.46061873078851e-06    3.64149784781906e-05
165.499999999994    1.00130732920442e-05    2.87702636290961e-06    9.79266663913493e-06    6.37456053395261e-06    3.69370270189779e-06    3.42440783341422e-06    3.61754373633534e-05
165.999999999994    9.956589373403e-06    2.85673920259167e-06    9.70216037579552e-06    6.35529875937341e-06    3.67676395502767e-06    3.39079575129234e-06    3.59383474174836e-05
166.499999999994    9.83944893731121e-06    2.84099977319002e-06    9.63520974356517e-06    6.31789160562972e-06    3.66855198598233e-06    3.40182891278515e-06    3.57039309584636e-05
166.999999999993    9.83597240724327e-06    2.80824539429132e-06    9.60649212528767e-06    6.25473226782835e-06    3.64333480867551e-06    3.32279364352835e-06    3.54715706468545e-05
167.499999999993    9.7400666546948e-06    2.79380900586055e-06    9.54194623521609e-06    6.19726898734293e-06    3.63575321203165e-06    3.33242034927188e-06    3.52412644444179e-05
167.999999999992    9.6599943930945e-06    2.77654065976385e-06    9.49237645827731e-06    6.15112763048419e-06    3.62235368173057e-06    3.31107210943932e-06    3.50134649327897e-05
168.499999999992    9.63626012776606e-06    2.73726687798623e-06    9.43670895644547e-06    6.11643050485043e-06    3.58735318654791e-06    3.27379785595886e-06    3.4787817509555e-05
168.999999999991    9.58186839155993e-06    2.71517500769578e-06    9.35257758620206e-06    6.09555367707218e-06    3.56878147292865e-06    3.2499481984896e-06    3.45639043339482e-05
169.499999999991    9.47171105552921e-06    2.71325728384177e-06    9.26639284283737e-06    6.07534399537543e-06    3.57318310741485e-06    3.24282290272893e-06    3.43427111877276e-05
169.99999999999    9.41900068335836e-06    2.68727533184077e-06    9.20652287325738e-06    6.0372385596942e-06    3.55316274461324e-06    3.22087705338901e-06    3.4124077246153e-05
170.49999999999    9.3968658117259e-06    2.64942736055745e-06    9.17985633079864e-06    5.98505152568393e-06    3.51608142549178e-06    3.17971730650909e-06    3.39069997607668e-05
170.999999999989    9.32468755267689e-06    2.63395670037901e-06    9.14161603756297e-06    5.94032333629654e-06    3.50203879891305e-06    3.14904272608631e-06    3.36916651519148e-05
171.499999999989    9.22695183323989e-06    2.62545092881812e-06    9.05925102936272e-06    5.90956452991036e-06    3.50276996779017e-06    3.15474957127273e-06    3.3478737860394e-05
171.999999999989    9.19078039227574e-06    2.59941009451879e-06    8.99783895833212e-06    5.88051130776463e-06    3.4858962077621e-06    3.11354693559777e-06    3.32679838962511e-05
172.499999999988    9.1369795223528e-06    2.57722322747154e-06    8.93324613344017e-06    5.85218852187197e-06    3.46514264328413e-06    3.09433588222325e-06    3.30591159306439e-05
172.999999999988    9.08780998578893e-06    2.55715838603154e-06    8.88107047290555e-06    5.81458878594706e-06    3.44353806729466e-06    3.06815795680794e-06    3.28523236547757e-05
173.499999999987    9.03716716569157e-06    2.53589002684989e-06    8.82643795191554e-06    5.76985756003252e-06    3.42623703491986e-06    3.05172808259258e-06    3.2647317822002e-05
173.999999999987    8.97687208184316e-06    2.52292189766607e-06    8.76758619814987e-06    5.73433069681692e-06    3.42367920568509e-06    3.01871743912166e-06    3.24441075192828e-05
174.499999999986    8.87487055822285e-06    2.51122977548652e-06    8.69279698473808e-06    5.71389882025188e-06    3.4195933978228e-06    3.03099342168018e-06    3.22433829582023e-05
174.999999999986    8.87851376466732e-06    2.47658243220985e-06    8.6403878867976e-06    5.68472772963182e-06    3.38018402015703e-06    2.98409061040029e-06    3.20444864438639e-05
175.499999999985    8.84501538609908e-06    2.45079328013835e-06    8.60040772598599e-06    5.6358352268913e-06    3.35624558103946e-06    2.95852916412618e-06    3.18468263642804e-05
175.999999999985    8.71837734153892e-06    2.45298009397186e-06    8.58363985478786e-06    5.57797379619685e-06    3.36621243314233e-06    2.95196728828519e-06    3.1651150807923e-05
176.499999999984    8.66198158267655e-06    2.43968215547983e-06    8.5429812618833e-06    5.53466636945673e-06    3.35683505911742e-06    2.92134937655208e-06    3.14574958051659e-05
176.999999999984    8.65978260956508e-06    2.40576059959055e-06    8.44615145639185e-06    5.52774983818457e-06    3.32215257964621e-06    2.90387918646777e-06    3.1265476269846e-05
177.499999999984    8.61904666875779e-06    2.37934998424568e-06    8.35003491345912e-06    5.53094856200585e-06    3.29837592844258e-06    2.89750981383292e-06    3.10752658707439e-05
177.999999999983    8.54755101365155e-06    2.36865871455708e-06    8.29081841855764e-06    5.50551233343998e-06    3.29494053644516e-06    2.87960033497485e-06    3.08870813516263e-05
178.499999999983    8.44924232367871e-06    2.36298009624508e-06    8.29500819432397e-06    5.44757640356708e-06    3.29288878027325e-06    2.8529844554273e-06    3.07006802535154e-05
178.999999999982    8.41243603541744e-06    2.3368941300031e-06    8.28945102390968e-06    5.3924834390934e-06    3.26733972865363e-06    2.81716358918121e-06    3.05157679462585e-05
179.499999999982    8.39455209875641e-06    2.30624421893641e-06    8.22640418254886e-06    5.36715203121987e-06    3.24018942781001e-06    2.79749753281037e-06    3.03320394920819e-05
179.999999999981    8.31688473837766e-06    2.29576954401694e-06    8.13287441164901e-06    5.3593228052464e-06    3.23284064079386e-06    2.81264527441699e-06    3.01503374145009e-05
180.499999999981    8.27822547371199e-06    2.28188236924577e-06    8.07803854378151e-06    5.33658690212482e-06    3.21898836659632e-06    2.77682910874979e-06    2.99705507642102e-05
180.99999999998    8.23298357873968e-06    2.26241215945827e-06    8.03296096499273e-06    5.29636344365686e-06    3.20356119585639e-06    2.76397322135109e-06    2.9792254564055e-05
181.49999999998    8.19578861753343e-06    2.2433291206778e-06    7.9954372788855e-06    5.24964658982392e-06    3.19101321371644e-06    2.74029147288516e-06    2.96155062935222e-05
181.999999999979    8.12617195015691e-06    2.23483800263418e-06    7.952664685012e-06    5.20773715165167e-06    3.18361426423925e-06    2.73529624997961e-06    2.94403223036736e-05
182.499999999979    8.08877091766421e-06    2.21959196659791e-06    7.92078056912106e-06    5.17589489156267e-06    3.16902033178361e-06    2.69259080471142e-06    2.92666494814409e-05
182.999999999979    8.04166411049129e-06    2.20172724486653e-06    7.85057779497062e-06    5.16022335761967e-06    3.15469318537857e-06    2.68561441960119e-06    2.90945001129279e-05
183.499999999978    7.99680081916759e-06    2.18531870582203e-06    7.79011406027297e-06    5.14474795912734e-06    3.14303974065032e-06    2.66394410796074e-06    2.8923965393001e-05
183.999999999978    7.93803207252979e-06    2.17475221054497e-06    7.73543570276144e-06    5.11944733427885e-06    3.13300513610064e-06    2.65441422073815e-06    2.87550866769538e-05
184.499999999977    7.92226379915759e-06    2.15692787412332e-06    7.68422844879038e-06    5.08051075142952e-06    3.11565898392929e-06    2.62811077825339e-06    2.85877006356835e-05
184.999999999977    7.85744061738453e-06    2.1377809954512e-06    7.65438145097193e-06    5.0345714521131e-06    3.10316143916754e-06    2.63437093421971e-06    2.8421706889308e-05
185.499999999976    7.82479684103933e-06    2.12067266462118e-06    7.64376268080771e-06    4.99385453649885e-06    3.08971104126168e-06    2.5842116432349e-06    2.82570094074637e-05
185.999999999976    7.74975172723011e-06    2.10976172487606e-06    7.59133727248911e-06    4.97444145051883e-06    3.08453525615992e-06    2.58387408658677e-06    2.80937015178608e-05
186.499999999975    7.71077689106614e-06    2.0943320356116e-06    7.52989582406693e-06    4.9641821589987e-06    3.07030218600408e-06    2.56254048143969e-06    2.79320295771871e-05
186.999999999975    7.68233859070911e-06    2.07456521706308e-06    7.47303595316488e-06    4.94589497506446e-06    3.04583309252928e-06    2.55015538681545e-06    2.77718232153463e-05
187.499999999974    7.64446834395606e-06    2.05582943911396e-06    7.4327796584256e-06    4.91673731448329e-06    3.02786076703282e-06    2.53512371685699e-06    2.76127992398687e-05
187.999999999974    7.57819650205641e-06    2.04173517655351e-06    7.39736101114497e-06    4.88323919168284e-06    3.0211787299954e-06    2.53360361077767e-06    2.74553142222108e-05
188.499999999974    7.54078242370696e-06    2.02690763888543e-06    7.36518503485279e-06    4.84924920788068e-06    3.00751929322401e-06    2.50954005765692e-06    2.72991836562068e-05
188.999999999973    7.4944328764587e-06    2.01353931669987e-06    7.32399162883681e-06    4.82016036120941e-06    2.99133362760794e-06    2.50083180819547e-06    2.71442896190082e-05
189.499999999973    7.4662443184636e-06    1.99852815139963e-06    7.27853322464163e-06    4.7967199855706e-06    2.97362899760245e-06    2.47707290716359e-06    2.69907275848415e-05
189.999999999972    7.41707870366395e-06    1.98238380172603e-06    7.24226838806062e-06    4.77641912476661e-06    2.96337162811391e-06    2.45685919268426e-06    2.68383808390154e-05
190.499999999972    7.36013226895904e-06    1.9708886208218e-06    7.19597834153427e-06    4.75803458314139e-06    2.96009449682673e-06    2.44232252156613e-06    2.66874508328494e-05
190.999999999971    7.31602121013263e-06    1.96021264675583e-06    7.14722708911176e-06    4.73558506057035e-06    2.9522266697891e-06    2.42661747460855e-06    2.65378901509682e-05
191.499999999971    7.28681820841685e-06    1.94617146171751e-06    7.11465591574509e-06    4.70517984883163e-06    2.93639475422234e-06    2.40035804341561e-06    2.6389578232349e-05
191.99999999997    7.24458199333495e-06    1.93019614192046e-06    7.07104461462806e-06    4.672881597902e-06    2.92000693586843e-06    2.40373639716547e-06    2.62424476808194e-05
192.49999999997    7.22188159786105e-06    1.9118229384085e-06    7.02837378254521e-06    4.64125019520797e-06    2.90204484210596e-06    2.3911951305034e-06    2.60965684866321e-05
192.999999999969    7.18207019534287e-06    1.89649980906429e-06    6.99244040868198e-06    4.61364288544677e-06    2.89121304486399e-06    2.37597465189377e-06    2.59518409952937e-05
193.499999999969    7.11347281205327e-06    1.89017761132739e-06    6.9738728879444e-06    4.58951706681674e-06    2.8884530320593e-06    2.35282359244711e-06    2.58083170026482e-05
193.999999999969    7.0655247051561e-06    1.88217998992879e-06    6.930263148102e-06    4.57276489780836e-06    2.87797474132645e-06    2.33739787860023e-06    2.56661053609219e-05
194.499999999968    7.04941537269651e-06    1.86188816075779e-06    6.87021838482042e-06    4.56031380468538e-06    2.85225984773754e-06    2.3310202323864e-06    2.5525115803084e-05
194.999999999968    7.03967027731129e-06    1.83944612323377e-06    6.81386283649577e-06    4.54369345235735e-06    2.82978541893401e-06    2.3187176485139e-06    2.53851757568461e-05
195.499999999967    6.976359697502e-06    1.83282271759948e-06    6.7868539283854e-06    4.51432076038827e-06    2.83090390973098e-06    2.30514292582747e-06    2.52464039394336e-05
195.999999999967    6.89240032718938e-06    1.83372996057307e-06    6.78862587496128e-06    4.47559583280998e-06    2.83425997951372e-06    2.28434576054099e-06    2.51089577355884e-05
196.499999999966    6.88493135608255e-06    1.8173790457313e-06    6.75223099235205e-06    4.44523515478188e-06    2.81439218827635e-06    2.2583037403257e-06    2.49724724775498e-05
196.999999999966    6.86984005164419e-06    1.79464539937097e-06    6.69540429901035e-06    4.42830705765337e-06    2.79114804326264e-06    2.25765347922288e-06    2.48369983301644e-05
197.499999999965    6.83425673092721e-06    1.78229314339461e-06    6.64446958365072e-06    4.41505778898992e-06    2.78146013115347e-06    2.24510461326983e-06    2.47026419913858e-05
197.999999999965    6.78099990774603e-06    1.7805114959365e-06    6.59957989960986e-06    4.39862690878134e-06    2.78420985419437e-06    2.22560990645723e-06    2.45695379727253e-05
198.499999999964    6.72301293234187e-06    1.77289156763768e-06    6.56949700759224e-06    4.37248457641247e-06    2.78021986283384e-06    2.2196143089925e-06    2.44377202558106e-05
198.999999999964    6.71585634184904e-06    1.75246625057846e-06    6.54631474676912e-06    4.33789915199551e-06    2.75740396311975e-06    2.19688537687563e-06    2.43068258311875e-05
199.499999999964    6.69134993147563e-06    1.7350349768302e-06    6.52070748746523e-06    4.30689794845585e-06    2.73860107058094e-06    2.18415491259732e-06    2.41767463274052e-05
199.999999999963    6.63708692590668e-06    1.72784937938638e-06    6.47547540965513e-06    4.28934388339908e-06    2.73233025864954e-06    2.18572116304791e-06    2.40478070200447e-05
200.499999999963    6.60395027239404e-06    1.71885396114972e-06    6.43226093248609e-06    4.27886298706279e-06    2.72492039922405e-06    2.16115053328897e-06    2.39199990856057e-05
200.999999999962    6.56675847542403e-06    1.70563303199104e-06    6.39187140830559e-06    4.26469790502503e-06    2.71557553474718e-06    2.14873819987326e-06    2.37932745553661e-05
201.499999999962    6.53737029819309e-06    1.69368291016207e-06    6.36453891907425e-06    4.23573920639634e-06    2.70485303774609e-06    2.13134841774257e-06    2.36675327893144e-05
201.999999999961    6.48567193193465e-06    1.68293232586252e-06    6.34943081444557e-06    4.19938156456752e-06    2.69422911617278e-06    2.13113432265285e-06    2.35427800756359e-05
202.499999999961    6.46886741264648e-06    1.66947039596362e-06    6.32270729184077e-06    4.17172176423101e-06    2.67826950554692e-06    2.10783512300653e-06    2.34188714932353e-05
202.99999999996    6.43674197564755e-06    1.6601222691941e-06    6.26765282965296e-06    4.16297898561507e-06    2.66734315163099e-06    2.10113215890613e-06    2.32959713706468e-05
203.49999999996    6.40183049117764e-06    1.65092900150459e-06    6.21268951907788e-06    4.16028345418105e-06    2.66101191726962e-06    2.08741238307372e-06    2.31741567662845e-05
203.999999999959    6.36704752770149e-06    1.63990054803528e-06    6.16932418006715e-06    4.1448098846781e-06    2.65600134342942e-06    2.07636569684473e-06    2.30534491807562e-05
204.499999999959    6.32139454895234e-06    1.62980230877238e-06    6.15608509772736e-06    4.11001542738696e-06    2.6468387660533e-06    2.06958364212403e-06    2.29337197910164e-05
204.999999999959    6.29100950472421e-06    1.61562034209011e-06    6.15278418033597e-06    4.06859443623204e-06    2.62722616497843e-06    2.0595774376953e-06    2.28148120660561e-05
205.499999999958    6.2881866922617e-06    1.59850036639542e-06    6.13739697917098e-06    4.04001201480519e-06    2.60604562591059e-06    2.02639810310651e-06    2.26965397816504e-05
205.999999999958    6.22872007945475e-06    1.59458934542022e-06    6.08827189554344e-06    4.03397147236945e-06    2.60621674554653e-06    2.02738993886929e-06    2.25791594772037e-05
206.499999999957    6.17713898504798e-06    1.59162940246956e-06    6.03047366994897e-06    4.03445945437345e-06    2.60924750556561e-06    2.0200745015322e-06    2.24630235189378e-05
206.999999999957    6.16241612245856e-06    1.57617379064682e-06    5.98460119581991e-06    4.02291447864756e-06    2.5929071925e-06    2.00898927001426e-06    2.23480020500871e-05
207.499999999956    6.15264408912365e-06    1.55872109257808e-06    5.96273113990249e-06    3.99408955553975e-06    2.57053505362498e-06    1.99489257561596e-06    2.22336135063849e-05
207.999999999956    6.11781671455565e-06    1.54990379492931e-06    5.95444414475572e-06    3.95843533297144e-06    2.56165114019613e-06    1.9777841504447e-06    2.2120035277853e-05
208.499999999955    6.06237849490893e-06    1.54847228002939e-06    5.92815446145844e-06    3.93028729949461e-06    2.56300310452539e-06    1.97501082952478e-06    2.20073064699415e-05
208.999999999955    6.03675272460526e-06    1.54163104770916e-06    5.89372220843477e-06    3.91258892490389e-06    2.55648387245375e-06    1.95438051666125e-06    2.18955592947681e-05
209.499999999954    6.0164382095954e-06    1.52893853407931e-06    5.84724767453731e-06    3.90224896495092e-06    2.54184320708047e-06    1.94791313322223e-06    2.17846297234656e-05
209.999999999954    6.00083525123476e-06    1.51588046224129e-06    5.80370418429736e-06    3.89057032280693e-06    2.52741000109567e-06    1.93618722759331e-06    2.16745874492693e-05
210.499999999954    5.94954451236724e-06    1.50720107456625e-06    5.77816585252791e-06    3.87032091401556e-06    2.52001929417516e-06    1.94016462010529e-06    2.15654162677574e-05
210.999999999953    5.92124071370859e-06    1.49546996472424e-06    5.76906628733905e-06    3.84198028357896e-06    2.50773672128788e-06    1.92161451499997e-06    2.14571084856387e-05
211.499999999953    5.89958699731914e-06    1.4839686003797e-06    5.74577861804582e-06    3.81734864504918e-06    2.49368279285817e-06    1.90909655662881e-06    2.13494622102808e-05
211.999999999952    5.86965942678648e-06    1.47442574549158e-06    5.71379012914022e-06    3.80250078354114e-06    2.48686096813147e-06    1.89534310368082e-06    2.12425801567717e-05
212.499999999952    5.8205124620109e-06    1.46841419957288e-06    5.67406308553512e-06    3.79148117515759e-06    2.48347863271926e-06    1.89873364189364e-06    2.11366831968894e-05
212.999999999951    5.80066467319299e-06    1.45779417699264e-06    5.64930348703984e-06    3.7734109342023e-06    2.46980236236784e-06    1.88061892739801e-06    2.10315945611936e-05
213.499999999951    5.7844900107998e-06    1.44321592668273e-06    5.62695647778762e-06    3.75096362286258e-06    2.45258854374802e-06    1.86900738118767e-06    2.09272219630684e-05
213.99999999995    5.75637162602882e-06    1.43389020289696e-06    5.60633069027733e-06    3.73102474499244e-06    2.44406563726317e-06    1.85180617622232e-06    2.0823489077681e-05
214.49999999995    5.70432334998803e-06    1.43259572957302e-06    5.56943379522765e-06    3.71800282575515e-06    2.44487687876418e-06    1.85143051955892e-06    2.0720663098867e-05
214.999999999949    5.68426067204271e-06    1.4241885234477e-06    5.52943629211076e-06    3.70482901449096e-06    2.43689898073022e-06    1.8390913014315e-06    2.06187047842539e-05
215.499999999949    5.67257325329811e-06    1.41146967114985e-06    5.49752728246774e-06    3.68833178185956e-06    2.42307075105653e-06    1.82449173336423e-06    2.0517464473196e-05
215.999999999949    5.63818437789131e-06    1.40321883564614e-06    5.47323183109394e-06    3.66842746175129e-06    2.41362397374532e-06    1.82026766182605e-06    2.04169541419541e-05
216.499999999948    5.60941041369501e-06    1.39470035360599e-06    5.45181775572769e-06    3.64764891297341e-06    2.40551427443916e-06    1.80810782355041e-06    2.03171995339917e-05
216.999999999948    5.57538269087823e-06    1.38582602485197e-06    5.43148400786945e-06    3.62641882155787e-06    2.39686161026336e-06    1.80219360425766e-06    2.02181667596785e-05
217.499999999947    5.55696644582894e-06    1.3772399058258e-06    5.41299342430813e-06    3.60420784139325e-06    2.38613531809366e-06    1.78225849216695e-06    2.01198014276167e-05
217.999999999947    5.52900524756875e-06    1.37038661027244e-06    5.38303121436864e-06    3.58592630382696e-06    2.37958208186913e-06    1.77417829954844e-06    2.00221097574544e-05
218.499999999946    5.49738347833044e-06    1.36343346655862e-06    5.34279542919703e-06    3.57331990873599e-06    2.37488777263028e-06    1.77340374436073e-06    1.99252237998131e-05
218.999999999946    5.47943793923996e-06    1.35313014887132e-06    5.30352564231662e-06    3.56274951494301e-06    2.3643481265273e-06    1.76595557299728e-06    1.98291469448955e-05
219.499999999945    5.45933915321361e-06    1.34222202164007e-06    5.27704599862113e-06    3.548594573781e-06    2.35222812447796e-06    1.75429282065529e-06    1.97337226923891e-05
219.999999999945    5.43000280456105e-06    1.33616889497429e-06    5.2605169303456e-06    3.52999527380415e-06    2.3448921485534e-06    1.73739925401904e-06    1.96389753062575e-05
220.499999999944    5.38882482515441e-06    1.33076913285697e-06    5.24052283889798e-06    3.50638939974424e-06    2.34132879511564e-06    1.73707095797329e-06    1.95449059497425e-05
220.999999999944    5.36432018750003e-06    1.31911509843187e-06    5.2346612786305e-06    3.47891466061993e-06    2.33017880099235e-06    1.72435649786322e-06    1.94515465240379e-05
221.499999999944    5.3534063140958e-06    1.30700002747487e-06    5.21736806644751e-06    3.45730208835645e-06    2.31583179052197e-06    1.70775169585744e-06    1.9358659982754e-05
221.999999999943    5.31032028591818e-06    1.30289621528208e-06    5.18279171921591e-06    3.4478998966813e-06    2.31013137649083e-06    1.71242826429191e-06    1.92664677578802e-05
222.499999999943    5.29636546359174e-06    1.29435142851514e-06    5.13553525244292e-06    3.44574003540448e-06    2.29954702181743e-06    1.70357407652289e-06    1.91751132782946e-05
222.999999999942    5.28418401047273e-06    1.28219273336134e-06    5.09303261922013e-06    3.44103477242523e-06    2.28790685150596e-06    1.69604733385947e-06    1.90843983208449e-05
223.499999999942    5.24823182069082e-06    1.27658091557105e-06    5.07027803817387e-06    3.42771428676116e-06    2.28508489345673e-06    1.68647228136338e-06    1.8994362236017e-05
223.999999999941    5.21664546522977e-06    1.2720620639463e-06    5.0503616523015e-06    3.40584299064492e-06    2.28195021310657e-06    1.67821049304141e-06    1.89050728782705e-05
224.499999999941    5.19366720131915e-06    1.26498328441823e-06    5.0412195757902e-06    3.3779337433748e-06    2.27150274563584e-06    1.66703005951355e-06    1.88163366100518e-05
224.99999999994    5.17828027880048e-06    1.25482008929635e-06    5.03729215827118e-06    3.35060689530351e-06    2.25797910282974e-06    1.64912604977888e-06    1.87281045742801e-05
225.49999999994    5.15414039418413e-06    1.24605778721806e-06    5.02260017543048e-06    3.3305482168961e-06    2.25102735560873e-06    1.63599242065209e-06    1.86403663499896e-05
225.999999999939    5.11432478430236e-06    1.24396860607603e-06    4.98816754703412e-06    3.32103723890857e-06    2.25369506356364e-06    1.63208445027749e-06    1.85532776901622e-05
226.499999999939    5.08026540026208e-06    1.24023368827356e-06    4.94473356208396e-06    3.31801074873843e-06    2.25019420903595e-06    1.63359661806418e-06    1.84670342264582e-05
226.999999999939    5.08785881286568e-06    1.22587196114688e-06    4.9081895242935e-06    3.31265605082805e-06    2.22882228298316e-06    1.61803738385603e-06    1.83814360159733e-05
227.499999999938    5.07528318179229e-06    1.21508872695487e-06    4.87961308543088e-06    3.30191035506006e-06    2.21302753478057e-06    1.61135200849475e-06    1.82962748925134e-05
227.999999999938    5.02936937626165e-06    1.21199489018632e-06    4.86532125890429e-06    3.28359192023049e-06    2.21316408836612e-06    1.60834104754279e-06    1.82117825814917e-05
228.499999999937    4.99872140445078e-06    1.20906050054172e-06    4.85263135078741e-06    3.26105752564234e-06    2.21290911602308e-06    1.59354870174762e-06    1.8127928599193e-05
228.999999999937    4.96918711779791e-06    1.20108696669936e-06    4.84256098915372e-06    3.24023653427662e-06    2.20347678478676e-06    1.58809950167792e-06    1.80446478943923e-05
229.499999999936    4.96722373653079e-06    1.18884577424487e-06    4.82128866823738e-06    3.22479408276411e-06    2.18515624899296e-06    1.57452718759757e-06    1.79618356983677e-05
229.999999999936    4.95409988615868e-06    1.18168022950042e-06    4.78986971611071e-06    3.21466866818201e-06    2.17583621441752e-06    1.5633389035503e-06    1.78794936179196e-05
230.499999999935    4.90032496159077e-06    1.17965069384008e-06    4.76217588182178e-06    3.20610801807728e-06    2.17893581400021e-06    1.57067752441649e-06    1.77978728937466e-05
230.999999999935    4.8849634344664e-06    1.17112483224598e-06    4.73894588840436e-06    3.19330951841534e-06    2.17155089457375e-06    1.55703915907396e-06    1.77169337271798e-05
231.499999999934    4.87805512424073e-06    1.16125003682933e-06    4.71662602709223e-06    3.17636448948429e-06    2.15809146893625e-06    1.54604260844614e-06    1.7636429755029e-05
231.999999999934    4.85284014112275e-06    1.15532849855401e-06    4.70127177430692e-06    3.15796450673885e-06    2.1503460733123e-06    1.53870297122804e-06    1.75564539652629e-05
232.499999999934    4.82943632837512e-06    1.15122163422377e-06    4.67965602463233e-06    3.14033586651964e-06    2.14618608818698e-06    1.53019318920341e-06    1.74770291311412e-05
232.999999999933    4.79737734776999e-06    1.14623324680377e-06    4.66273676508396e-06    3.12621616694425e-06    2.14263575846192e-06    1.52295382485809e-06    1.7398153109922e-05
233.499999999933    4.77746607386238e-06    1.13603265620033e-06    4.63785188156546e-06    3.11673359716115e-06    2.13256978012015e-06    1.51922516836266e-06    1.73198791572721e-05
233.999999999932    4.77474768427399e-06    1.12660723947096e-06    4.6120862038283e-06    3.10859198830351e-06    2.11955441448749e-06    1.50045799681112e-06    1.72420455271754e-05
234.499999999932    4.73697371347341e-06    1.12654990138851e-06    4.58976123635459e-06    3.09944483670755e-06    2.11766596841227e-06    1.49434589117247e-06    1.71647415475088e-05
234.999999999931    4.69903240063739e-06    1.12305454514244e-06    4.56830834719492e-06    3.08647905417933e-06    2.11449644108934e-06    1.49673385894917e-06    1.70881046471926e-05
235.499999999931    4.7051116311457e-06    1.10937915894451e-06    4.5455391684478e-06    3.06997333874969e-06    2.0993970065754e-06    1.4825295750185e-06    1.70119298788816e-05
235.99999999993    4.69079183071296e-06    1.10009694184034e-06    4.52383326722921e-06    3.05386833408719e-06    2.08855411917228e-06    1.47906077537678e-06    1.69362052684188e-05
236.49999999993    4.65600878479806e-06    1.10158845571998e-06    4.51022582073628e-06    3.03856259723746e-06    2.08764053170339e-06    1.46694195711153e-06    1.68609681473067e-05
236.999999999929    4.61849843885694e-06    1.0996989955514e-06    4.4922100865273e-06    3.02499622365399e-06    2.08688167914315e-06    1.46403566784911e-06    1.67863210915819e-05
237.499999999929    4.61832021688524e-06    1.08608243255484e-06    4.47559899498876e-06    3.0099421482328e-06    2.07391275582169e-06    1.44831060983983e-06    1.67121671583232e-05
237.999999999929    4.60047610623624e-06    1.07654211096573e-06    4.45436542775119e-06    2.99567225299345e-06    2.06295793416195e-06    1.44837856643208e-06    1.66383923985406e-05
238.499999999928    4.57737966222698e-06    1.07566765943803e-06    4.42828599322375e-06    2.98494752370068e-06    2.05866809246045e-06    1.44020765477634e-06    1.65651565858262e-05
238.999999999928    4.54851941851737e-06    1.07363816448205e-06    4.40328836457111e-06    2.97856691874193e-06    2.05523332909905e-06    1.43322071118898e-06    1.64924669066005e-05
239.499999999927    4.53089299527287e-06    1.06394166160848e-06    4.37896012998277e-06    2.97285926455594e-06    2.04625351511844e-06    1.4274019097419e-06    1.64203094762804e-05
239.999999999927    4.51816201801044e-06    1.0524252252288e-06    4.35956179142e-06    2.96187362025418e-06    2.03425099915963e-06    1.42233384030297e-06    1.6348607494376e-05
240.499999999926    4.4982686647573e-06    1.0476519322009e-06    4.35001539894629e-06    2.94353754475342e-06    2.02675507574697e-06    1.41109079793657e-06    1.62773194143414e-05
240.999999999926    4.46528266702808e-06    1.04618332710279e-06    4.33995129482048e-06    2.92239397713358e-06    2.02388331864091e-06    1.40881039197944e-06    1.62065049767053e-05
241.499999999925    4.45349924344304e-06    1.03847119866074e-06    4.3268124578188e-06    2.90361791513978e-06    2.01672925433124e-06    1.39700717424818e-06    1.61361372436418e-05
241.999999999925    4.43411561283525e-06    1.02997226972283e-06    4.3058495665079e-06    2.89072455605628e-06    2.00958773235316e-06    1.39593552938123e-06    1.60661852668567e-05
242.499999999924    4.41281479312461e-06    1.02489570226812e-06    4.28563853254558e-06    2.88244786431539e-06    2.00222569551385e-06    1.3887142388133e-06    1.59967368265808e-05
242.999999999924    4.39757548266153e-06    1.01913772459249e-06    4.26148589961134e-06    2.87713410658513e-06    1.99394940183868e-06    1.37844299083644e-06    1.59277256061256e-05
243.499999999924    4.38392844055428e-06    1.01405987973822e-06    4.23012135928003e-06    2.87218205990656e-06    1.98891024526637e-06    1.36998257400886e-06    1.58591845587543e-05
243.999999999923    4.35515156119574e-06    1.01128461662542e-06    4.1993212624306e-06    2.86380018965852e-06    1.98727638841756e-06    1.37434595766644e-06    1.57911799759943e-05
244.499999999923    4.34075179554091e-06    1.0037746393189e-06    4.18580007256257e-06    2.84789741653223e-06    1.97883372390479e-06    1.36662598180368e-06    1.57236836296631e-05
244.999999999922    4.33384002035686e-06    9.95411435100981e-07    4.1808753435526e-06    2.82754087083962e-06    1.96773245473265e-06    1.35108441148203e-06    1.56564845360647e-05
245.499999999922    4.30697723124834e-06    9.92830991750458e-07    4.17400188977163e-06    2.80898486704834e-06    1.96475012285037e-06    1.34211495653294e-06    1.55896600592021e-05
245.999999999921    4.2729259333732e-06    9.91022467368731e-07    4.15645949762026e-06    2.7960916130188e-06    1.96441839246077e-06    1.342383079636e-06    1.55233009834778e-05
246.499999999921    4.2680353651283e-06    9.82715624076804e-07    4.1314826990237e-06    2.78726761526297e-06    1.95458075912128e-06    1.33335025457546e-06    1.54574323171885e-05
246.99999999992    4.25760637373148e-06    9.74258944321836e-07    4.10707110599925e-06    2.7795330951468e-06    1.94284984108436e-06    1.33058913016093e-06    1.53919084904447e-05
247.49999999992    4.2426333449407e-06    9.68655039765641e-07    4.08354334713165e-06    2.76948722890842e-06    1.93585782973381e-06    1.3266823509085e-06    1.53268591413887e-05
247.999999999919    4.219675546624e-06    9.65708590591227e-07    4.07037973671174e-06    2.75579225199382e-06    1.93432094363088e-06    1.31631181108035e-06    1.5262188880632e-05
248.499999999919    4.1828896754275e-06    9.62752096131546e-07    4.05499542329119e-06    2.74216669645118e-06    1.93290089759334e-06    1.3223244882086e-06    1.51980292771033e-05
248.999999999919    4.19148476007282e-06    9.52248938508829e-07    4.041239143954e-06    2.72798911808033e-06    1.91855649487671e-06    1.30273473586238e-06    1.51342531913551e-05
249.499999999918    4.17651826664426e-06    9.46775402793006e-07    4.025592545271e-06    2.71635996441102e-06    1.91065154005331e-06    1.29482148674879e-06    1.50707192059214e-05
249.999999999918    4.13790178492322e-06    9.47817732720803e-07    4.00891878315557e-06    2.70790292279909e-06    1.91402861851712e-06    1.29109458571018e-06    1.5007664427826e-05
250.499999999917    4.11200518668072e-06    9.44015379889412e-07    3.9869295014169e-06    2.69965862557733e-06    1.90961323043467e-06    1.2929278651905e-06    1.49451497891895e-05
250.999999999917    4.12773985581978e-06    9.32401138871231e-07    3.96382533632199e-06    2.68962063475015e-06    1.89262303775714e-06    1.27672706617669e-06    1.4882937069697e-05
251.499999999916    4.10819970490651e-06    9.26905644578752e-07    3.94498925790443e-06    2.67857351186095e-06    1.88511042300029e-06    1.27727988760606e-06    1.4821058429857e-05
251.999999999916    4.07573080790881e-06    9.26938130747187e-07    3.93402455442185e-06    2.66628935289927e-06    1.88652948468236e-06    1.27010349325725e-06    1.47596158239167e-05
252.499999999915    4.05236581022204e-06    9.2349977661385e-07    3.91695868296277e-06    2.65565319838171e-06    1.8844336401143e-06    1.26571066350886e-06    1.46986217718035e-05
252.999999999915    4.04805140673063e-06    9.15940804920832e-07    3.89869775660868e-06    2.64759741123901e-06    1.87428057813889e-06    1.25340899601303e-06    1.46379769536511e-05
253.499999999914    4.02722809669873e-06    9.09156959204842e-07    3.88176163930656e-06    2.64077280730365e-06    1.86422775748679e-06    1.25455687778212e-06    1.45777041377827e-05
253.999999999914    4.01620197309882e-06    9.03153268589201e-07    3.86822211455759e-06    2.6309990336162e-06    1.85559430559053e-06    1.24360855860186e-06    1.45177792540542e-05
254.499999999914    3.99325795941692e-06    8.99811131624437e-07    3.85980578288399e-06    2.61821696044227e-06    1.85282696734033e-06    1.23428779308224e-06    1.44582065947902e-05
254.999999999913    3.96721462409773e-06    8.97992076988399e-07    3.84845133759571e-06    2.60342412226147e-06    1.85271965658128e-06    1.22920765983652e-06    1.43990094773611e-05
255.499999999913    3.95513206203373e-06    8.94129689706659e-07    3.83003707170281e-06    2.58868595843671e-06    1.84757040814617e-06    1.22465236239395e-06    1.434020755242e-05
255.999999999912    3.94689426513574e-06    8.86976571664014e-07    3.81282467974055e-06    2.57615911054173e-06    1.83710438438068e-06    1.22178609059958e-06    1.42817451020623e-05
256.499999999912    3.93809665409659e-06    8.80210372277316e-07    3.79055472949136e-06    2.56863188865272e-06    1.82741508568479e-06    1.21870625328116e-06    1.42236149834839e-05
256.999999999911    3.92276175618135e-06    8.76547770174062e-07    3.76554965660369e-06    2.56566113784577e-06    1.82319503050793e-06    1.21214994816749e-06    1.41658652994803e-05
257.499999999911    3.88896410214006e-06    8.75300267335227e-07    3.74627184310379e-06    2.56165669407908e-06    1.8232481355243e-06    1.21309527280308e-06    1.41085363149855e-05
257.99999999991    3.87790074963982e-06    8.69125723670088e-07    3.7385808013864e-06    2.55121352946583e-06    1.81454662126561e-06    1.20026705968565e-06    1.40516344851134e-05
258.49999999991    3.8714417656676e-06    8.60960987524737e-07    3.7344373722085e-06    2.53559238747982e-06    1.80217691220169e-06    1.19031879635308e-06    1.39949282214354e-05
258.999999999909    3.85320635938627e-06    8.56743126851855e-07    3.72562083079692e-06    2.52070077191303e-06    1.79809273257084e-06    1.18415489506546e-06    1.39385187165844e-05
259.499999999909    3.82286528786919e-06    8.55472176742029e-07    3.7064527778484e-06    2.51191864174217e-06    1.80024973165183e-06    1.18552552114495e-06    1.38824841369986e-05
259.999999999909    3.80840310235446e-06    8.50699651601884e-07    3.68078323265217e-06    2.5072405057675e-06    1.79437212274e-06    1.1854289396081e-06    1.38269275547241e-05
260.499999999908    3.81552511111004e-06    8.42678290975276e-07    3.66238914407163e-06    2.5015672332475e-06    1.77978606669633e-06    1.16968111903617e-06    1.3771626965137e-05
260.999999999908    3.79207796254257e-06    8.38849549583236e-07    3.64638917206611e-06    2.49372922979534e-06    1.77357395791268e-06    1.17201578049899e-06    1.37166356523989e-05
261.499999999907    3.77102354589116e-06    8.35886228690616e-07    3.64273109194049e-06    2.48168221820172e-06    1.77275551539877e-06    1.15791224568986e-06    1.36619908458126e-05
261.999999999907    3.74488424526632e-06    8.34166860932475e-07    3.63410267779669e-06    2.46877103479903e-06    1.77338669608198e-06    1.15235671617117e-06    1.36076682310477e-05
262.499999999906    3.73154793913932e-06    8.30282857921246e-07    3.61834295692338e-06    2.45706800143209e-06    1.76744935686343e-06    1.14901904801692e-06    1.35537101602964e-05
262.999999999906    3.72795519164691e-06    8.22971886293694e-07    3.60028040277185e-06    2.4470832402762e-06    1.75465012339594e-06    1.14709755315717e-06    1.35000383975418e-05
263.499999999905    3.72407185089964e-06    8.16851338099077e-07    3.58176534704793e-06    2.43844676558776e-06    1.74386759169316e-06    1.1416460367671e-06    1.34466489300947e-05
263.999999999905    3.70347826480211e-06    8.1330452443221e-07    3.56595713145583e-06    2.43096606960984e-06    1.74246948744295e-06    1.13739768715284e-06    1.33935731648958e-05
264.499999999904    3.67611671340295e-06    8.11887830264598e-07    3.55137216114231e-06    2.42453106104292e-06    1.74597946157183e-06    1.13099111670149e-06    1.33408783441261e-05
264.999999999904    3.6503941890908e-06    8.10270045013557e-07    3.53582315388984e-06    2.41717707211359e-06    1.74340917482293e-06    1.13149185411419e-06    1.32885654890449e-05
265.499999999904    3.65558953727145e-06    8.03039491435984e-07    3.52339039680951e-06    2.40617571521798e-06    1.72667214224669e-06    1.12169394158825e-06    1.32365612245699e-05
265.999999999903    3.65730451293951e-06    7.93756118389252e-07    3.51203194551329e-06    2.3930153403796e-06    1.71104607844297e-06    1.11756211312675e-06    1.31847161087914e-05
266.499999999903    3.63795956675607e-06    7.90299887491165e-07    3.50033809725245e-06    2.38041553073749e-06    1.71205036700101e-06    1.11207514955258e-06    1.31331385987908e-05
266.999999999902    3.59269769702952e-06    7.93036984409648e-07    3.4893731873914e-06    2.37061003757823e-06    1.7219658661717e-06    1.11430126801673e-06    1.30819850405972e-05
267.499999999902    3.57900920743556e-06    7.90701823314998e-07    3.4764186085977e-06    2.36279447433005e-06    1.71677779779072e-06    1.10551337473062e-06    1.30312152861997e-05
267.999999999901    3.59694648841028e-06    7.80783779494055e-07    3.45751477910869e-06    2.35713120498905e-06    1.69801817558927e-06    1.09024175476875e-06    1.29806361823601e-05
268.499999999901    3.58581362028039e-06    7.7432780441879e-07    3.43101213032463e-06    2.3523989326586e-06    1.68951612850387e-06    1.0972283760841e-06    1.29302969922704e-05
268.9999999999    3.56084897117986e-06    7.74864090773213e-07    3.41658337882629e-06    2.34327574974267e-06    1.69366623963473e-06    1.09107903570693e-06    1.28803174658637e-05
269.4999999999    3.5285299561896e-06    7.75390023978157e-07    3.40255319327893e-06    2.32961066686005e-06    1.69647294320511e-06    1.09820046416089e-06    1.28307572476727e-05
269.999999999899    3.53780887086736e-06    7.67762741115696e-07    3.40292710761813e-06    2.3130668771047e-06    1.68401420730205e-06    1.07584470629027e-06    1.27814245102982e-05
270.499999999899    3.52384636295539e-06    7.60648104794025e-07    3.39910327201658e-06    2.30089033699358e-06    1.6741947641371e-06    1.07354781135534e-06    1.2732230652252e-05
270.999999999899    3.50650253008757e-06    7.58001532347392e-07    3.38479212776268e-06    2.29442361248876e-06    1.6719190780931e-06    1.06770468760525e-06    1.26833435683848e-05
271.499999999898    3.48387824964569e-06    7.57964423456911e-07    3.36266185359111e-06    2.29069123505593e-06    1.67323029362318e-06    1.06634945520781e-06    1.26347755105806e-05
271.999999999898    3.47276673504499e-06    7.54788129248383e-07    3.34075809118213e-06    2.28582742946224e-06    1.66917662316962e-06    1.0632680017107e-06    1.25865850098181e-05
272.499999999897    3.47168824904657e-06    7.48525325669362e-07    3.32588180660153e-06    2.27827830838928e-06    1.65901501758442e-06    1.05524576472208e-06    1.25386344720132e-05
272.999999999897    3.45693976629286e-06    7.43605942685184e-07    3.31117184983911e-06    2.27026982564162e-06    1.65174495435943e-06    1.05721569860131e-06    1.24909480374195e-05
273.499999999896    3.44279255636171e-06    7.40542653219805e-07    3.29884005902772e-06    2.26120121002094e-06    1.64751600359655e-06    1.05264865777807e-06    1.24435411400048e-05
273.999999999896    3.42753512807695e-06    7.37365251881356e-07    3.29240071187352e-06    2.25042458133576e-06    1.64421857766953e-06    1.04447373317519e-06    1.23964179840123e-05
274.499999999895    3.41093558902819e-06    7.34688267233e-07    3.28511724740399e-06    2.2395091648126e-06    1.64148262175486e-06    1.03779039282317e-06    1.23495232830558e-05
274.999999999895    3.39943641139592e-06    7.31927470557268e-07    3.27234321104708e-06    2.22994813978326e-06    1.63791132641495e-06    1.03134684922116e-06    1.23029134084196e-05
275.499999999894    3.38611491806202e-06    7.2787508872221e-07    3.25505792149194e-06    2.22203610709072e-06    1.6327269806188e-06    1.03275529881531e-06    1.2256566314801e-05
275.999999999894    3.37503982577093e-06    7.22774990628049e-07    3.24329521696035e-06    2.21372431915213e-06    1.62453748295054e-06    1.03114072861294e-06    1.22105125640749e-05
276.499999999894    3.37118563078434e-06    7.17845399783692e-07    3.23324617817644e-06    2.20515496803998e-06    1.61586411036055e-06    1.02136526970474e-06    1.21646615568497e-05
276.999999999893    3.35350723742811e-06    7.1585316349627e-07    3.21712979456124e-06    2.19786045779381e-06    1.61367553507851e-06    1.02104438770291e-06    1.21190705760608e-05
277.499999999893    3.33536267729981e-06    7.13359785283539e-07    3.20307985961168e-06    2.18970237670321e-06    1.6131578525526e-06    1.01912682281773e-06    1.20737893742686e-05
277.999999999892    3.32176921609083e-06    7.09497541383299e-07    3.19661066260887e-06    2.17993053444458e-06    1.60810955521388e-06    1.01286360314169e-06    1.20287811128831e-05
278.499999999892    3.31936880651301e-06    7.05773247776663e-07    3.18901158298802e-06    2.17145539698731e-06    1.6002209426201e-06    9.98124916690768e-07    1.19839548935759e-05
278.999999999891    3.30156036416657e-06    7.0364892085857e-07    3.16725312269963e-06    2.16713198283389e-06    1.59754617396509e-06    1.0022409870131e-06    1.19393815515368e-05
279.499999999891    3.29439013909952e-06    7.00772718720111e-07    3.14694798936207e-06    2.16334990888745e-06    1.59581925201262e-06    9.93834021656545e-07    1.18951140297383e-05
279.99999999989    3.27444701258312e-06    6.98680107460176e-07    3.13087577102096e-06    2.156579480275e-06    1.59440475044373e-06    9.96141625181097e-07    1.18511287469641e-05
280.49999999989    3.26968126562568e-06    6.95532882880537e-07    3.12508557795226e-06    2.14502852838022e-06    1.58799759357518e-06    9.84071613093557e-07    1.18073974615074e-05
280.999999999889    3.25562123421474e-06    6.91181790188259e-07    3.12100838742067e-06    2.13235300342403e-06    1.58102651840059e-06    9.82659469409188e-07    1.17638504030575e-05
281.499999999889    3.25188530540132e-06    6.86493877422497e-07    3.11182112091812e-06    2.12183104835628e-06    1.57627414792366e-06    9.72199226301095e-07    1.1720504726323e-05
281.999999999889    3.22947366813911e-06    6.8506190709224e-07    3.09395092999117e-06    2.11533659051856e-06    1.57768739329797e-06    9.75907135488621e-07    1.16774176245277e-05
282.499999999888    3.21350835919275e-06    6.83947546830089e-07    3.07882560700343e-06    2.1103981010804e-06    1.57580377106481e-06    9.7216880636052e-07    1.1634652191532e-05
282.999999999888    3.20477551998158e-06    6.78836381568626e-07    3.06978316306025e-06    2.1045468837645e-06    1.56518497203387e-06    9.68996380689675e-07    1.15921233010985e-05
283.499999999887    3.20886073775919e-06    6.70892223744301e-07    3.06050214556601e-06    2.09757034094459e-06    1.55221569237716e-06    9.59711930372574e-07    1.15497530707638e-05
283.999999999887    3.19008198546084e-06    6.68163257279609e-07    3.05168845416392e-06    2.09119402634575e-06    1.55006739590429e-06    9.56379562418156e-07    1.15075746815726e-05
284.499999999886    3.16121251996595e-06    6.69518670983422e-07    3.03893283378066e-06    2.08522176066025e-06    1.55488429124577e-06    9.55927243906421e-07    1.14656973205425e-05
284.999999999886    3.14485232213653e-06    6.67012047630527e-07    3.02539385929821e-06    2.0783499944423e-06    1.55113351301885e-06    9.5739486158058e-07    1.1424136598107e-05
285.499999999885    3.15677289605029e-06    6.59358051735121e-07    3.01653633805352e-06    2.06916261729049e-06    1.53510200439693e-06    9.45814674524153e-07    1.13827465820505e-05
285.999999999885    3.1521152905194e-06    6.53507147060815e-07    3.00697547912057e-06    2.05983829377802e-06    1.52572319368162e-06    9.43310214925746e-07    1.13414696190862e-05
286.499999999884    3.12356339701452e-06    6.53090980804722e-07    2.9964669813464e-06    2.05240998540795e-06    1.52893334855143e-06    9.46003533888717e-07    1.13004682270137e-05
286.999999999884    3.10240940956219e-06    6.53173779152869e-07    2.9899028163024e-06    2.0463886218432e-06    1.5311964056418e-06    9.36675420589961e-07    1.12597464530924e-05
287.499999999884    3.09621611529067e-06    6.49295925089088e-07    2.97574776447806e-06    2.04200871258562e-06    1.52498407299854e-06    9.31006784618583e-07    1.12192593750606e-05
287.999999999883    3.09694005066574e-06    6.43684112518021e-07    2.95977197588869e-06    2.03724664333183e-06    1.51492896251486e-06    9.26376612252684e-07    1.11789483571718e-05
288.499999999883    3.08651266994875e-06    6.40300343374434e-07    2.94415718716291e-06    2.0298448262538e-06    1.51003145775954e-06    9.28007984552586e-07    1.1138854469052e-05
288.999999999882    3.06879449131845e-06    6.38512668707527e-07    2.93722907444678e-06    2.01895022801461e-06    1.50861577237462e-06    9.26910402995262e-07    1.10990126378572e-05
289.499999999882    3.06171208724066e-06    6.36686607056414e-07    2.93401970327248e-06    2.00696601537067e-06    1.50611317379116e-06    9.13860320597283e-07    1.10593579073287e-05
289.999999999881    3.04137084544091e-06    6.34405319483291e-07    2.92517961991207e-06    1.99862673845214e-06    1.50455417262962e-06    9.15769928260368e-07    1.10199066241784e-05
290.499999999881    3.0349394909768e-06    6.29881719569618e-07    2.91408286020058e-06    1.99414913416588e-06    1.49811984418001e-06    9.09522531020839e-07    1.09806955801137e-05
290.99999999988    3.03339811442051e-06    6.25873746902891e-07    2.89637035115519e-06    1.99208345768379e-06    1.49062460721424e-06    9.03302323656052e-07    1.09416526010327e-05
291.49999999988    3.01699284425306e-06    6.24179445714517e-07    2.87978020275692e-06    1.98942802847355e-06    1.48821210495938e-06    9.04264350446841e-07    1.09028569766043e-05
291.999999999879    3.00609973954426e-06    6.22382861553645e-07    2.86995580658288e-06    1.98322942599081e-06    1.48724505072028e-06    8.95367806264972e-07    1.08642806906568e-05
292.499999999879    2.98586300021991e-06    6.20274114982837e-07    2.85895149833105e-06    1.97402949451859e-06    1.48523039885259e-06    9.01606046555961e-07    1.08259545534609e-05
292.999999999879    2.9879384875842e-06    6.15863194334902e-07    2.85683107761985e-06    1.96211290539449e-06    1.4759044873395e-06    8.89155005091809e-07    1.07878051573647e-05
293.499999999878    2.97921835864521e-06    6.11841383907393e-07    2.85144881627332e-06    1.95203700451616e-06    1.46870925792058e-06    8.86526809299846e-07    1.07497816305625e-05
293.999999999878    2.96100713704544e-06    6.09570429097343e-07    2.84227153185017e-06    1.94602845089747e-06    1.46673262510558e-06    8.86361542459793e-07    1.07119717164558e-05
294.499999999877    2.95034732863446e-06    6.07391114551559e-07    2.82758970483894e-06    1.94307293487902e-06    1.46467046091705e-06    8.81321497339488e-07    1.06743930411605e-05
294.999999999877    2.94125101773502e-06    6.04633088587949e-07    2.81345617316314e-06    1.94034687728977e-06    1.46134338482018e-06    8.75993500841728e-07    1.06370240424378e-05
295.499999999876    2.92849336081593e-06    6.01713023388331e-07    2.80414502685167e-06    1.93529794587221e-06    1.45758132365021e-06    8.72630948898501e-07    1.05998616294769e-05
295.999999999876    2.92081831706944e-06    5.9853135677265e-07    2.79396145574956e-06    1.92776623934937e-06    1.45255479570601e-06    8.69264548863377e-07    1.05628967135104e-05
296.499999999875    2.90960743500619e-06    5.95595793992528e-07    2.78445199747518e-06    1.91852050215537e-06    1.44734865444706e-06    8.70595182100563e-07    1.05261195651769e-05
296.999999999875    2.9033465275055e-06    5.92332868838757e-07    2.77605697680484e-06    1.90881219046376e-06    1.44090405616423e-06    8.68087179379977e-07    1.04895397991571e-05
297.499999999874    2.89813094667049e-06    5.88909388463713e-07    2.7702938418346e-06    1.90030059098448e-06    1.43589733314871e-06    8.59573692603494e-07    1.04531057937055e-05
297.999999999874    2.87864095636953e-06    5.87267645877972e-07    2.75857881084258e-06    1.89460664360811e-06    1.43604283709387e-06    8.61737851183179e-07    1.04168747449752e-05
298.499999999874    2.86842346808514e-06    5.8604066545284e-07    2.74862163095068e-06    1.89062530564124e-06    1.43475713536876e-06    8.52397390084273e-07    1.03808655955829e-05
298.999999999873    2.85547148777168e-06    5.83454321636362e-07    2.7354810876907e-06    1.88784359675402e-06    1.4302233933725e-06    8.52585047949204e-07    1.03450589351745e-05
299.499999999873    2.85431023859032e-06    5.78531235496212e-07    2.72396270300538e-06    1.88486848770221e-06    1.42195146207019e-06    8.45807421443449e-07    1.03094315483078e-05
