#t    E^kin_scal0    E^grad_scal0    E^kin_scal1    E^grad_scal1    Vpot_term_0    Vpot_term_1    E_tot
0    0.0286919330345963    6.83212497773708e-08    1.41365229160906e-06    5.05050724593729e-09    0.0573836396071583    1.45285625330095e-06    0.0860785125220565
0.5    0.0292174008597489    5.79218585072429e-08    9.1857071860114e-07    3.9884106751688e-09    0.0421608799579894    1.07191046476399e-06    0.0713803332091908
1    0.0288896786100916    4.42762188770457e-08    6.35557331108005e-07    2.94696542162323e-09    0.0280087174446809    6.95330232795831e-07    0.0568997741655208
1.49999999999999    0.0273346181324054    3.16878995590982e-08    4.41644978790917e-07    2.26765330420683e-09    0.0161211455922585    4.20376182058117e-07    0.0434566597013776
1.99999999999998    0.0243617761792305    2.35241576231257e-08    2.37999883979796e-07    2.38798476747164e-09    0.00753587297291461    3.07454508991172e-07    0.0318982205186805
2.49999999999997    0.0202303461686988    1.78866750810766e-08    1.66886514672385e-07    1.8976179917499e-09    0.00256853359890482    1.51844043554958e-07    0.0227992182824549
2.99999999999996    0.0157103886668811    1.40788333996985e-08    8.72996447767818e-08    2.31673336885903e-09    0.000509508042261682    8.04935580507481e-08    0.0162200808979124
3.49999999999995    0.0117113762956947    1.13157544929479e-08    3.4486177136254e-08    3.66081358864143e-09    2.82071291222148e-05    3.11845889207338e-08    0.0117396640721511
3.99999999999994    0.0087365146129291    9.26038629941434e-09    8.37130861976978e-09    1.0047324788813e-08    6.37042654962577e-10    4.51359120382003e-10    0.00873654338035059
4.49999999999993    0.00663066095648787    7.72728036482822e-09    2.89372749665636e-08    2.25854313755007e-09    4.72050821284224e-05    2.50744984611767e-08    0.00667793003621322
4.99999999999992    0.00463274824569951    6.55015853554948e-09    4.42357220906323e-08    1.08123328878077e-09    0.00064040113517284    4.34077516982376e-08    0.00527324465573797
5.4999999999999    0.00196536816187477    5.61083071891908e-09    5.07005458793824e-08    6.62829670648601e-10    0.00252660250941927    5.58142510895944e-08    0.0044920834597514
5.99999999999989    2.66419572118917e-05    4.79531131874322e-09    5.21442988538085e-08    4.94596963283271e-10    0.0042839277795481    5.44163582997895e-08    0.00431068158732543
6.49999999999988    0.00113013449497252    4.08429785889245e-09    4.32873741441156e-08    4.34523552922696e-10    0.00309350776448288    4.48203024005877e-08    0.00422373488595336
6.99999999999987    0.0027405001184276    3.49234080138416e-09    2.89858257011346e-08    4.51622144491901e-10    0.000997684918398544    3.17741125826023e-08    0.00373824974072737
7.49999999999986    0.00292693893849768    3.01620718250398e-09    1.70699476304146e-08    5.68843386750455e-10    0.000142977479034406    1.74963806205968e-08    0.00306995456891091
7.99999999999985    0.00248448390111815    2.62398073564601e-09    7.28889903324292e-09    1.01303536836855e-09    4.35982482495446e-06    6.203027285856e-09    0.00248886085488553
8.49999999999993    0.00203923103558257    2.29515159287825e-09    2.48570495725417e-09    2.24740337334265e-09    1.11844412745642e-08    9.89398883597102e-10    0.00203925023768265
9.00000000000001    0.00167966257683185    2.02545257157194e-09    8.03112179900167e-09    5.58563016306042e-10    1.25064435403593e-05    8.39991671448991e-09    0.00169218803542631
9.50000000000009    0.00131710991411146    1.80831882453459e-09    1.36389592087875e-08    2.92197863101264e-10    0.000110065844704448    1.29473021387291e-08    0.00142720444559395
10.0000000000002    0.000876467877553083    1.60842089941597e-09    1.67892738004091e-08    1.86639476087125e-10    0.000365451108438625    1.70509017914385e-08    0.00124195462122767
10.5000000000002    0.000400004692877651    1.44654317781881e-09    1.80078445375667e-08    1.37048267871453e-10    0.000738446203957452    1.99699325633523e-08    0.00113849045820365
11.0000000000003    6.14338014680937e-05    1.29674423709353e-09    1.79793710103657e-08    1.10842612087321e-10    0.00104288584174928    2.0654702501719e-08    0.00110435968487774
11.5000000000004    2.5975799476835e-05    1.15753602567223e-09    1.61817739255352e-08    9.68229251293306e-11    0.00107573486912624    1.978895495581e-08    0.00110174789369091
12.0000000000005    0.000265872141227522    1.03424325275122e-09    1.42206782111546e-08    8.99380693034185e-11    0.000813642956275226    1.62300997011987e-08    0.00107954667246198
12.5000000000006    0.000567365102044116    9.27314880542962e-10    1.08669677790803e-08    9.05184938708887e-11    0.000440094879432374    1.27118312038084e-08    0.00100748457810885
13.0000000000006    0.000736817513491396    8.2703823163191e-10    8.14471288815485e-09    9.99433163673256e-11    0.000158819111543163    8.22920609683777e-09    0.000895653925935092
13.5000000000007    0.000742982389729616    7.44476009041107e-10    4.92856324955542e-09    1.30427427331564e-10    3.15281200399812e-05    4.90857080613561e-09    0.000774521221807089
14.0000000000008    0.000664197706887664    6.69411383152632e-10    2.26743833418836e-09    2.35351189117139e-10    1.64686037578213e-06    1.98556631840291e-09    0.000665849725030671
14.5000000000009    0.000575302880708829    6.09171859267225e-10    6.10575769556807e-10    6.88881886237855e-10    1.69014831400829e-10    8.10532036312755e-11    0.000575305039406379
15.0000000000009    0.000497098116012778    5.55046122986618e-10    2.7703600537818e-09    1.68266199482273e-10    3.4236541207892e-06    2.31590085471661e-09    0.000500527579706799
15.500000000001    0.000395825783336344    5.08655853845342e-10    4.9678245963567e-09    8.55311451974927e-11    4.4511409513196e-05    3.81142553383545e-09    0.000440346566286669
16.0000000000011    0.000219221399185455    4.66433518391224e-10    5.84716867532569e-09    5.62748240434673e-11    0.000180599525203934    5.63759629455503e-09    0.000399832931862701
16.500000000001    2.99070029991532e-05    4.26975666513078e-10    6.74057368778616e-09    4.42407922928715e-11    0.000355040351118995    5.81808839938751e-09    0.000384960383996694
17.0000000000009    3.42897999860409e-05    3.89512294160652e-10    5.05430575348092e-09    4.02165565545875e-11    0.0003492474165323    6.82263847288006e-09    0.000383549523191418
17.5000000000008    0.000196087414694743    3.57660741264283e-10    4.15788005515987e-09    4.18158774852199e-11    0.000172721276878745    5.25964078786661e-09    0.00036881850857095
18.0000000000007    0.000292950714390548    3.29227968686361e-10    3.02468551220211e-09    5.09405453019094e-11    4.30878234220201e-05    3.31414183735938e-09    0.000336045256808432
18.5000000000006    0.000294592408129178    3.02865707375429e-10    1.85195370799118e-09    7.69941196634752e-11    4.15699240665794e-06    1.52578741989738e-09    0.000298753158136791
19.0000000000005    0.000265089394900522    2.79032487849005e-10    5.02123891943813e-10    2.05022577955018e-10    1.51844632996313e-08    3.16787478856438e-10    0.000265105882330258
19.5000000000004    0.000236053142827807    2.60186895877974e-10    7.17063480148562e-10    1.28425037958996e-10    1.7470471068931e-07    1.33869097885505e-09    0.000236230291904889
20.0000000000003    0.000205575142334009    2.40370740646753e-10    2.73467188057719e-09    5.25852666871651e-11    6.03596943711953e-06    2.01058275216759e-09    0.000211616149981769
20.5000000000002    0.000159063451367946    2.23385878899137e-10    2.26225379112051e-09    3.28708275258826e-11    3.27590168967476e-05    4.82819235747579e-09    0.000191829814967548
21.0000000000001    9.04822250533474e-05    2.08644099138106e-10    3.73381517412938e-09    2.37490331434316e-11    8.81254364605242e-05    4.96004814845862e-09    0.000178616587770326
21.5    2.32300082831552e-05    1.94354483076003e-10    3.00132649622454e-09    1.94065742878157e-11    0.00014968013501677    6.69999723976073e-09    0.000172920058384719
21.9999999999999    6.55403780662829e-07    1.81226768692521e-10    5.17489106038948e-09    1.68672840894415e-11    0.000171546261676301    4.0178124986631e-09    0.000172211056254576
22.4999999999998    3.64041760706711e-05    1.69838493664331e-10    5.0857622881261e-09    1.60360933076371e-11    0.000134235747101869    3.01219695686365e-09    0.000170648207006372
22.9999999999997    9.31780071385095e-05    1.57579639101924e-10    2.93757062465869e-09    1.75567325612261e-11    7.04902338667825e-05    3.69838046298163e-09    0.000163675052092751
23.4999999999996    0.000128475542062119    1.46944072768476e-10    2.24349482942481e-09    2.09011921576138e-11    2.32050075832443e-05    2.44008594540765e-09    0.000151685401071403
23.9999999999995    0.000134177556051216    1.37643284110017e-10    1.63649828355082e-09    2.91054371200055e-11    3.78179173210195e-06    1.12631598749963e-09    0.00013796227734631
24.4999999999994    0.000124884606787604    1.28860262248705e-10    4.70425206463562e-10    6.25494237403038e-11    1.00877847774222e-07    5.64978615534988e-10    0.000124986711448887
24.9999999999993    0.000113481511382786    1.21429966366507e-10    2.66286904894123e-10    1.18601036204226e-10    5.42057295406458e-09    5.98219251561905e-10    0.000113488036492899
25.4999999999992    0.000101899282519257    1.13106235996868e-10    9.54174084728799e-10    3.60354668582763e-11    1.48951502753765e-06    2.22678590870857e-09    0.000103392127648491
25.9999999999991    8.15199166265124e-05    1.0624652493377e-10    3.97354304587338e-09    1.71783511655787e-11    1.34206400506418e-05    1.18567929713221e-09    9.49458393243734e-05
26.499999999999    4.29137168144926e-05    1.00099881669614e-10    5.05861707193978e-09    1.21460120912707e-11    4.63713364673094e-05    1.50506338823033e-09    8.9291729208156e-05
26.9999999999989    4.61542258223821e-06    9.43842343925432e-11    4.08846788777487e-09    1.09398831780272e-11    8.2745741838188e-05    3.22074026928469e-09    8.73685789527009e-05
27.4999999999988    9.05506472319373e-06    8.86591147547786e-11    4.89930930133248e-09    9.69911998197042e-12    7.80857722352197e-05    1.87105231935334e-09    8.71477056782689e-05
27.9999999999987    4.56146054504856e-05    8.40621778433673e-11    1.68310633853661e-09    1.19635891138029e-11    3.91142826011859e-05    4.06100861312057e-09    8.47347281923901e-05
28.4999999999986    6.92053123410148e-05    7.92496244631069e-11    8.49845432662024e-10    1.51132633234914e-11    1.02282254984301e-05    3.10964005932092e-09    7.94375916878247e-05
28.9999999999985    7.21206756777111e-05    7.4794355418414e-11    1.27591578835447e-09    2.16456353385241e-11    1.05407259717832e-06    8.89277098799041e-10    7.31770099077673e-05
29.4999999999984    6.72479163508433e-05    7.05781779746212e-11    4.17772571103645e-10    5.84276429582084e-11    4.53379089904866e-09    1.86371582651795e-10    6.72531832917171e-05
29.9999999999983    6.18883320040846e-05    6.71443015819647e-11    2.79969703150677e-10    4.31256900406708e-11    4.28007115444441e-08    1.09885196335911e-09    6.19326218072872e-05
30.4999999999982    5.5575613869703e-05    6.34776961094443e-11    2.11267701047749e-09    1.60900467894481e-11    1.6215809984493e-06    1.14169434952283e-09    5.72005288072552e-05
30.9999999999981    4.40133196851404e-05    6.00103195203338e-11    8.39645901959562e-10    1.10051216710657e-11    9.23480204633623e-06    4.19681688489508e-09    5.32532292097046e-05
31.499999999998    2.49771948183101e-05    5.69464350463476e-11    3.07466653847533e-09    7.55031375282947e-12    2.55791861760122e-05    3.10902739834523e-09    5.05626291850079e-05
31.9999999999979    5.75712986312512e-06    5.43259644246487e-11    2.87304785291128e-09    6.40550457637027e-12    4.36694051276325e-05    4.05439099644714e-09    4.9433523161076e-05
32.4999999999982    5.59268576483525e-07    5.12399906574828e-11    1.85918222990242e-09    5.96367109640743e-12    4.87491674963302e-05    5.17717024009987e-09    4.93155296289454e-05
32.9999999999984    1.2994754248545e-05    4.90781639318557e-11    2.07093386094584e-09    5.85914557448269e-12    3.58709617730367e-05    4.08046627072467e-09    4.88719223590228e-05
33.4999999999987    3.01069745977054e-05    4.67410173140323e-11    3.03646864352095e-09    5.90418819271193e-12    1.70576707494026e-05    1.66981053488696e-09    4.71694042714919e-05
33.9999999999989    3.96086330770298e-05    4.42704939476244e-11    1.19281013527178e-09    8.57812738889531e-12    4.807565959255e-06    2.15006465502452e-09    4.44195947596965e-05
34.4999999999992    4.07730492974736e-05    4.17350279344032e-11    8.68550511910172e-10    1.30752519995124e-11    5.71848714442425e-07    9.99274583762983e-10    4.13468206472917e-05
34.9999999999995    3.84159087947145e-05    3.99045220025432e-11    1.39185521966801e-10    3.87811393644163e-11    3.50312230567012e-09    3.66613005857381e-10    3.84199964012093e-05
35.4999999999997    3.57304415222291e-05    3.8393443862963e-11    3.54440142858754e-10    3.01066165793325e-11    2.18013224798242e-08    5.48548450527921e-10    3.57532143333627e-05
36    3.23121750421045e-05    3.64240172226341e-11    1.33338390109024e-09    9.97797135969178e-12    1.03548735815102e-06    1.05611186279093e-09    3.3350098298008e-05
36.5000000000002    2.473208074991e-05    3.44958914441983e-11    2.90735296081541e-09    5.51506981167174e-12    6.6165756097924e-06    6.37194128208621e-10    3.13522409177527e-05
37.0000000000005    1.11087234475621e-05    3.30544253980533e-11    8.48172562520215e-10    5.85248094141867e-12    1.90006574845583e-05    3.78615612750685e-09    3.01140541677168e-05
37.5000000000007    4.21122114762759e-07    3.17201125282505e-11    1.15546013282773e-09    4.71132743139371e-12    2.93606451166426e-05    3.83124304743626e-09    2.97867903660255e-05
38.000000000001    4.99643292208535e-06    3.02645806856716e-11    1.96077436154777e-09    4.12826422529586e-12    2.46900456311603e-05    2.5408459400287e-09    2.96910145663922e-05
38.5000000000012    1.75725091473759e-05    2.89818521331003e-11    1.02244702713344e-09    5.05952901985918e-12    1.13371859503867e-05    2.62135963212545e-09    2.89133729458031e-05
39.0000000000015    2.47084251193534e-05    2.76393537399134e-11    1.91782586657167e-09    5.33976781651489e-12    2.71987552692776e-06    5.07770560768128e-10    2.743075922183e-05
39.5000000000018    2.54980346669499e-05    2.65320877750933e-11    1.02017762326729e-09    8.66910184762619e-12    2.3242311288262e-07    2.6838365002906e-10    2.57317815422954e-05
40.000000000002    2.4107141671534e-05    2.54305279071709e-11    2.39168867648241e-10    3.08188401679031e-11    1.91837856633627e-10    4.45276175457772e-11    2.41076734552439e-05
40.5000000000023    2.25761706876479e-05    2.43754865609988e-11    2.21104429264774e-09    1.5245377602866e-11    3.58670024995264e-08    3.44527990477503e-10    2.26146328832947e-05
41.0000000000025    2.0400413578862e-05    2.35931250282089e-11    7.34700104833671e-10    1.41587639489696e-11    8.54846877683507e-07    4.98226215671482e-09    2.1261015170696e-05
41.5000000000028    1.58004134692814e-05    2.25815019239797e-11    4.92236844211358e-09    5.56943250385927e-12    4.32273088270417e-06    3.33145342327679e-09    2.01314263247854e-05
42.000000000003    8.20122843933019e-06    2.15468198023733e-11    5.06664616178692e-09    5.26273145333782e-12    1.11811488827397e-05    5.17398282839611e-09    1.93926447606114e-05
42.5000000000033    1.27723894023411e-06    2.05639195831552e-11    3.80715805193777e-09    4.76829723071458e-12    1.7836788546078e-05    7.69569818790983e-09    1.91255556747688e-05
43.0000000000035    7.80331773590837e-07    1.98516583065425e-11    9.29706985154603e-09    2.32353854454028e-12    1.83119301265053e-05    1.04774948197244e-09    1.91026288946265e-05
43.5000000000038    6.75677483529276e-06    1.91241547230335e-11    5.50708341484525e-09    4.03424522170329e-12    1.21249664617551e-05    3.96232949981219e-09    1.88912338683624e-05
44.0000000000041    1.32224588327917e-05    1.83944933388514e-11    6.60606152580339e-09    2.86273906035311e-12    5.03604297573528e-06    5.57661013943964e-10    1.82656867882991e-05
44.5000000000043    1.61920271130667e-05    1.77298307714432e-11    3.63976220583605e-09    4.74977017560852e-12    1.1581261186061e-06    1.21918572755447e-09    1.73550346592071e-05
45.0000000000046    1.62896569989277e-05    1.70336645365272e-11    2.28809355539539e-09    6.85516706648347e-12    8.61761331406062e-08    1.88064130739593e-10    1.6378333178586e-05
45.5000000000048    1.54494283714178e-05    1.62429486774929e-11    1.64134602313542e-10    9.48081963771263e-11    2.4129669134888e-12    7.5173018323345e-11    1.54497811431504e-05
46.0000000000051    1.45376923961177e-05    1.60859069338089e-11    3.91845425363524e-09    1.82498344357954e-11    4.59963731342131e-08    2.01059150814319e-09    1.4589652150755e-05
46.5000000000053    1.29488892139054e-05    1.62877568757433e-11    1.05165557076235e-08    4.66024016793859e-12    8.49058574208869e-07    7.94410371240022e-10    1.38092797021902e-05
47.0000000000056    9.10691246898327e-06    1.54579699588287e-11    1.53410316684607e-08    2.45959376139367e-12    4.06158703257188e-06    5.38473019277811e-10    1.31843969238066e-05
47.5000000000058    3.1356922820247e-06    1.48197683666784e-11    1.40744531913626e-08    3.69121366166711e-12    9.6908830643063e-06    5.12841102296842e-09    1.28457967215274e-05
48.0000000000061    4.30758978256328e-09    1.4002494168883e-11    1.01863454161742e-08    5.16697514510328e-12    1.27626896596924e-05    1.02582884675873e-08    1.2787461052828e-05
48.5000000000064    3.3844271818405e-06    1.34938744282273e-11    1.01822528288829e-08    4.81824484465589e-12    9.31490488881608e-06    8.11600223699721e-09    1.27176486378417e-05
49.0000000000066    8.59754753042763e-06    1.30169333596506e-11    1.19820132868773e-08    2.94680607665572e-12    3.76645248443927e-06    2.0442614519864e-09    1.23780422533452e-05
49.5000000000069    1.10412479853804e-05    1.2702335362798e-11    7.0180895961431e-09    6.4767497395451e-12    7.73616078241721e-07    2.47796051978908e-09    1.18243792928232e-05
50.0000000000071    1.11681036370652e-05    1.2466782825083e-11    2.9174218534807e-09    1.25470676798629e-11    4.52936812936031e-08    1.57294461368855e-09    1.12179126986764e-05
50.5000000000074    1.0637982190766e-05    1.21729469005247e-11    1.02432515142056e-10    8.06897934269022e-11    4.27114244859209e-16    1.35428465404445e-12    1.06381788407332e-05
51.0000000000076    1.0052480786831e-05    1.16898098858822e-11    5.68789467095197e-10    1.37558136265151e-11    4.26145243403227e-08    2.01604789861892e-09    1.00977055941606e-05
51.5000000000079    8.99028561111742e-06    1.16200643938909e-11    3.22870704091671e-09    4.6393650573822e-12    6.0980348201798e-07    1.70985782576772e-09    9.60504391743154e-06
52.0000000000081    6.5909441093033e-06    1.11607521429457e-11    1.50294145063808e-09    4.50252675729503e-12    2.60600958779853e-06    5.69311926148231e-09    9.20416542109284e-06
52.5000000000084    2.9079432906834e-06    1.07273436404156e-11    6.51198716816303e-09    1.98257308152406e-12    6.04700624010745e-06    1.71843368645415e-09    8.96319266156219e-06
53.0000000000087    1.85615182137646e-07    1.023822313064e-11    6.89731702128663e-09    1.7498151869669e-12    8.70178172123845e-06    1.84706908251915e-09    8.89615327751822e-06
53.5000000000089    9.01345471450385e-07    9.81616698687432e-12    6.14078691053009e-09    1.90597891195245e-12    7.97450477141953e-06    2.27652828425098e-09    8.88427928021059e-06
54.0000000000092    4.11694106661817e-06    9.5487389132807e-12    1.51528639863147e-09    3.47066469542467e-12    4.63684696972318e-06    6.10472824664997e-09    8.76142107039025e-06
54.5000000000094    6.83304600714718e-06    9.31368945052092e-12    2.6392373494874e-09    3.0639169920703e-12    1.63920792779482e-06    2.86695701389956e-09    8.47777250691183e-06
55.0000000000097    7.81115255099715e-06    8.96168522984987e-12    1.99057373736469e-09    4.05669546065808e-12    2.9084057583902e-07    1.44750821012635e-09    8.10544422716435e-06
55.5000000000099    7.70963036188993e-06    8.85317225346141e-12    1.097882775193e-09    8.26345045344751e-12    1.02056734939745e-08    3.83286245793175e-10    7.7213343210276e-06
56.0000000000102    7.35607048220612e-06    8.5675099528316e-12    1.02967728365823e-10    4.3955842531943e-11    1.05676089547659e-10    3.04702925309871e-10    7.35663635230183e-06
56.5000000000105    6.9397261368424e-06    8.39812802005257e-12    1.18376046821799e-09    7.01860941552552e-12    7.3172906997428e-08    1.24291347182971e-09    7.01534113451731e-06
57.0000000000107    5.95889718388413e-06    8.0515319727557e-12    2.84125542491628e-09    2.83098327155447e-12    7.45743981968972e-07    1.29038931841706e-09    6.70878369311168e-06
57.500000000011    3.68531879958303e-06    7.75008700974559e-12    9.41658834519804e-10    4.14942402520516e-12    2.78882045160774e-06    4.81348597215024e-09    6.47990629550848e-06
58.0000000000112    8.23381564253999e-07    7.58264593368793e-12    1.69076249333511e-09    3.01249232096458e-12    5.54829104862124e-06    4.9687058810154e-09    6.37834267638785e-06
58.5000000000115    1.76210707358448e-07    7.19508584290187e-12    4.92507778465182e-09    1.40479740754788e-12    6.18549783111051e-06    1.3271709306277e-09    6.36796938706749e-06
59.0000000000117    2.4386176237841e-06    7.00278737783473e-12    1.67534020106581e-09    2.90703049216971e-12    3.86961100183548e-06    4.09717758902247e-09    6.31401105322754e-06
59.500000000012    4.79259914846585e-06    6.95818759999859e-12    1.4783750935356e-09    3.37022604594138e-12    1.3440770072509e-06    2.82308798128e-09    6.14098794720521e-06
60.0000000000122    5.66981310307583e-06    6.73922097151554e-12    5.12981031568214e-10    5.96109580727171e-12    2.22321886414955e-07    2.18309960441659e-09    5.89484377044355e-06
60.5000000000125    5.62872779419608e-06    6.42818171556603e-12    4.47319032829466e-10    1.01335632989201e-11    6.79446924041484e-09    6.23885719906393e-10    5.63661002993425e-06
61.0000000000128    5.38865201173773e-06    6.35342840974e-12    6.37283243603373e-11    1.12130348009303e-10    1.13616853954553e-10    1.21536927418384e-09    5.39016320996664e-06
61.500000000013    5.09813807034374e-06    8.03475067650346e-12    6.27494799930495e-09    2.62577138491508e-12    5.38065502053787e-08    2.18784881231858e-10    5.15844901395171e-06
62.0000000000133    4.43661271812989e-06    8.22530314059443e-12    6.72101054726975e-09    6.98432302940719e-12    5.01068521197288e-07    4.35644560374922e-09    4.94877390510437e-06
62.5000000000135    2.97609678691611e-06    7.57678475743837e-12    1.40936364196047e-08    1.19609602158533e-12    1.79485501001448e-06    4.80075650739332e-10    4.78553428188172e-06
63.0000000000138    1.01586977338242e-06    7.3151878678129e-12    7.33310547222325e-10    8.2582267863007e-12    3.66698296824816e-06    1.81522609559579e-08    4.70175388654842e-06
63.500000000014    6.25964990977597e-10    6.71157246170157e-12    1.65875259636147e-08    9.36541697370202e-13    4.66558410436597e-06    7.72656550837186e-10    4.68357789998556e-06
64.0000000000143    9.04515162776263e-07    6.45791355684426e-12    4.32256555060028e-09    5.79455618551332e-12    3.74949330902938e-06    1.3396550623009e-08    4.671739840449e-06
64.5000000000138    2.69551461909451e-06    6.20162203531421e-12    1.01049361195639e-08    2.57670971676738e-12    1.8836826440053e-06    3.64954739333662e-09    4.59296052494446e-06
65.0000000000134    3.88592880098313e-06    6.2367613411921e-12    4.39880212851282e-10    1.11278075809548e-11    5.52428367434448e-07    9.86243773128288e-09    4.44867685093064e-06
65.5000000000129    4.19899301282841e-06    6.12963364606157e-12    2.17828611850575e-09    1.14713376460158e-11    6.95980693456092e-08    3.60512234648917e-09    4.27439209161031e-06
66.0000000000125    4.0974814656455e-06    6.31802467837887e-12    1.53801075474858e-09    1.81270292534932e-11    5.77656075277681e-10    3.79123066019189e-10    4.10000070059548e-06
66.500000000012    3.93121450656002e-06    5.76198224971752e-12    3.49921513401472e-10    1.79376922076819e-11    1.7503361164849e-09    8.16992646880062e-10    3.93415545651125e-06
67.0000000000116    3.67498746526323e-06    6.59778924129736e-12    1.01696362035256e-09    5.69593652130611e-12    1.00168685883043e-07    2.22285212647654e-09    3.77840826061886e-06
67.5000000000111    2.9642903768309e-06    6.4381653700866e-12    1.42062936782456e-09    3.65202182937038e-12    6.73056278023454e-07    3.68594872288321e-09    3.64246332313226e-06
68.0000000000106    1.52096619095355e-06    6.20969110445912e-12    3.92997122736677e-09    1.58413138804501e-12    2.02333782483002e-06    2.47324629903497e-09    3.55071502713246e-06
68.5000000000102    1.51167512162106e-07    5.66360352362545e-12    4.74246319124492e-09    1.65851874757153e-12    3.36205488600721e-06    2.27203737983776e-09    3.52024422086267e-06
69.0000000000097    3.48745927451187e-07    5.36803488288426e-12    2.54015301178204e-09    1.89708181286696e-12    3.16089431415642e-06    4.50551078242713e-09    3.51669317051852e-06
69.5000000000093    1.78667118275266e-06    5.45616199005111e-12    1.60745681970081e-09    2.59067928728253e-12    1.68240469594937e-06    4.33934312031993e-09    3.47503072548333e-06
70.0000000000088    2.88332480962611e-06    5.34171519794673e-12    2.25205062385347e-09    3.11813870972261e-12    4.91128961073206e-07    1.97108454590387e-09    3.37868536572299e-06
70.5000000000084    3.19319496597642e-06    5.16074311289466e-12    7.33461636463012e-10    5.16203246140681e-12    6.06278506252677e-08    1.74417206445591e-09    3.25631077307818e-06
71.0000000000079    3.13078201484657e-06    5.37571733528052e-12    5.3971352645311e-10    1.14969853570685e-11    5.44819833327329e-10    2.31139985047469e-10    3.13211456089409e-06
71.5000000000075    3.01084343730071e-06    5.36222484907814e-12    1.08388550522922e-09    1.21055836967646e-11    1.11762850096623e-09    4.54103501221075e-10    3.01351652261667e-06
72.000000000007    2.83023577100207e-06    6.87252149109705e-12    2.01589412959788e-09    6.89821868042922e-12    6.69694334785664e-08    2.41034685956129e-09    2.90164521620997e-06
72.5000000000066    2.35361435814706e-06    7.8268591649083e-12    5.72106017348925e-09    2.35061609572461e-12    4.41776048349504e-07    1.21051681192676e-09    2.80233216095724e-06
73.0000000000061    1.3886304600188e-06    7.95658210166888e-12    2.59320090190992e-09    3.67465109948617e-12    1.33315417793094e-06    6.77584854130705e-09    2.73116531862616e-06
73.5000000000056    3.13714995877496e-07    7.4458123717251e-12    7.54027520347683e-09    1.27495548948117e-12    2.37589229117167e-06    2.56818112878365e-09    2.69972446414929e-06
74.0000000000052    4.6412793438744e-08    6.10855529660262e-12    2.21838665307379e-09    2.55387710199642e-12    2.63984503012297e-06    8.77353087651224e-09    2.6972584035237e-06
74.5000000000047    8.3447862289438e-07    5.72979754415138e-12    3.38460908720734e-09    2.15318217059252e-12    1.83855839847696e-06    6.19726088155176e-09    2.68262677431982e-06
75.0000000000043    1.83723502873341e-06    5.66176008357528e-12    1.34701381860962e-09    3.48295411826377e-12    7.86710625260594e-07    6.29312831771454e-09    2.63159494084453e-06
75.5000000000038    2.36124390702451e-06    5.56463993545334e-12    1.01416203516581e-09    5.03998522363852e-12    1.85014553950647e-07    4.11520629636598e-09    2.55139843393185e-06
76.0000000000034    2.44482522631985e-06    5.93646701691087e-12    1.25070515974603e-09    5.76034551517879e-12    1.43473003443122e-08    1.32456497110729e-09    2.46175949360755e-06
76.5000000000029    2.3732922328902e-06    6.9368133077006e-12    3.53557923847161e-10    4.88379801539017e-11    9.96012472106391e-13    8.18695793921651e-11    2.37378443119937e-06
77.0000000000025    2.27552244100304e-06    9.98485827080937e-12    1.63611339386394e-09    2.97549091889186e-11    6.40607201602431e-09    6.33101342432612e-09    2.28993537960471e-06
77.500000000002    2.07140883559614e-06    2.52850880151437e-11    7.81008871867728e-09    7.46176375809954e-12    1.24151068397444e-07    8.23076539093975e-09    2.21163350495498e-06
78.0000000000015    1.51723844160321e-06    2.85094644962054e-11    1.87288125188758e-09    1.14438541409273e-11    6.06119134866908e-07    2.19123831621825e-08    2.14718279420283e-06
78.5000000000011    5.92145798300484e-07    2.76562624417801e-11    1.38500596489424e-08    7.29474494173089e-12    1.48794385408076e-06    1.44500833678312e-08    2.1084247464054e-06
79.0000000000006    4.18864238578141e-09    2.19010534122507e-11    1.50967480971853e-08    6.43696421466241e-12    2.0654360172982e-06    1.50101411277496e-08    2.09975988692654e-06
79.5000000000002    4.30435577722942e-07    1.67631471149578e-11    9.44115711500643e-09    5.70829310272176e-12    1.63607732779918e-06    1.90794531008843e-08    2.09505598717823e-06
79.9999999999997    1.3030780979051e-06    1.4725417616612e-11    7.07403858696946e-09    8.85538186787566e-12    7.37788001196153e-07    1.59101652061887e-08    2.06387388369389e-06
80.4999999999993    1.8148751610411e-06    1.56893070530328e-11    5.33690268306193e-09    9.98301408110144e-12    1.76708881458662e-07    1.03892394533878e-08    2.00733585695735e-06
80.9999999999988    1.91860595534941e-06    1.87720202568007e-11    4.76417189203304e-09    1.66043670936446e-11    1.45166939534329e-08    3.55682033130773e-09    1.94147901791353e-06
81.4999999999984    1.8746457860867e-06    2.31639138512665e-11    1.11883760030049e-09    6.48084704673823e-11    4.76137463911108e-12    2.78576458304224e-10    1.87613593390426e-06
81.9999999999979    1.79403134639163e-06    5.19116004325344e-11    4.16009689090571e-09    8.73336165333875e-11    3.72254611327884e-09    1.15710012632065e-08    1.81362423587598e-06
82.4999999999975    1.64133961864049e-06    2.0223535416523e-10    2.96021070983999e-08    1.28634667644492e-11    7.91111587907801e-08    4.33749891457091e-09    1.75460548226517e-06
82.999999999997    1.26283195011322e-06    2.48540638254326e-10    8.63786148474931e-09    3.46989412442682e-11    3.90964323720494e-07    4.3114664275425e-08    1.70583203917339e-06
83.4999999999965    6.15213233816481e-07    2.43052326764654e-10    4.71852015351853e-08    1.83811052318634e-11    9.92948701187822e-07    1.4250779005741e-08    1.66985934897723e-06
83.9999999999961    6.3709123422148e-08    1.92469881981669e-10    3.75976074048594e-08    2.72286024786086e-11    1.52659766501716e-06    3.13376666372379e-08    1.65946176096586e-06
84.4999999999956    1.23189723447645e-07    1.4729073334068e-10    2.94079780456022e-08    3.17389659636147e-11    1.46673088317817e-06    3.88113912237829e-08    1.65831900559451e-06
84.9999999999952    7.05945858685942e-07    1.31311701222368e-10    2.639579897803e-08    4.20960649630311e-11    8.79579268544914e-07    3.23106180530278e-08    1.6444049520281e-06
85.4999999999947    1.24902141769633e-06    1.45237013703854e-10    2.55422446711831e-08    5.59014438192164e-11    3.17122503511505e-07    1.85677886097638e-08    1.6104550929463e-06
85.9999999999943    1.47912107621293e-06    1.72091626428107e-10    1.54862923591242e-08    1.01509296910427e-10    5.71277381286047e-08    1.26194535256139e-08    1.56462816114961e-06
86.4999999999938    1.50111358500151e-06    2.15611501076218e-10    6.72118269120977e-09    2.4799815446774e-10    2.04763540047929e-09    5.17976823690727e-09    1.51552578098565e-06
86.9999999999934    1.46030435534902e-06    2.0418027263251e-10    1.27564986319457e-09    9.28508432697955e-10    2.01768179276277e-11    4.78185632949506e-09    1.46751472706497e-06
87.4999999999929    1.373500034826e-06    7.73794827687018e-10    1.30698448409326e-08    2.1680805364039e-10    1.40459402307103e-08    2.02221509934662e-08    1.42182857377243e-06
87.9999999999925    1.17973901422947e-06    9.64418908338921e-10    2.19122621271051e-08    1.40696324251193e-10    1.41294424602499e-07    3.61061127291313e-08    1.3801569289208e-06
88.499999999992    7.43873492290075e-07    8.92495879011655e-10    4.69029558231134e-08    1.16051445463434e-10    5.23658168682327e-07    3.11465709980896e-08    1.34658973511808e-06
88.9999999999915    1.87867168812783e-07    8.10248802712495e-10    5.14978412373682e-08    1.28001939780544e-10    1.04989295899117e-06    3.98887089805382e-08    1.33008492876435e-06
89.4999999999911    1.95281890417283e-08    6.91263454717185e-10    4.91245316097266e-08    1.39230449262946e-10    1.21308803863601e-06    4.45768248870478e-08    1.32714807807849e-06
89.9999999999906    4.25044405735456e-07    6.7297954516383e-10    3.93053454344562e-08    1.56845894676074e-10    8.10901656573477e-07    4.48469789226645e-08    1.32092821210589e-06
90.4999999999902    9.23213546549333e-07    6.95853655893516e-10    3.40864581686394e-08    2.00233668054894e-10    3.09433149401959e-07    3.09053980975513e-08    1.29853463954143e-06
90.9999999999897    1.16278560974187e-06    7.43934831962942e-10    2.03325550934982e-08    3.09084440196812e-10    5.89122585773263e-08    2.19657728828591e-08    1.26504921556771e-06
91.4999999999893    1.20499802023536e-06    7.88627588437357e-10    9.9115741170457e-09    6.35561770725614e-10    2.60797892216856e-09    8.85444321196581e-09    1.2277962058457e-06
91.9999999999888    1.18302492316694e-06    6.56901841278202e-10    2.43150342265825e-09    2.18006102475146e-09    3.05033267919536e-12    2.6520037921462e-09    1.19094844358046e-06
92.4999999999884    1.10409120464876e-06    1.65734142403875e-09    2.81771344052261e-08    4.62748047667218e-10    8.01193831586144e-09    1.32804819144308e-08    1.15568084875598e-06
92.9999999999879    9.57444599526454e-07    1.93852179423116e-09    3.45374208374936e-08    2.78290439341498e-10    8.78951337434873e-08    4.12440542761613e-08    1.12333802061717e-06
93.4999999999875    6.53662010850141e-07    1.63137663560972e-09    5.05224525235382e-08    2.29221072872379e-10    3.35607302808462e-07    5.50056086574748e-08    1.0966579725481e-06
93.999999999987    2.38890445893045e-07    1.52848719497639e-09    5.86524739425327e-08    2.12363551100971e-10    7.13659695349767e-07    6.7897263652889e-08    1.08084072958431e-06
94.4999999999865    2.87806471340622e-09    1.40487947887265e-09    6.34849924810517e-08    2.12337511153057e-10    9.37298532676893e-07    7.01442363532715e-08    1.07542304321465e-06
94.9999999999861    1.71306560321867e-07    1.3406668895627e-09    5.89007575521917e-08    2.55726820371112e-10    7.73966770946493e-07    6.65378049298148e-08    1.0723082874603e-06
95.4999999999856    5.56858574414901e-07    1.37865075567796e-09    5.03122673152985e-08    3.17553115078327e-10    3.98020152790043e-07    5.37306562777311e-08    1.06061785466873e-06
95.9999999999852    8.42837132967084e-07    1.57818946695271e-09    3.64731008078525e-08    4.59928064962859e-10    1.1892940484367e-07    3.85825648879561e-08    1.03886032103848e-06
96.4999999999847    9.50869850668451e-07    1.56726803062691e-09    2.18689801560096e-08    7.86269974773115e-10    1.50664045045124e-08    2.14008364276071e-08    1.01155960976198e-06
96.9999999999843    9.67185439829447e-07    1.48656527421766e-09    7.27697168312074e-09    2.32357974419581e-09    1.15113032450273e-10    4.69076245131818e-09    9.8307843201475e-07
97.4999999999838    9.29492026033958e-07    1.57532916179104e-09    9.41024766988e-09    1.91531075547521e-09    4.80832377203049e-10    1.23319439992531e-08    9.55205689997561e-07
97.9999999999834    8.44292565264153e-07    2.95930890091124e-09    2.71321352915262e-08    6.95547812760749e-10    2.37634163840539e-08    3.00369352985493e-08    9.28879908951954e-07
98.4999999999829    6.62164627516321e-07    2.73302361744929e-09    4.39759130810458e-08    4.41895000543149e-10    1.50041255399319e-07    4.60994052757697e-08    9.05456119890448e-07
98.9999999999824    3.36767655211951e-07    2.31163599849899e-09    5.58587504750891e-08    3.53437341840273e-10    4.33018108625684e-07    6.03732683402586e-08    8.88682855993321e-07
99.499999999982    3.92109706887308e-08    1.99473254217453e-09    6.14119028408727e-08    3.26978395306699e-10    7.09856311972625e-07    6.85697143870158e-08    8.81370610826726e-07
99.9999999999815    6.64164502185681e-08    2.02345683136114e-09    5.93443195166694e-08    3.35400244675982e-10    6.83131417863494e-07    6.78449403424719e-08    8.7909598501724e-07
100.499999999981    3.75364525931001e-07    1.81011269291882e-09    5.1792269314035e-08    3.85302942962735e-10    3.85829105086741e-07    5.69134247071417e-08    8.72094740674801e-07
100.999999999981    6.50446185786639e-07    2.1903345648374e-09    3.96625631528854e-08    5.10322922628469e-10    1.23198827537589e-07    4.06291423162809e-08    8.5663737628086e-07
101.49999999998    7.67156241063836e-07    2.49507048349961e-09    2.40866370584855e-08    8.47555604867124e-10    1.74514563239773e-08    2.39033819991879e-08    8.35940342533854e-07
101.99999999998    7.93233494532096e-07    2.37883273389898e-09    8.99378024953224e-09    2.20438592564955e-09    2.5327321373667e-10    6.65881535996409e-09    8.13722582014878e-07
102.499999999979    7.68935079631549e-07    1.86069802026121e-09    1.21654695261818e-08    2.12307146573058e-09    1.71390442618658e-10    6.47485204642434e-09    7.91730561132765e-07
102.999999999979    6.9971813263535e-07    3.34005029907833e-09    2.62450188928235e-08    8.34742220749819e-10    1.37705719045189e-08    2.69593621464893e-08    7.7086787809901e-07
103.499999999978    5.66487939648086e-07    3.96116320381561e-09    4.23444604144116e-08    5.1297320727979e-10    9.48410353282709e-08    4.38169483061019e-08    7.51964520107965e-07
103.999999999978    3.3134909003239e-07    3.25769607006299e-09    5.50824912367702e-08    4.02418916294951e-10    2.88489331518919e-07    5.87775375228314e-08    7.37358565297269e-07
104.499999999977    7.94567235632143e-08    2.2827130733699e-09    6.22598434107447e-08    3.57078939943046e-10    5.16179153386797e-07    6.89348665421269e-08    7.29470378916196e-07
104.999999999977    1.13106167380718e-08    2.46947658822283e-09    6.31809954382611e-08    3.47270528468733e-10    5.78962514569104e-07    7.05145752092844e-08    7.26785449071413e-07
105.499999999977    1.90248261812254e-07    2.33328582153773e-09    5.67945424870115e-08    3.79249960250752e-10    4.09699913178903e-07    6.39324231454594e-08    7.23387676405417e-07
105.999999999976    4.3657197521982e-07    2.51426667016532e-09    4.6449197249178e-08    4.66504791487296e-10    1.78802765064917e-07    4.93661585234238e-08    7.14170867518992e-07
106.499999999976    5.8821589312195e-07    3.19481173531343e-09    3.23567300415061e-08    6.86779270319632e-10    4.26986089028259e-08    3.25195062045514e-08    6.99672329276466e-07
106.999999999975    6.42203742455272e-07    3.43890649011342e-09    1.68064617926876e-08    1.34397923541677e-09    3.24423182735592e-09    1.56477841194286e-08    6.82685105920274e-07
107.499999999975    6.53105042464596e-07    2.60844773382886e-09    4.60430613224894e-09    4.61465859895917e-09    2.8534545908735e-13    2.6007095470997e-10    6.65192811229802e-07
107.999999999974    6.09322061128982e-07    2.66421105982478e-09    1.73160163400244e-08    1.45457367714097e-09    2.06398619063069e-09    1.53755559216739e-08    6.48196404318277e-07
108.499999999974    5.28674371429807e-07    4.55228495765563e-09    3.2366198975279e-08    7.33806939522634e-10    3.39948356469872e-08    3.1984379095073e-08    6.32305877044324e-07
108.999999999973    3.68306587245192e-07    4.80362112868997e-09    4.5396555669065e-08    5.20692519023946e-10    1.51951711021668e-07    4.78338535958352e-08    6.18813021179474e-07
109.499999999973    1.40747110599408e-07    3.11109232769991e-09    5.48551974843318e-08    4.32351367826671e-10    3.5100391608755e-07    5.98685175104677e-08    6.10018185377284e-07
109.999999999972    4.8664421500591e-09    2.36501218725572e-09    5.79701835098875e-08    4.01157554589966e-10    4.75743204958154e-07    6.52150796048526e-08    6.06561079964799e-07
110.499999999972    1.01165975841021e-07    2.86872612812463e-09    5.46933196901446e-08    4.09518084532567e-10    3.8434552207332e-07    6.08957397765664e-08    6.04378801593709e-07
110.999999999972    3.17549947921752e-07    2.60950467074715e-09    4.61217605399112e-08    4.73891582240112e-10    1.83261391104932e-07    4.83004377577181e-08    5.983169335773e-07
111.499999999971    4.70091058934395e-07    3.38811137738143e-09    3.30421590827506e-08    6.62387326985288e-10    4.77876170587906e-08    3.26024780886239e-08    5.87573811868927e-07
111.999999999971    5.29397693935279e-07    4.53080310580543e-09    1.77882702316206e-08    1.25283994153583e-09    4.52908404679154e-09    1.67907523028548e-08    5.74289443563887e-07
112.49999999997    5.4580787688313e-07    4.04724140614217e-09    5.23771905530933e-09    4.09106905943991e-09    6.79544985565783e-12    1.12598031511392e-09    5.60316682168991e-07
112.99999999997    5.1473927333898e-07    2.84952285009895e-09    1.3810304373614e-08    1.7045129045007e-09    9.14312764433352e-10    1.25821494478406e-08    5.46600075679467e-07
113.499999999969    4.52394450156598e-07    5.07903405185911e-09    2.77897375635556e-08    8.32013141082091e-10    2.00576885580789e-08    2.75283557026938e-08    5.33681279173867e-07
113.999999999969    3.34655196617275e-07    6.72405129005377e-09    4.02998824686229e-08    5.62438924365299e-10    9.79970737061691e-08    4.21184597262442e-08    5.2235710273273e-07
114.499999999968    1.61242561265499e-07    4.67514074042591e-09    5.00736732016236e-08    4.54441019473225e-10    2.43348363862014e-07    5.43961963963443e-08    5.1419037648538e-07
114.999999999968    2.1654151054321e-08    2.57502650112064e-09    5.53168745399647e-08    4.07748912820917e-10    3.69033897777083e-07    6.10934698127522e-08    5.10081168598062e-07
115.499999999967    3.45678523138272e-08    3.57600682194761e-09    5.41615076652596e-08    3.9869999987381e-10    3.55241046220142e-07    6.04022956172074e-08    5.08347408638258e-07
115.999999999967    1.86333393450085e-07    3.35314591851673e-09    4.78283231503149e-08    4.35523744226868e-10    2.15767429905872e-07    5.13101405320107e-08    5.05027956701026e-07
116.499999999967    3.39825475678342e-07    3.82300322951229e-09    3.65675865782725e-08    5.67939190516489e-10    7.9261869750186e-08    3.80395124406056e-08    4.98085386867435e-07
116.999999999966    4.20987386502129e-07    5.4854905068478e-09    2.34035077073974e-08    9.01012220453914e-10    1.45385492236379e-08    2.29405935964603e-08    4.88256539756926e-07
117.499999999966    4.50747675891603e-07    5.64047094282416e-09    1.0231096523214e-08    2.06892817243726e-09    5.22461674114973e-10    8.03263607990341e-09    4.77243269284097e-07
117.999999999965    4.48930924992663e-07    3.52892908674243e-09    6.81519416993383e-09    3.24509082423224e-09    2.10514411210911e-11    3.49480927037735e-09    4.66035999785069e-07
118.499999999965    4.08663427010635e-07    4.34067780672061e-09    1.85899947193918e-08    1.16995158352454e-09    4.8129258019685e-09    1.76884152120448e-08    4.55265392134285e-07
118.999999999964    3.33064632169223e-07    7.37923559177203e-09    3.05163186017771e-08    6.85086442662505e-10    4.25686408617506e-08    3.11638838817896e-08    4.45377797548974e-07
119.499999999964    2.00958465298601e-07    6.70939967521783e-09    4.0988314132384e-08    5.03393166399558e-10    1.44806394239142e-07    4.34479576713975e-08    4.37413924183142e-07
119.999999999963    5.46774005370439e-08    3.06941960517796e-09    4.73450469596179e-08    4.32137720040353e-10    2.74401312290326e-07    5.27801995135594e-08    4.32705516625765e-07
120.499999999963    9.80668260953896e-09    3.67059270613949e-09    4.89516976371572e-08    4.02545499696837e-10    3.13289477390133e-07    5.46383395443453e-08    4.30759335387011e-07
120.999999999962    1.15790194472079e-07    3.88028369832707e-09    4.45329406694273e-08    4.21304935233832e-10    2.15441192970459e-07    4.86297217936615e-08    4.28695638539187e-07
121.499999999962    2.60046417264543e-07    3.80606724926828e-09    3.55710077293937e-08    5.15498509634635e-10    8.72522890822925e-08    3.66299527623925e-08    4.23821232597525e-07
121.999999999962    3.44739012352004e-07    5.89677934635415e-09    2.34278217869426e-08    7.86693289037602e-10    1.83607318850327e-08    2.30715692287115e-08    4.16282607888083e-07
122.499999999961    3.77219618455366e-07    7.04108885627359e-09    1.10839939821797e-08    1.67615537393162e-09    1.04461168182851e-09    9.39428934693401e-09    4.07459757696514e-07
122.999999999961    3.83592428510516e-07    4.65212621853985e-09    4.72709110465248e-09    3.82772058092426e-09    3.1545592875323e-12    1.52298597531631e-09    3.98325506949236e-07
123.49999999996    3.52822829837147e-07    4.29405852568418e-09    1.49604663644663e-08    1.26773639753574e-09    2.27761439290858e-09    1.38305926882109e-08    3.89453298205953e-07
123.99999999996    2.95260508876326e-07    8.33992691734315e-09    2.5755341848253e-08    7.1111273872751e-10    2.52521347319473e-08    2.58858853914143e-08    3.81204910504011e-07
124.499999999959    1.97456083459366e-07    8.62520447529087e-09    3.56788459343025e-08    5.05312305020161e-10    9.46027178057683e-08    3.73659365334883e-08    3.74234100513236e-07
124.999999999959    7.83359960770282e-08    3.99393493136834e-09    4.3029586603327e-08    4.19526260827281e-10    1.97019435639865e-07    4.6670154871128e-08    3.69468634383544e-07
125.499999999958    7.15678967504875e-09    3.88884648894928e-09    4.54816066547485e-08    3.84702538006709e-10    2.58819644134237e-07    5.14984122384194e-08    3.6723000172941e-07
125.999999999958    5.14753945972647e-08    4.93745282192333e-09    4.374701795867e-08    3.77600682934341e-10    2.17202916580966e-07    4.80633294632794e-08    3.65803712105038e-07
126.499999999957    1.68213927529366e-07    4.01514024699532e-09    3.66533050264092e-08    4.35149789060049e-10    1.1447123999145e-07    3.91877950001732e-08    3.62976557583454e-07
126.999999999957    2.61561255768467e-07    6.06468439687886e-09    2.67816663839141e-08    5.9396881968346e-10    3.57336162844236e-08    2.70278127151095e-08    3.57763004368476e-07
127.499999999957    3.06215385349241e-07    8.39884849346107e-09    1.56730704423047e-08    1.03185959490971e-09    4.96254880754192e-09    1.47210910236843e-08    3.51002803711143e-07
127.999999999956    3.25924310956977e-07    6.30643032144362e-09    5.72228428531079e-09    2.79531826883249e-09    6.21832960845324e-11    2.82645552536452e-09    3.43636982654013e-07
128.499999999956    3.15831296183702e-07    3.69774211022041e-09    8.2271835661378e-09    1.98591444192049e-09    1.91119671037275e-10    6.28211545403098e-09    3.36215371427048e-07
128.999999999955    2.77967083459658e-07    7.00842345548516e-09    1.80228498844439e-08    8.87208212306262e-10    7.84289877825949e-09    1.74304556423794e-08    3.29158919432532e-07
129.499999999955    2.09919726168641e-07    1.00196082529383e-08    2.75620150345817e-08    5.59508070434183e-10    4.66526353090077e-08    2.81297263213776e-08    3.2284321915698e-07
129.999999999954    1.11092042037571e-07    5.75334434539798e-09    3.53453094499059e-08    4.36851775048873e-10    1.27380026635511e-07    3.80002799106245e-08    3.18007854154059e-07
130.499999999954    2.20177503092818e-08    3.13267619999738e-09    4.00824770712638e-08    3.79890539058016e-10    2.05603330184109e-07    4.40181646680022e-08    3.15234288971712e-07
130.999999999953    2.02260287975468e-08    5.52831624563301e-09    3.97196055905107e-08    3.63879969840588e-10    2.04066406780336e-07    4.41007719427493e-08    3.14005009326617e-07
131.499999999953    1.13243654085493e-07    4.36760751909794e-09    3.49680032562674e-08    3.92390557132912e-10    1.22087460996481e-07    3.71119432924079e-08    3.1217105970688e-07
131.999999999952    2.07119142687036e-07    4.88503724884851e-09    2.61842583141764e-08    5.12652186102732e-10    4.28387268164584e-08    2.68767266027993e-08    3.08416543855422e-07
132.499999999952    2.5447392734851e-07    8.63965947254647e-09    1.60748078193378e-08    8.43176462859912e-10    7.42005048201041e-09    1.56369685757647e-08    3.0308859016103e-07
132.999999999952    2.75334906499731e-07    8.18951745462479e-09    6.7082883153357e-09    2.05775318112263e-09    2.39272685149802e-10    4.56090471895556e-09    2.9709064285492e-07
133.499999999951    2.74923624011054e-07    4.18685062190956e-09    5.96669527972453e-09    2.34299453669347e-09    4.10166986931656e-11    3.47635622455308e-09    2.90937537372628e-07
133.999999999951    2.46623806742556e-07    5.79184595361926e-09    1.43521820060636e-08    9.42090526635047e-10    3.72696778358037e-09    1.35707620429389e-08    2.85007655055394e-07
134.49999999995    1.94152338308306e-07    1.10155454255932e-08    2.30194571187216e-08    5.66719887823515e-10    2.76534507314335e-08    2.31833886846995e-08    2.79590900156577e-07
134.99999999995    1.19073070212942e-07    8.08420486091845e-09    3.07560377640945e-08    4.25822950702748e-10    8.4459744792432e-08    3.23596616830874e-08    2.75158542264177e-07
135.499999999949    4.0508625351079e-08    3.07117092583657e-09    3.59491512137048e-08    3.62483058007561e-10    1.52857129765365e-07    3.94791190342225e-08    2.72227679348216e-07
135.999999999949    6.93005795904563e-09    5.33310972672957e-09    3.72724101732614e-08    3.35549610378892e-10    1.79179019094797e-07    4.17528607520327e-08    2.70803007316245e-07
136.499999999948    5.72453878659738e-08    5.83722540392972e-09    3.43122992888187e-08    3.43607941510561e-10    1.34162225791324e-07    3.77941665468505e-08    2.69694912838407e-07
136.999999999948    1.42914152740563e-07    4.33834935124409e-09    2.79483424414527e-08    4.08770015162155e-10    6.26178290753426e-08    2.91233115015417e-08    2.67350755125306e-07
137.499999999947    1.99593473993662e-07    7.83695292041186e-09    1.93214191007976e-08    5.94134575924875e-10    1.7003200539391e-08    1.91648614748764e-08    2.63514042605064e-07
137.999999999947    2.26461812597017e-07    9.6373888255014e-09    1.03794492439064e-08    1.12984320890388e-09    1.80844374580262e-09    9.38193726353661e-09    2.58798874884668e-07
138.499999999947    2.40088602984065e-07    6.08850257404647e-09    3.70452980565839e-09    2.99165355303417e-09    6.76271677876676e-12    8.59596780359925e-10    2.53739648413943e-07
138.999999999946    2.26872388752095e-07    4.0534065848041e-09    8.61192477010619e-09    1.34513747730908e-09    5.28898051194465e-10    7.27611606230212e-09    2.48687871697811e-07
139.499999999946    1.91490418430592e-07    9.07550172202214e-09    1.65281532647403e-08    6.72545662011618e-10    9.96393698104175e-09    1.62016365850979e-08    2.43932192645506e-07
139.999999999945    1.34738196689589e-07    1.03083398191553e-08    2.39469136470319e-08    4.57847401083519e-10    4.53288274065669e-08    2.50099279586612e-08    2.39790052922087e-07
140.499999999945    6.44856559047678e-08    4.38474350500512e-09    3.01605021781573e-08    3.665657616407e-10    1.04939443214184e-07    3.23464165866106e-08    2.36683327150365e-07
140.999999999944    1.11850005726608e-08    3.86138112854993e-09    3.311923603139e-08    3.26185898756592e-10    1.50037016341641e-07    3.64203279455417e-08    2.3494914791854e-07
141.499999999944    2.67443773473737e-08    6.4931910617332e-09    3.18847801791255e-08    3.19760337350068e-10    1.33529700028666e-07    3.50797554553857e-08    2.34051564409634e-07
141.999999999943    1.00591370075143e-07    4.50091885694638e-09    2.69201777549986e-08    3.58744451044526e-10    7.15801358872585e-08    2.85928873689102e-08    2.32544234394302e-07
142.499999999943    1.6148663013553e-07    6.02914848007954e-09    1.94889814729632e-08    4.90955931503198e-10    2.24610509887618e-08    1.97305670423633e-08    2.29687334051201e-07
142.999999999942    1.90063148417724e-07    9.70254012876298e-09    1.13407517701034e-08    8.67960487991374e-10    3.29721893498815e-09    1.06313861079104e-08    2.2590300584748e-07
143.499999999942    2.05045615506336e-07    7.92728848171598e-09    4.36272992576617e-09    2.24720957161406e-09    6.11539235356146e-11    2.08792781427057e-09    2.21731925223239e-07
143.999999999942    2.01019361022846e-07    4.03447531331461e-09    6.20535662791973e-09    1.59750723617198e-09    1.34535835919655e-10    4.48725456062734e-09    2.174784905968e-07
144.499999999941    1.75001859355046e-07    7.19987976453987e-09    1.31556160348754e-08    7.22075469713256e-10    4.70820939995181e-09    1.26192852884893e-08    2.13406925312616e-07
144.999999999941    1.30488526994159e-07    1.14072739818512e-08    2.0153943149744e-08    4.58282066896345e-10    2.68002876618844e-08    2.04405773078743e-08    2.09748891162409e-07
145.49999999994    7.54249590382712e-08    6.54495335060305e-09    2.62304247020382e-08    3.55375800427613e-10    7.05343043994391e-08    2.77127783071224e-08    2.06802795597901e-07
145.99999999994    2.3240760283647e-08    3.15285836503335e-09    2.99187301225339e-08    3.08515750960884e-10    1.1531991886629e-07    3.29353558760252e-08    2.0487613926449e-07
146.499999999939    9.19310180898187e-09    6.34686839554952e-09    3.03753945153588e-08    2.90642209622414e-10    1.24039998875457e-07    3.36502512477671e-08    2.03896257052736e-07
146.999999999939    5.5221915581793e-08    5.82048748694064e-09    2.73038250060743e-08    3.03482006477553e-10    8.49395904888239e-08    2.94005032986803e-08    2.0298980386879e-07
147.499999999938    1.16355492158983e-07    4.71532318052888e-09    2.14589170714225e-08    3.78366598069792e-10    3.61640972445837e-08    2.20875858996644e-08    2.01159782153252e-07
147.999999999938    1.51896181468485e-07    8.76144141999988e-09    1.41553664521801e-08    5.79977832769568e-10    8.84282101954445e-09    1.41198994399039e-08    1.98355687632883e-07
148.499999999937    1.70351030352791e-07    9.45852689293403e-09    7.23261657012508e-09    1.17958856614875e-09    7.43952420850973e-10    6.04936454051524e-09    1.95015079343365e-07
148.999999999937    1.79654832427058e-07    5.33249361861725e-09    3.16121502069318e-09    2.50058063812448e-09    2.85829849631399e-12    8.07015827609282e-10    1.91458995830599e-07
149.499999999937    1.65866939997451e-07    4.5665680787955e-09    8.2706338279993e-09    9.86036203659277e-10    8.69977694505419e-10    7.37010840541393e-09    1.87930264207824e-07
149.999999999936    1.33928477407134e-07    1.01331112997934e-08    1.47498985103703e-08    5.30383300360432e-10    1.06506788218069e-08    1.4651889353842e-08    1.84644438693308e-07
150.499999999936    8.96951124733664e-08    9.19950080340698e-09    2.07098599535449e-08    3.78246598275027e-10    4.00893152945173e-08    2.17597752556104e-08    1.81831810378721e-07
150.999999999935    4.0672895941538e-08    3.43171798462693e-09    2.54483541109144e-08    3.07812838311206e-10    8.24862554665623e-08    2.73870178105379e-08    1.79734054152491e-07
151.499999999935    7.83096488599349e-09    4.71615062563123e-09    2.71787599343782e-08    2.80078860098523e-10    1.08453611079756e-07    3.01106927561316e-08    1.78570258141989e-07
151.999999999934    2.78518835359079e-08    6.85726349588635e-09    2.57561749841015e-08    2.78686522225044e-10    8.91607983083061e-08    2.79611154035623e-08    1.77865922249989e-07
152.499999999934    8.47276390966626e-08    4.13147471406151e-09    2.11289970666087e-08    3.23598706362564e-10    4.40426506793146e-08    2.23126916126835e-08    1.76667051875693e-07
152.999999999933    1.24754508419822e-07    6.59674429326381e-09    1.4968605515307e-08    4.55860445945474e-10    1.28342687225272e-08    1.4918845325691e-08    1.74528832722557e-07
153.499999999933    1.43425226004198e-07    9.92741684119764e-09    8.36533994226919e-09    8.50680848451158e-10    1.69218670867176e-09    7.55947250936489e-09    1.71820322854152e-07
153.999999999932    1.55022476403333e-07    7.30423086856965e-09    3.22972624744393e-09    2.11297127847402e-09    1.99621439497272e-11    1.17328178143299e-09    1.68862648723204e-07
154.499999999932    1.50246360629056e-07    3.56121680360306e-09    5.92208112024277e-09    1.17575213012166e-09    2.25694362797359e-10    4.71733638711508e-09    1.65848441432936e-07
154.999999999932    1.2628586304011e-07    8.05480619846173e-09    1.16660354105477e-08    5.73833736804883e-10    4.97852236487557e-09    1.14216573878315e-08    1.62980718138632e-07
155.499999999931    9.01237905624966e-08    1.09567789581206e-08    1.73773626455932e-08    3.81194160556476e-10    2.37901765661622e-08    1.78089732934848e-08    1.60438276186414e-07
155.999999999931    5.10080424820944e-08    5.23925527185788e-09    2.21870145908226e-08    3.00215257660173e-10    5.61369104453044e-08    2.35244076051029e-08    1.58395845652842e-07
156.49999999993    1.59653950734815e-08    3.11691027057294e-09    2.47804969137333e-08    2.63748076324242e-10    8.55815948185743e-08    2.73454252672627e-08    1.57053570419949e-07
156.99999999993    9.79544421939685e-09    7.24671975179942e-09    2.47833418855734e-08    2.52667922623018e-10    8.70553539911735e-08    2.71975682694663e-08    1.56331096040032e-07
157.499999999929    4.88612164620184e-08    5.47256290194068e-09    2.18536689325033e-08    2.68719808707831e-10    5.58429220656864e-08    2.33160702257516e-08    1.55615160396608e-07
157.999999999929    9.30307940545802e-08    4.49108822198317e-09    1.6854197840878e-08    3.43429459621427e-10    2.22565241339897e-08    1.7228143290769e-08    1.54204177001821e-07
158.499999999928    1.16042578592457e-07    8.8276334199527e-09    1.09817404982596e-08    5.37141675795941e-10    5.13151751886023e-09    1.06246551276651e-08    1.52145266832991e-07
158.999999999928    1.29238314714685e-07    9.4926431706506e-09    5.30807888112619e-09    1.17693634433484e-09    3.82324139482957e-10    4.15645812707638e-09    1.49754755377356e-07
159.499999999927    1.36805945957652e-07    4.43157044795167e-09    2.92225480046944e-09    1.97917121225822e-09    7.46847652844594e-12    1.06069878912772e-09    1.47207109683988e-07
159.999999999927    1.23815621041267e-07    4.57440825354338e-09    7.60965302628632e-09    7.59645651127973e-10    1.03304340690769e-09    6.88619805878124e-09    1.44678569437913e-07
160.499999999927    9.56383334473399e-08    1.03717365036918e-08    1.29389849851855e-08    4.33620221674699e-10    1.00552361060436e-08    1.29108516257903e-08    1.42348762889726e-07
160.999999999926    6.20427000786955e-08    8.41442169666137e-09    1.78367563553828e-08    3.15213003085956e-10    3.32127279431033e-08    1.85487513154928e-08    1.40370570392422e-07
161.499999999926    2.91099347600719e-08    2.5104327625836e-09    2.12314045447445e-08    2.62607479033353e-10    6.27021687824074e-08    2.30846394952421e-08    1.38901187824083e-07
161.999999999925    6.75645922666712e-09    5.41622797432649e-09    2.24314357922828e-08    2.42797465065169e-10    7.85044038876614e-08    2.46861713560571e-08    1.3803749570206e-07
162.499999999925    2.49735074551433e-08    7.22606992165808e-09    2.08082713102585e-08    2.46177698727035e-10    6.15592395173876e-08    2.2695413385942e-08    1.37508679289116e-07
162.999999999924    6.91739550888615e-08    3.6129088759153e-09    1.70276942136882e-08    2.87165217092623e-10    2.87300878603635e-08    1.77279252084499e-08    1.36559736464371e-07
163.499999999924    9.66845247799091e-08    6.1926740425414e-09    1.18211282600744e-08    4.15050693055222e-10    8.05046171087488e-09    1.18078145163146e-08    1.3497165400277e-07
163.999999999923    1.08698772290192e-07    1.02281580142486e-08    6.50353809684665e-09    8.05948908029606e-10    1.05708735303055e-09    5.71833593830385e-09    1.33011840600651e-07
164.499999999923    1.1855929474348e-07    6.86218648913223e-09    2.7103357821099e-09    1.79495717328745e-09    1.13046145224965e-11    9.46953409359787e-10    1.30885032211892e-07
164.999999999922    1.14788412455191e-07    2.8829822321682e-09    5.3777244981152e-09    9.22289880705761e-10    2.5318860281181e-10    4.47603421222914e-09    1.28700631881221e-07
165.499999999922    9.31515422024844e-08    8.16430967904166e-09    1.02557438946986e-08    4.73527067033019e-10    4.56658388652057e-09    1.00158729932982e-08    1.26627579723076e-07
165.999999999922    6.38756448296238e-08    1.0719575345396e-08    1.49036777496351e-08    3.2402783269985e-10    1.96741035529297e-08    1.53144353397628e-08    1.24811464650047e-07
166.499999999921    3.74062895434075e-08    4.27592975047853e-09    1.87195670099391e-08    2.56428812033352e-10    4.28444915564279e-08    1.98430969650873e-08    1.23345803637374e-07
166.999999999921    1.31540706522255e-08    3.02665473776998e-09    2.06074217185218e-08    2.29186786545213e-10    6.26465638386959e-08    2.26824829718787e-08    1.22346380705637e-07
167.49999999992    8.61890913270452e-09    8.08786262344241e-09    2.0285362879842e-08    2.23492444000527e-10    6.22017139404268e-08    2.23868510396782e-08    1.21804192060094e-07
167.99999999992    4.07215006580139e-08    5.15796518896983e-09    1.78270952413752e-08    2.39362535208935e-10    3.83253787339462e-08    1.89628760114935e-08    1.21234178369008e-07
168.499999999919    7.38145744098234e-08    3.7268332572559e-09    1.37060043634723e-08    3.05670655319049e-10    1.46915828545419e-08    1.39142261277392e-08    1.20158891668152e-07
168.999999999919    8.85240384209556e-08    8.87983174908255e-09    8.82076374657099e-09    4.94295217370654e-10    3.40631722246471e-09    8.52012710273616e-09    1.18645373459181e-07
169.499999999918    9.854051817901e-08    9.64778130552966e-09    4.23283834497865e-09    1.10709341046716e-09    2.57644213828008e-10    3.13348149290646e-09    1.1691935694672e-07
169.999999999918    1.06220335306949e-07    3.44542154469247e-09    2.63702957214299e-09    1.61770734537022e-09    1.04679528101601e-11    1.1305492759208e-09    1.15061510997886e-07
170.499999999917    9.41692855804904e-08    4.46664032780846e-09    6.74108060683074e-09    6.30151298499844e-10    9.79817568146846e-10    6.22173537959824e-09    1.13208710761375e-07
170.999999999917    6.94871404249368e-08    1.06259143967753e-08    1.11850858869105e-08    3.72192856006471e-10    8.55959845442735e-09    1.12894384625605e-08    1.11519370481617e-07
171.499999999917    4.52004294746771e-08    7.7914061938333e-09    1.51353956505196e-08    2.74021699219546e-10    2.57645442852417e-08    1.59299302484063e-08    1.10095727551897e-07
171.999999999916    2.38743731671749e-08    1.65078739090429e-09    1.80273059830743e-08    2.25978800757016e-10    4.59927450254033e-08    1.92080267354325e-08    1.08979217102746e-07
172.499999999916    5.56045655763138e-09    6.3869354398382e-09    1.86151806565946e-08    2.14566975504657e-10    5.69917250295233e-08    2.05584440876958e-08    1.08327308746788e-07
172.999999999915    2.04611227678387e-08    7.40848547353514e-09    1.73308457758503e-08    2.17763174670408e-10    4.38488291262203e-08    1.86361383510405e-08    1.07903184669155e-07
173.499999999915    5.55204739919248e-08    2.81228842456193e-09    1.41169069542821e-08    2.55413582892282e-10    1.98548731507485e-08    1.46230997405547e-08    1.07183055844964e-07
173.999999999914    7.43823560394306e-08    5.98327205183321e-09    9.83573590636224e-09    3.70592076533097e-10    5.67388666909198e-09    9.75599824848729e-09    1.06001840991738e-07
174.499999999914    8.20411834222108e-08    1.08389026324495e-08    5.42429902195652e-09    7.41399876702508e-10    8.22742599161636e-10    4.71483901316413e-09    1.04583366565645e-07
174.999999999913    9.23263403151274e-08    5.94411316782517e-09    2.36133133601517e-09    1.5232885324166e-09    8.71322854093425e-12    8.701434188727e-10    1.03033929998798e-07
175.499999999913    8.95821602787947e-08    2.22163279713765e-09    4.68715289243941e-09    7.80896235485708e-10    2.09146585095927e-10    3.93333474183119e-09    1.01414323530785e-07
175.999999999912    6.96598274605781e-08    8.58331034641083e-09    8.84463096094219e-09    4.13456648367761e-10    3.7570573538884e-09    8.62678078195297e-09    9.98850635521402e-08
176.499999999912    4.66322584165764e-08    1.07505286548365e-08    1.26384403449968e-08    2.87220688486145e-10    1.51520949712668e-08    1.31041559153932e-08    9.85646989915559e-08
176.999999999912    3.06789476901487e-08    3.00227379545389e-09    1.57867371518311e-08    2.26033955235262e-10    3.10777038958695e-08    1.66937892740645e-08    9.7465485762603e-08
177.499999999911    1.16358231342409e-08    3.40962963910051e-09    1.7357957064087e-08    2.01791750700289e-10    4.52533806624844e-08    1.88055764809605e-08    9.66641587315735e-08
177.999999999911    6.22119933756773e-09    8.97821819713573e-09    1.6974118137374e-08    1.99268687985852e-10    4.52896737934649e-08    1.85763596679092e-08    9.62388378214375e-08
178.49999999991    3.30248803525646e-08    4.49610049209107e-09    1.49056223194855e-08    2.1370620808094e-10    2.73391976314989e-08    1.58264156919758e-08    9.58059226956968e-08
178.99999999991    5.81490407142157e-08    2.86723636126591e-09    1.14863732789539e-08    2.71928364465629e-10    1.0475323060415e-08    1.17406250776411e-08    9.49905268569573e-08
179.499999999909    6.64374768608578e-08    9.61980554341802e-09    7.48335861128565e-09    4.42711850480199e-10    2.67787368292003e-09    7.2187484559722e-09    9.38799750049339e-08
179.999999999909    7.5504630766319e-08    9.53769298173492e-09    3.67800001409612e-09    9.73952197518558e-10    2.21848225993367e-10    2.71527581251009e-09    9.2631399998172e-08
180.499999999908    8.44021990311029e-08    2.26979276104794e-09    2.22217526323252e-09    1.41859078633524e-09    6.75018361849913e-12    9.31888750590323e-10    9.12513967759274e-08
180.999999999908    7.29146454047722e-08    4.47131593675858e-09    5.81258657276571e-09    5.52339708415887e-10    7.76024664117386e-10    5.33689928128054e-09    8.98638115681103e-08
181.499999999907    5.10353184648034e-08    1.14058486444995e-08    9.57034162888627e-09    3.3521960949962e-10    6.67697802841735e-09    9.59339834582271e-09    8.86171047219288e-08
181.999999999907    3.53783996985861e-08    7.04882337905769e-09    1.29097612293983e-08    2.43174896229702e-10    1.8649893670133e-08    1.33296559190177e-08    8.75597087924224e-08
182.499999999907    2.17318033711084e-08    1.05325738738124e-09    1.50497922179444e-08    2.0362410025146e-10    3.24413838763253e-08    1.62171215019461e-08    8.66969824549569e-08
182.999999999906    4.19603861342166e-09    7.41765006714454e-09    1.58046980891052e-08    1.9062734459346e-10    4.14733235705742e-08    1.70483058443048e-08    8.61306435291439e-08
183.499999999906    1.54390816057209e-08    7.59971352926045e-09    1.4660364439014e-08    1.94987577629701e-10    3.22376964386026e-08    1.5682536039856e-08    8.58143796300838e-08
183.999999999905    4.42406418496597e-08    1.75255245473487e-09    1.20465205196518e-08    2.26186703500126e-10    1.45366319429653e-08    1.24688862834132e-08    8.52714197539249e-08
184.499999999905    5.64322489698638e-08    6.10599626275877e-09    8.55797754328898e-09    3.24264371014589e-10    4.54098529067154e-09    8.43176264800965e-09    8.43932350856074e-08
184.999999999904    6.13760154098143e-08    1.14775932445879e-08    4.83796139155272e-09    6.5217215767294e-10    7.98046633814341e-10    4.22911486093043e-09    8.33709036983726e-08
185.499999999904    7.27809872467606e-08    5.19003632481317e-09    2.12472833202941e-09    1.28723619680633e-09    9.10487459912301e-12    8.40332185235665e-10    8.22324251602444e-08
185.999999999903    7.14981593613324e-08    1.61360449057317e-09    3.90179274615663e-09    7.06609891659626e-10    1.24880351306466e-10    3.16315436155497e-09    8.10082012025832e-08
186.499999999903    5.29880605326017e-08    9.13162336704181e-09    7.40833420313918e-09    3.82095903442816e-10    2.7505133219507e-09    7.19856401373351e-09    7.98591913419097e-08
186.999999999902    3.53844908603061e-08    1.09045172259856e-08    1.0623191698175e-08    2.62634883439573e-10    1.08130134319382e-08    1.08900124643034e-08    7.88778605641479e-08
187.499999999902    2.72359968623692e-08    2.20632241952854e-09    1.31225798782428e-08    2.05707805573523e-10    2.1303525308781e-08    1.39616423421809e-08    7.80357746166759e-08
187.999999999902    1.12515771244293e-08    3.77245786521827e-09    1.45524476111074e-08    1.82134116802547e-10    3.1953165340688e-08    1.56485636901304e-08    7.7360345748376e-08
188.499999999901    3.73507542637749e-09    9.75287524833233e-09    1.43210829764515e-08    1.80557842084425e-10    3.34201073731011e-08    1.55924746812719e-08    7.70021735476187e-08
188.999999999901    2.57680793005654e-08    4.11874702646996e-09    1.2748193700058e-08    1.90697804518645e-10    2.03987086336264e-08    1.34482285044323e-08    7.66726549696707e-08
189.4999999999    4.5268920896453e-08    2.25363771119851e-09    9.98001767041968e-09    2.38498961924966e-10    8.13425452384968e-09    1.01851758460074e-08    7.60605056098533e-08
189.9999999999    4.91884570131585e-08    1.0125687656554e-08    6.66613566018097e-09    3.85275826230055e-10    2.44532000509254e-09    6.4393050242627e-09    7.52501811854788e-08
190.499999999899    5.7669790635602e-08    9.53112108562715e-09    3.45373965205331e-09    8.11780466712908e-10    2.52919938960442e-10    2.62819415069052e-09    7.43475459296463e-08
190.999999999899    6.79789500219183e-08    1.68242056667666e-09    1.77328561869171e-09    1.31581509718893e-09    2.44400275954145e-12    5.59816472721676e-10    7.33127317799568e-08
191.499999999898    5.77250649487463e-08    4.47752211063349e-09    4.76373020954463e-09    5.26899679937164e-10    4.96463540074989e-10    4.26590779151707e-09    7.22555882804536e-08
191.999999999898    3.86458903490837e-08    1.1886030229529e-08    7.95698024476225e-09    3.17706876548248e-10    4.65450969356517e-09    7.85747753204552e-09    7.13185949255339e-08
192.499999999897    2.93308047533327e-08    6.71722260793815e-09    1.07040509406729e-08    2.25808380174964e-10    1.25094459981632e-08    1.10315155134047e-08    7.05188481936866e-08
192.999999999897    2.08722314780456e-08    9.2860591624661e-10    1.26407451668951e-08    1.84374797007482e-10    2.18203134298559e-08    1.33636549751962e-08    6.98099257632468e-08
193.499999999897    3.75985012595187e-09    7.94494785840987e-09    1.32803792151479e-08    1.73337717474073e-10    2.98443541527573e-08    1.43237267922171e-08    6.93265958619581e-08
193.999999999896    1.06350545312892e-08    7.93163705939616e-09    1.25108546275427e-08    1.76795240666447e-10    2.44072864102576e-08    1.34039726298669e-08    6.90656004990191e-08
194.499999999896    3.43339933399208e-08    1.26484956086969e-09    1.04942709887827e-08    2.00906917308157e-10    1.14377878499919e-08    1.09295819941668e-08    6.866139065104e-08
194.999999999895    4.2272047182028e-08    6.04325670779586e-09    7.71053087621676e-09    2.78176219484384e-10    4.08460741053978e-09    7.62389693477252e-09    6.80125153308373e-08
195.499999999895    4.54375842259971e-08    1.16915605546413e-08    4.57757150327252e-09    5.4783785929869e-10    9.16274527471692e-10    4.10658721578705e-09    6.72774158864683e-08
195.999999999894    5.73582155825403e-08    4.99318447982694e-09    2.04143941011836e-09    1.05709044223152e-09    1.77249501072787e-11    9.7201952075948e-10    6.64396743855839e-08
196.499999999894    5.81393887289894e-08    1.36946063924213e-09    2.95217699779157e-09    7.23089786638872e-10    5.11708011212923e-11    2.26820748545197e-09    6.55034944392352e-08
196.999999999893    4.15029992626983e-08    9.30969639430097e-09    5.99857826271386e-09    3.85203619284316e-10    1.72153657237685e-09    5.70737086169248e-09    6.46253849730668e-08
197.499999999893    2.81078823473886e-08    1.09331374237054e-08    8.70332433970684e-09    2.54438021551006e-10    7.00921879820625e-09    8.87473700322136e-09    6.38827379337794e-08
197.999999999892    2.50104351237394e-08    2.05606564105715e-09    1.09236330778861e-08    1.90787156788769e-10    1.36174507972392e-08    1.1413835513785e-08    6.32122073104956e-08
198.499999999892    1.16860377801256e-08    3.88624807956473e-09    1.21639873244999e-08    1.68958318262221e-10    2.16973232661444e-08    1.30355134412745e-08    6.26380682098714e-08
198.999999999892    1.961836011857e-09    1.01615246155642e-08    1.2209670530236e-08    1.66233844598739e-10    2.46298899473223e-08    1.31835154020408e-08    6.2312670351619e-08
199.499999999891    1.91050926435752e-08    4.18509791995191e-09    1.10515089293747e-08    1.7323784077947e-10    1.58314203527075e-08    1.17147736416831e-08    6.20611313280719e-08
199.999999999891    3.46278285577415e-08    1.86795363733309e-09    8.94144014503804e-09    2.08499011000925e-10    6.83584533987187e-09    9.12067544735622e-09    6.16022421383417e-08
200.49999999989    3.58205460556455e-08    1.0102463297828e-08    6.22698212682543e-09    3.28989113587587e-10    2.4914942202912e-09    6.04325653763223e-09    6.10137313518099e-08
200.99999999989    4.35149783382722e-08    9.5808415241506e-09    3.44038276827281e-09    6.54179405129408e-10    3.53166868596508e-10    2.82202682993554e-09    6.03655757343571e-08
201.499999999889    5.50525515999684e-08    1.58536000772157e-09    1.45013467264054e-09    1.22167900524377e-09    6.24829695040216e-13    2.77412354133383e-10    5.95877624694027e-08
201.999999999889    4.68748748158951e-08    4.27077133109772e-09    3.68091879266539e-09    5.58398090564996e-10    2.42559527219575e-10    3.14295108473481e-09    5.87704736421776e-08
202.499999999888    3.03851629589986e-08    1.18062661612536e-08    6.40648926293662e-09    3.28096821082448e-10    2.85708639282975e-09    6.27041163600597e-09    5.8053513233107e-08
202.999999999888    2.50405740882808e-08    6.68686742685165e-09    8.76428011714896e-09    2.1742890112233e-10    7.72324761219881e-09    9.00452466578548e-09    5.74369228113881e-08
203.499999999887    2.04385109214138e-08    9.0699059395097e-10    1.04764567929806e-08    1.74657462507216e-10    1.37973623028285e-08    1.105714874501e-08    5.68511268186911e-08
203.999999999887    4.22756160071405e-09    7.84277847642163e-09    1.12841227784467e-08    1.61845631209944e-10    2.0924921551642e-08    1.19676604635482e-08    5.64088905019825e-08
204.499999999887    6.45231508399094e-09    8.41392770919561e-09    1.08342449865424e-08    1.63538633861169e-10    1.87783970949972e-08    1.15444658434856e-08    5.6186889352073e-08
204.999999999886    2.59881846872978e-08    1.16139973798943e-09    9.39368190883383e-09    1.78845662009623e-10    9.44509649671589e-09    9.71812536410419e-09    5.58853338569507e-08
205.499999999886    3.15219441663081e-08    5.42984748780877e-09    7.13730630836772e-09    2.40309339402043e-10    3.90534903052547e-09    7.17362969059986e-09    5.5408386023012e-08
205.999999999885    3.29897956004403e-08    1.15190207910193e-08    4.58437099181807e-09    4.39781218298393e-10    1.14163946466685e-09    4.20554921454469e-09    5.48801572807876e-08
206.499999999885    4.46521885160847e-08    5.24318386386925e-09    2.17056963400705e-09    8.31536647622856e-10    4.6086291860843e-11    1.32486788067939e-09    5.42684328341241e-08
206.999999999884    4.83188849872692e-08    1.03909339222238e-09    2.15332363753365e-09    7.97376991769661e-10    1.13942463014811e-11    1.22674168496146e-09    5.35468149400578e-08
207.499999999884    3.38024273255568e-08    8.66652656077997e-09    4.68873559165307e-09    4.16470236682947e-10    9.150851671183e-10    4.37429642586111e-09    5.28635413076522e-08
207.999999999883    2.28386109432391e-08    1.07900204528093e-08    7.06130681782029e-09    2.57290239852733e-10    4.21820855470405e-09    7.12260584660936e-09    5.22880428550348e-08
208.499999999883    2.27280469468334e-08    2.25830170164149e-09    9.04027521158568e-09    1.843514821107e-10    8.23455609393157e-09    9.30718013274794e-09    5.17527115688508e-08
208.999999999882    1.25956263580849e-08    3.37981732514849e-09    1.02262476490911e-08    1.60763174597334e-10    1.41014863343955e-08    1.0793944125054e-08    5.12578849663714e-08
209.499999999882    1.06597643055878e-09    1.01073962488776e-08    1.04905552550143e-08    1.56763636665107e-10    1.79839254103773e-08    1.11484430137203e-08    5.09530599952133e-08
209.999999999882    1.32700241157095e-08    4.76579104747156e-09    9.71384776726262e-09    1.59969153245636e-10    1.25803314591179e-08    1.02654959237393e-08    5.07554594665465e-08
210.499999999881    2.65974632893599e-08    1.27658692581158e-09    8.13765876754958e-09    1.85114865191068e-10    5.87436799574535e-09    8.34271196817675e-09    5.04139038118342e-08
210.999999999881    2.62010256213142e-08    9.10562737493816e-09    5.98190234982146e-09    2.74473904052688e-10    2.55365759147309e-09    5.86156776027092e-09    4.99782546018705e-08
211.49999999988    3.21139615331352e-08    9.65544090279813e-09    3.59221840853094e-09    5.12574017450842e-10    5.11749914623508e-10    3.12737710971754e-09    4.95133218862562e-08
211.99999999988    4.41691091584671e-08    1.87297964043474e-09    1.44464111007131e-09    1.00420973514201e-09    2.62885306175734e-12    4.40191905902692e-10    4.89337604030796e-08
212.499999999879    3.93112322923994e-08    3.40082360631734e-09    2.75005561508139e-09    6.07534163926793e-10    8.90175939776823e-11    2.13475828502085e-09    4.82934215567235e-08
212.999999999879    2.48689406773746e-08    1.08425807786508e-08    5.12767347658739e-09    3.48647570084116e-10    1.61634796846342e-09    4.92675985218183e-09    4.77309503233422e-08
213.499999999878    2.10222004852684e-08    6.82095569144014e-09    7.25398051978396e-09    2.15638168490579e-10    4.65716733185002e-09    7.27438173048775e-09    4.72443239273208e-08
213.999999999878    1.93031643228992e-08    9.22994057244277e-10    8.76370949280043e-09    1.6922658643386e-10    8.48269637221808e-09    9.12594403140919e-09    4.67677348630051e-08
214.499999999877    5.47878013175056e-09    6.8180896144053e-09    9.54586306334688e-09    1.56086604274532e-10    1.42652467958212e-08    1.01137285332866e-08    4.6377794742885e-08
214.999999999877    3.41306086805251e-09    8.74332612278822e-09    9.42739080348775e-09    1.55463091002943e-10    1.44617994264455e-08    9.96808472450896e-09    4.61691250362859e-08
215.499999999877    1.92172419960769e-08    1.52313535560173e-09    8.44638780277987e-09    1.62626488990435e-10    7.89441635119839e-09    8.70033686980963e-09    4.5944144864457e-08
215.999999999876    2.4182253756593e-08    4.13677254862831e-09    6.71702709999835e-09    2.06389329381616e-10    3.59228587840783e-09    6.75209773134046e-09    4.55868263443496e-08
216.499999999876    2.41680999545515e-08    1.04466902895816e-08    4.59973250983908e-09    3.55342773974805e-10    1.31544220484082e-09    4.31186829813851e-09    4.51971760309263e-08
216.999999999875    3.40921649893036e-08    5.77240029308421e-09    2.38514341664789e-09    6.47890089599238e-10    1.02224719400651e-10    1.75216084687761e-09    4.47519843549132e-08
217.499999999875    4.04409519998775e-08    8.23803490144848e-10    1.43021663690759e-09    9.4806862019659e-10    1.67406542413157e-12    5.52722773369988e-10    4.41974375859207e-08
217.999999999874    2.86658318008853e-08    7.08233454499702e-09    3.70822310509485e-09    4.42308183815899e-10    4.48422313985108e-10    3.30739431757716e-09    4.36545142663554e-08
218.499999999874    1.88279084719763e-08    9.99573016572282e-09    5.81298525716463e-09    2.64079114835448e-10    2.54566890332192e-09    5.75072375315479e-09    4.31970956661759e-08
218.999999999873    1.94568688946094e-08    2.79094353344208e-09    7.52016381091769e-09    1.82199189044138e-10    5.10788459619894e-09    7.71583862971102e-09    4.27738986539232e-08
219.499999999873    1.28518216108995e-08    2.56694557412491e-09    8.66831096864044e-09    1.55104827878781e-10    9.12908311677809e-09    8.98721897998982e-09    4.23584850783116e-08
219.999999999872    1.30949634407788e-09    9.17118780791099e-09    8.96801471546549e-09    1.51703620477073e-10    1.29748313403002e-08    9.50792789351275e-09    4.20831617217444e-08
220.499999999872    8.77725311353048e-09    5.4900245698933e-09    8.54856786615716e-09    1.51450287702215e-10    9.99989948118731e-09    8.94699688039358e-09    4.1914192198864e-08
220.999999999872    2.06839337140222e-08    9.46545155134065e-10    7.37341329343956e-09    1.67962473843908e-10    4.90275090939811e-09    7.58340759938118e-09    4.1658013145219e-08
221.499999999871    2.02480896471979e-08    7.20962212087512e-09    5.65642447602151e-09    2.34816012121318e-10    2.34748930596175e-09    5.62750167666704e-09    4.13239432388446e-08
221.999999999871    2.38335201897275e-08    9.19674464197109e-09    3.61624446446485e-09    4.23330260823009e-10    6.19971204186694e-10    3.28960711531205e-09    4.09794178764852e-08
222.49999999987    3.49321071583418e-08    2.44101012755548e-09    1.58401835406654e-09    7.91709778560488e-10    1.09755977005919e-11    7.87881028623959e-10    4.05477020448489e-08
222.99999999987    3.34191021010732e-08    2.36873804887431e-09    2.10572600582858e-09    6.37087511883885e-10    3.13902717466048e-11    1.48169228405487e-09    4.00437362234614e-08
223.499999999869    2.08629545369505e-08    9.16731932224309e-09    4.25538176815385e-09    3.58422795465528e-10    9.52696166145438e-10    3.99572907255893e-09    3.95925036615174e-08
223.999999999869    1.70009387403565e-08    6.75922044748137e-09    6.09257914236338e-09    2.1590302367262e-10    3.01811815085174e-09    6.12032220271148e-09    3.92070817074371e-08
224.499999999868    1.69993752337333e-08    1.0679725575587e-09    7.47844654765829e-09    1.6318693515111e-10    5.46615722783982e-09    7.65019499248741e-09    3.88253334944286e-08
224.999999999868    6.42579280708138e-09    5.45235662459417e-09    8.14225490952132e-09    1.51466015026482e-10    9.7350793517579e-09    8.58663130759656e-09    3.84935810155778e-08
225.499999999867    1.85609695586072e-09    8.60195103449636e-09    8.17019334907032e-09    1.50624059959518e-10    1.09372656813631e-08    8.58588251205286e-09    3.83020135928029e-08
225.999999999867    1.42811744013106e-08    2.1494303067568e-09    7.50239265471787e-09    1.52815381162737e-10    6.34166017328673e-09    7.70086831732473e-09    3.81283412345595e-08
226.499999999867    1.95792463445749e-08    2.77921481823713e-09    6.18474116241126e-09    1.84507636830948e-10    2.92965473038282e-09    6.19312131762678e-09    3.78504860100638e-08
226.999999999866    1.85692849961313e-08    8.83159812590434e-09    4.38514386645686e-09    3.03822407501267e-10    1.23718188523728e-09    4.22223187840106e-09    3.75492631596321e-08
227.499999999866    2.59944534654201e-08    6.14255028145247e-09    2.47114334332874e-09    5.39016110324279e-10    1.47510464442328e-10    1.92235854899118e-09    3.72170322139591e-08
227.999999999865    3.36677439510105e-08    7.7098123147164e-10    1.12326234630943e-09    9.54874487366082e-10    5.04872461859374e-13    2.73282121790613e-10    3.67906490104101e-08
228.499999999865    2.44810052304054e-08    5.38116282431305e-09    3.10546290368175e-09    4.3631990772048e-10    2.47402859680451e-10    2.70339709472071e-09    3.63547508205218e-08
228.999999999864    1.507865712301e-08    9.02070328447542e-09    5.01618344933568e-09    2.6311636433543e-10    1.72713141376864e-09    4.88027902752718e-09    3.59860706624523e-08
229.499999999864    1.56312560291126e-08    3.28188257189646e-09    6.48347398903344e-09    1.76713290784394e-10    3.48681713870216e-09    6.59453065972098e-09    3.565467367925e-08
229.999999999863    1.21850189625917e-08    1.80367376079046e-09    7.41738339952945e-09    1.50391834190953e-10    6.08253706257724e-09    7.68265248210068e-09    3.53216575017805e-08
230.499999999863    1.85291650394322e-09    7.99600671187639e-09    7.71518937810894e-09    1.48346686490409e-10    9.25305033168196e-09    8.11078638149935e-09    3.50762959936003e-08
230.999999999862    5.86304486674624e-09    6.13541593884823e-09    7.41265972572644e-09    1.48303515228318e-10    7.6281324011342e-09    7.74727946239001e-09    3.49348359100734e-08
231.499999999862    1.67974683545967e-08    8.76556514845192e-10    6.55126199959702e-09    1.58548720047695e-10    3.68083292697241e-09    6.66919814476424e-09    3.47338666608233e-08
231.999999999862    1.69764180317438e-08    5.25745527807656e-09    5.15318590672453e-09    2.13333553682395e-10    1.76911757785509e-09    5.09466727087117e-09    3.44641776189536e-08
232.499999999861    1.81850797523271e-08    8.55067783350776e-09    3.41645858665265e-09    3.81711412863635e-10    5.68858049016459e-10    3.09123377672944e-09    3.41940194110971e-08
232.999999999861    2.75423097522254e-08    3.12315668894658e-09    1.60246911197587e-09    6.77647151440733e-10    1.85448601858076e-11    9.04443781293619e-10    3.3868571346068e-08
233.49999999986    2.83524285751651e-08    1.47941010592138e-09    1.81283510181781e-09    6.00032494019298e-10    1.57421834185208e-11    1.2095252738045e-09    3.34699737341466e-08
233.99999999986    1.71401094672854e-08    7.64523250678549e-09    3.78062602705657e-09    3.41191884301642e-10    6.75861282182476e-10    3.52153922431681e-09    3.31045603919284e-08
234.499999999859    1.27012356955021e-08    6.86456456016272e-09    5.39590273840197e-09    2.0933060534607e-10    2.27661568249286e-09    5.35164010097106e-09    3.27992893828768e-08
234.999999999859    1.41293142680374e-08    1.29843467267502e-09    6.52783847080821e-09    1.57322618271779e-10    3.79682333788606e-09    6.59421329011803e-09    3.25039466577965e-08
235.499999999858    6.97263193728092e-09    4.17228548443031e-09    7.01993539956615e-09    1.47711066186468e-10    6.61125150378384e-09    7.30600570887837e-09    3.22298211001261e-08
235.999999999858    1.22584641894722e-09    8.45901665908369e-09    6.98449444423796e-09    1.51002853021109e-10    7.92583803932618e-09    7.31641693347348e-09    3.20626153480896e-08
236.499999999857    1.10522526715997e-08    3.04105623016164e-09    6.4243643329724e-09    1.53207900354496e-10    4.61737159901202e-09    6.63554397577993e-09    3.19237967098802e-08
236.999999999857    1.70937303088635e-08    1.70545921944444e-09    5.388613093131e-09    1.77539496951494e-10    1.93967982398275e-09    5.39271595094237e-09    3.16977378933156e-08
237.499999999856    1.5400188992077e-08    7.25620633878396e-09    3.89827124706821e-09    2.89875892100452e-10    8.77363325588418e-10    3.72396292172995e-09    3.1445868717348e-08
237.999999999856    1.98406691728476e-08    6.62870932103455e-09    2.27103795398672e-09    5.05782432027969e-10    1.39553744767386e-10    1.8026480416896e-09    3.11884006663538e-08
238.499999999856    2.76005266206482e-08    9.90930852092355e-10    1.10128856530764e-09    8.32600696741813e-10    1.063096181914e-12    3.32551059094924e-10    3.08589608900668e-08
238.999999999855    2.05749539801922e-08    3.99283732956339e-09    2.85422817525182e-09    3.92162045016293e-10    1.84512432757449e-10    2.50890554688325e-09    3.05075995096644e-08
239.499999999855    1.1220272148033e-08    8.34576296489958e-09    4.55287946891067e-09    2.50954237553109e-10    1.39651170069992e-09    4.44392383242007e-09    3.02103043525164e-08
239.999999999854    1.15777333537017e-08    3.93558351613116e-09    5.77446248894436e-09    1.69767014992244e-10    2.67922216022447e-09    5.81901943269689e-09    2.99557879666908e-08
240.499999999854    1.10940994379441e-08    1.31314045993497e-09    6.42385661710348e-09    1.46999371361807e-10    4.10766040206634e-09    6.61286656592501e-09    2.96986228543357e-08
240.999999999853    2.61019833408069e-09    7.05058226999302e-09    6.57786465828575e-09    1.49122369704856e-10    6.29234206832929e-09    6.80720904650516e-09    2.94873187468988e-08
241.499999999853    4.28770790453521e-09    6.91829826229078e-09    6.23754480701026e-09    1.54081705496857e-10    5.31551478756848e-09    6.45381011193331e-09    2.93669575788349e-08
241.999999999852    1.44217683472714e-08    1.25840147019904e-09    5.51671133164929e-09    1.60561655750549e-10    2.30950531169961e-09    5.5376838868247e-09    2.92046320033946e-08
242.499999999852    1.55285060879753e-08    3.66927774088153e-09    4.34833094157901e-09    2.1234578094494e-10    9.90055556892491e-10    4.22533542835708e-09    2.89738515366304e-08
242.999999999851    1.45539775898535e-08    7.97430446002495e-09    2.9086034259818e-09    3.90239580192616e-10    3.67754673324675e-10    2.55213834847675e-09    2.87470180778542e-08
243.499999999851    2.15795823770705e-08    3.93620667575438e-09    1.48230392400832e-09    6.30141416734086e-10    1.66221117798536e-11    8.50060923253197e-10    2.84949174286004e-08
243.999999999851    2.34321834506245e-08    1.03247398497925e-09    1.85764505421024e-09    4.96554922009594e-10    1.92914118074471e-11    1.34188846177592e-09    2.81800372854069e-08
244.49999999985    1.34165386674139e-08    6.46867189754038e-09    3.65715621859589e-09    2.98306922718201e-10    6.21259594436024e-10    3.42089478785317e-09    2.78828280885576e-08
244.99999999985    8.45905255640241e-09    7.05002041567621e-09    4.96613066193357e-09    1.99554980511255e-10    1.985647061252e-09    4.98506792043385e-09    2.76454735962093e-08
245.499999999849    1.11421080344428e-08    1.67806035532368e-09    5.7815515561722e-09    1.52908066367271e-10    2.81070018238974e-09    5.86049529670749e-09    2.74258234914032e-08
245.999999999849    7.19778362453855e-09    3.33162904414711e-09    6.02781383240292e-09    1.48060362246392e-10    4.31564609677864e-09    6.18518199088558e-09    2.72061149509992e-08
246.499999999848    1.46003357496134e-09    8.40718503221156e-09    5.81346568327613e-09    1.60692449911334e-10    5.21683181653124e-09    6.0024259577726e-09    2.70606345146642e-08
246.999999999848    9.20900497501504e-09    4.16700973670284e-09    5.24290526949358e-09    1.66455744913158e-10    2.84096066525446e-09    5.31867274488945e-09    2.69450091362685e-08
247.499999999847    1.58859862137945e-08    1.17881645892695e-09    4.31951129451239e-09    1.90107463446648e-10    9.24169100552707e-10    4.25520526323339e-09    2.67537957944666e-08
247.999999999847    1.39867773459632e-08    5.89817343057059e-09    3.08366639618991e-09    3.25244494240201e-10    4.09760374355712e-10    2.82667826651942e-09    2.6530300307839e-08
248.499999999846    1.53940865438709e-08    6.97591619654212e-09    1.92610382895557e-09    5.03974750880956e-10    7.87482225061158e-11    1.43972820644978e-09    2.63185577492055e-08
248.999999999846    2.19182644621539e-08    1.45581689806746e-09    1.31567099190992e-09    6.53114868600659e-10    8.17384839081378e-12    7.10710408280478e-10    2.60617514774032e-08
249.499999999846    1.653477683234e-08    2.98994405480035e-09    3.0021608669877e-09    3.10149350907463e-10    2.21327856871808e-10    2.72076340922053e-09    2.57791223711278e-08
249.999999999845    7.49532114318691e-09    7.6091371379639e-09    4.42853181298176e-09    2.22890950163161e-10    1.38839849470114e-09    4.3957089543222e-09    2.55399884933191e-08
250.499999999845    7.71913274960557e-09    4.40903436031381e-09    5.35322424062617e-09    1.61130815859021e-10    2.33349230182391e-09    5.37346484794826e-09    2.53494793161767e-08
250.999999999844    9.63584539091418e-09    1.10933874294395e-09    5.65388293837405e-09    1.44659985123561e-10    2.85540057756493e-09    5.76011914958729e-09    2.5159246784508e-08
251.499999999844    3.47587822943145e-09    6.2499803305919e-09    5.47952600202283e-09    1.57072102026539e-10    3.98972314580208e-09    5.63674910356431e-09    2.49889289134391e-08
251.999999999843    3.99482915612537e-09    7.47490755663603e-09    4.98515493273012e-09    1.77969017649548e-10    3.18683264210782e-09    5.06157889466338e-09    2.48812721999123e-08
252.499999999843    1.31137095142261e-08    1.98270976624367e-09    4.20892681562247e-09    1.8839603714891e-10    1.0863571433455e-09    4.1642457103305e-09    2.47443449869171e-08
252.999999999842    1.53508202763018e-08    2.48055843573755e-09    3.17265580466949e-09    2.5715596833916e-10    3.17899561992375e-10    2.95934593114825e-09    2.45384359781886e-08
253.499999999842    1.28162583974741e-08    7.07975157094969e-09    2.14026603823785e-09    4.50059651268636e-10    1.27641100927764e-10    1.7198829771592e-09    2.43338597360172e-08
253.999999999841    1.67869100760154e-08    4.43040316958075e-09    1.44328152314144e-09    5.73001174190494e-10    1.82919747399056e-11    8.76632654079385e-10    2.41285205717474e-08
254.499999999841    1.81046853811725e-08    9.61764835369296e-10    2.36481077090502e-09    3.34883525371556e-10    7.09877437136504e-11    2.04398482187855e-09    2.38811170784106e-08
254.999999999841    9.77869855373298e-09    5.08512312730625e-09    3.93643558791354e-09    2.26349645611046e-10    8.19079733515683e-10    3.7934049636832e-09    2.36390916117627e-08
255.49999999984    4.73092818174171e-09    6.47516460154598e-09    4.94762537327491e-09    1.72904976602812e-10    2.13321228854014e-09    4.99393753896729e-09    2.34537729606728e-08
255.99999999984    7.92267987937157e-09    1.93416046640145e-09    5.35971651108095e-09    1.43669087397019e-10    2.46109027739007e-09    5.47842107408743e-09    2.32997372957285e-08
256.499999999839    6.81174481820803e-09    2.69132150166749e-09    5.26744858966892e-09    1.4652035715993e-10    2.90571672624601e-09    5.31274655553911e-09    2.31354985484895e-08
256.999999999839    2.7595277681809e-09    7.55193308326447e-09    4.72538205732844e-09    1.80333134807401e-10    3.04401092160717e-09    4.75183450000978e-09    2.30130214651981e-08
257.499999999838    8.7479603543091e-09    4.79990936247197e-09    3.94440758170353e-09    2.11014510953557e-10    1.35377973409668e-09    3.85126427221429e-09    2.29083358157491e-08
257.999999999838    1.5328706917484e-08    1.22649378755634e-09    2.94620420091991e-09    2.46935186229242e-10    2.49956419169326e-10    2.74173694109783e-09    2.27400334524566e-08
258.499999999837    1.42642246939276e-08    4.29884480001336e-09    1.94246226242953e-09    4.44953051322752e-10    7.27769865102741e-11    1.51176330691217e-09    2.25350251011157e-08
258.999999999837    1.29978043238676e-08    6.07839288295726e-09    1.61510149932579e-09    5.05443488325844e-10    3.22744932540621e-11    1.11641918400603e-09    2.23454358717365e-08
259.499999999837    1.58369834211953e-08    1.90793840613842e-09    2.14304047842129e-09    3.73255276900705e-10    9.10131867494456e-11    1.78729941420773e-09    2.21395301836129e-08
259.999999999836    1.17173703723904e-08    2.240054225771e-09    3.68877588913621e-09    2.06281458507976e-10    5.25190587514262e-10    3.53863104807804e-09    2.19163035813979e-08
260.499999999836    4.53654137032632e-09    5.52366749056814e-09    4.80696322250979e-09    1.66473310842566e-10    1.85648080322774e-09    4.83270945751752e-09    2.17228356549921e-08
260.999999999835    4.23879283518516e-09    3.79968112251149e-09    5.32636067354207e-09    1.39595163809734e-10    2.61150875905487e-09    5.46876349765562e-09    2.15847020517589e-08
261.499999999835    7.00854776769894e-09    1.20024485873087e-09    5.26376148273907e-09    1.35013850813186e-10    2.46255403110535e-09    5.38545840361517e-09    2.14555803947026e-08
261.999999999834    4.51549716958006e-09    4.71987102806922e-09    4.70524643039282e-09    1.5878287495473e-10    2.46227795643431e-09    4.76815944585086e-09    2.1329834905282e-08
262.499999999834    5.88315755560863e-09    6.02869450586894e-09    3.84834196979576e-09    2.14972667128409e-10    1.47620874356491e-09    3.77890104234387e-09    2.12302764843105e-08
262.999999999833    1.26408295194412e-08    2.47769855977234e-09    2.80565924173846e-09    2.67167698803525e-10    3.20963603826443e-10    2.58757723934765e-09    2.10998958629296e-08
263.499999999833    1.56185642581542e-08    1.87671639721327e-09    1.69329446542608e-09    4.28339008622527e-10    3.08168959180856e-11    1.2662908365093e-09    2.09140218618435e-08
263.999999999832    1.2956588360104e-08    4.77307536431839e-09    1.48147348465697e-09    5.11060849825409e-10    2.17681602152024e-11    9.78756075590896e-10    2.07227222947109e-08
264.499999999832    1.26843060639119e-08    3.50146964440838e-09    2.0880928541022e-09    4.03156670975079e-10    1.42093596384524e-10    1.72092008877841e-09    2.05400389185605e-08
264.999999999832    1.12436070959851e-08    1.52958667992588e-09    3.50189420309023e-09    1.96668531752039e-10    5.01693001448095e-10    3.37406978312741e-09    2.03475192953287e-08
265.499999999831    5.89293829360475e-09    3.12608229679126e-09    4.66749598981707e-09    1.50674163430373e-10    1.64595063192377e-09    4.67652598778551e-09    2.01596673633527e-08
265.999999999831    2.35755040376201e-09    3.96483582151973e-09    5.29211400102643e-09    1.32010808583346e-10    2.8430880467733e-09    5.42808625129429e-09    2.00176853329591e-08
266.49999999983    4.54521674898159e-09    1.792603743227e-09    5.29554914424151e-09    1.25239246413928e-10    2.69544318742601e-09    5.46194732035767e-09    1.99159993906477e-08
266.99999999983    5.81748548972162e-09    2.22129127377552e-09    4.74730119355744e-09    1.38872202718859e-10    2.07667837345259e-09    4.81068331493161e-09    1.98123118481576e-08
267.499999999829    6.23328488723814e-09    4.51934453208751e-09    3.77763716617088e-09    1.91978039136491e-10    1.27736110260904e-09    3.71043548982221e-09    1.97100412170643e-08
267.999999999829    1.03383195330992e-08    3.64729479764329e-09    2.60944855573921e-09    2.94904357002433e-10    3.41917395055538e-10    2.36246959408279e-09    1.95943542326224e-08
268.499999999828    1.49889398456302e-08    1.64664475471311e-09    1.38288491197059e-09    4.83233977559139e-10    2.081569379032e-11    9.10443834130295e-10    1.94329630177937e-08
268.999999999828    1.41580699567515e-08    2.60273276144459e-09    1.23324205887422e-09    5.54145829011278e-10    1.17795006874924e-11    6.86140365217908e-10    1.92461104719869e-08
269.499999999827    1.0700649361168e-08    3.66511956172312e-09    2.24463966197927e-09    3.53041891558781e-10    1.89426669190862e-10    1.91764877479766e-09    1.90705259204177e-08
269.999999999827    8.5233498475202e-09    2.59871156580591e-09    3.50769477975471e-09    1.89509148786643e-10    6.96796189218826e-10    3.38819192136995e-09    1.89042534524562e-08
270.499999999827    6.06714693797561e-09    1.86092610848384e-09    4.54841905975224e-09    1.3938259200227e-10    1.56035773827207e-09    4.5667215802251e-09    1.87429540167111e-08
270.999999999826    2.66569352762551e-09    2.76525913908405e-09    5.14821849450264e-09    1.23144525711878e-10    2.6087430186719e-09    5.29279397974236e-09    1.86038526853383e-08
271.499999999826    2.34367536695632e-09    2.7511489245441e-09    5.1958900989037e-09    1.19798364895351e-10    2.72371601484711e-09    5.37361284760257e-09    1.85078416177492e-08
271.999999999825    5.37069532425063e-09    1.74171401033356e-09    4.67867714584056e-09    1.29388953339036e-10    1.76036291137491e-09    4.74757482496592e-09    1.84284131701046e-08
272.499999999825    7.72215485089211e-09    2.31224664413917e-09    3.65593659556343e-09    1.68630827854055e-10    8.52618749754218e-10    3.621437525299e-09    1.8333025193502e-08
272.999999999824    9.52691751433648e-09    3.5418055729186e-09    2.41754405710054e-09    2.98078647024302e-10    2.64710208767425e-10    2.16657439960776e-09    1.82156303997551e-08
273.499999999824    1.27581982207977e-08    2.70237998810957e-09    1.28857865862956e-09    5.06058607555746e-10    2.62538888480677e-11    7.92664755254928e-10    1.80741341191956e-08
273.999999999823    1.39826488183825e-08    1.5731101179484e-09    1.16952694685734e-09    5.34231655023032e-10    7.67143051905048e-12    6.38235585543508e-10    1.79054245542738e-08
274.499999999823    9.9967949305131e-09    2.92812131754777e-09    2.2972754630531e-09    3.09538107856404e-10    1.8399187120348e-10    2.0220218962648e-09    1.77377435864387e-08
274.999999999822    5.78688464946459e-09    4.11585382566935e-09    3.38637182734399e-09    1.988217091581e-10    8.49779996337564e-10    3.25155757039274e-09    1.75892695783663e-08
275.499999999822    5.0890743696307e-09    2.32491863037852e-09    4.21068554737482e-09    1.43181220818123e-10    1.47040863199035e-09    4.2229922221719e-09    1.74612606223644e-08
275.999999999822    4.12538189900481e-09    1.6883974967827e-09    4.68022485270516e-09    1.25052959790662e-10    1.94058666210398e-09    4.7784861615033e-09    1.73381300318906e-08
276.499999999821    2.27232559927657e-09    3.23789447255634e-09    4.67878731746534e-09    1.2783677565328e-10    2.12941403834254e-09    4.79161611528328e-09    1.72378743185774e-08
276.999999999821    4.37377342783182e-09    2.99543212452167e-09    4.15484334299592e-09    1.41283101310449e-10    1.32937030941568e-09    4.1724210863738e-09    1.71671233924493e-08
277.49999999982    8.9468869320206e-09    1.3637437077772e-09    3.13812083975748e-09    1.79653309018472e-10    4.12028128935206e-10    3.03779431823017e-09    1.70782272357391e-08
277.99999999982    1.03729857384644e-08    2.63929548163491e-09    1.90763902667085e-09    3.44305022108121e-10    1.03169772449162e-10    1.58533066341679e-09    1.69527257047442e-08
278.499999999819    1.0442996991564e-08    3.75356294561865e-09    1.29213050589474e-09    4.74805353886147e-10    1.82626091088913e-11    8.36756364312233e-10    1.68185147703847e-08
278.999999999819    1.1605407500132e-08    1.94391277719903e-09    1.54059480428439e-09    4.03376030998044e-10    2.25018764897729e-11    1.15842907274082e-09    1.6674222061844e-08
279.499999999818    9.38482549427254e-09    1.79454738427291e-09    2.55515446670007e-09    2.41658935973385e-10    2.03346008785455e-10    2.3422761097189e-09    1.65218083997233e-08
279.999999999818    4.16017485411848e-09    4.39669013552062e-09    3.40313326819804e-09    1.93374643991328e-10    9.16922673976801e-10    3.31435151960796e-09    1.63846470954132e-08
280.499999999817    3.08276895829952e-09    3.65195359465951e-09    3.96032115332536e-09    1.52166092950634e-10    1.46173166339197e-09    3.9726101113624e-09    1.62815515739894e-08
280.999999999817    4.79059481420633e-09    1.45096034737027e-09    4.2131536256048e-09    1.31047023439267e-10    1.36650592339724e-09    4.23215593736648e-09    1.61844176713844e-08
281.499999999817    3.91343490706383e-09    2.64202160614914e-09    4.02951983616584e-09    1.41172458590281e-10    1.26445635004725e-09    4.09694301396199e-09    1.60875481719783e-08
281.999999999816    3.97512749923945e-09    4.15247264055967e-09    3.47202272463404e-09    1.75987975751397e-10    8.39930620043082e-10    3.39264454247028e-09    1.60081860026979e-08
282.499999999816    8.7123325571223e-09    2.08464357877953e-09    2.4572265289112e-09    2.36487293792319e-10    1.86797460965219e-10    2.24842383991853e-09    1.59259112594891e-08
282.999999999815    1.17930404683227e-08    1.44665406413115e-09    1.26602189271123e-09    4.47654205211922e-10    1.60967585142901e-11    8.29781881239883e-10    1.57992492701312e-08
283.499999999815    9.42708607454554e-09    3.44992276654015e-09    1.38062615247968e-09    4.43656826022279e-10    1.92670453641211e-11    9.43045588971173e-10    1.56636044539229e-08
283.999999999814    8.25213389440754e-09    2.87075510603664e-09    2.13290474523137e-09    3.05752992151081e-10    1.12628113050098e-10    1.86218394354686e-09    1.55363587944236e-08
284.499999999814    7.67328968612053e-09    1.303534056288e-09    3.0055901780593e-09    1.84539449838733e-10    3.47127241818179e-10    2.8937741889662e-09    1.54078548010909e-08
284.999999999813    4.07239685965855e-09    2.80642290975906e-09    3.62684180664492e-09    1.62258056926569e-10    1.02550326488716e-09    3.58887478192661e-09    1.52822976798029e-08
285.499999999813    1.38026015882573e-09    4.14897442459111e-09    3.91123390886315e-09    1.52838695648249e-10    1.65574894346997e-09    3.94186208562939e-09    1.51909182170276e-08
285.999999999812    3.84681822631252e-09    2.08564593794136e-09    3.87570837059836e-09    1.39260442785909e-10    1.27141458829515e-09    3.90210534374188e-09    1.51209529096752e-08
286.499999999812    5.71948969356606e-09    1.50422289250594e-09    3.51034112187666e-09    1.50047844992197e-10    7.11223548214524e-10    3.44229094299352e-09    1.50376160441489e-08
286.999999999812    5.69708923301469e-09    3.29720293571769e-09    2.75942451853175e-09    2.18719090876833e-10    3.8086792334173e-10    2.59555420481921e-09    1.49488579063019e-08
287.499999999811    8.12691037724183e-09    3.12729120361295e-09    1.76105327188775e-09    3.46838244222295e-10    7.41169517856438e-11    1.42371615651967e-09    1.48599262052701e-08
287.999999999811    1.20661092558244e-08    9.81456617442537e-10    8.30874917642772e-10    5.91753170681496e-10    8.08172706476601e-13    2.67049362170248e-10    1.4738051496468e-08
288.49999999981    8.69393554774256e-09    2.34641008728023e-09    1.74958833129465e-09    3.5107075934382e-10    5.24316424827437e-11    1.41048183142675e-09    1.46039181995707e-08
288.99999999981    4.93961723325738e-09    3.59013099425605e-09    2.77246656620212e-09    2.29780635557757e-10    3.46779178579327e-10    2.60697122510183e-09    1.44857458329545e-08
289.499999999809    4.64788828356625e-09    2.12651585631139e-09    3.43091383427196e-09    1.57122175348414e-10    6.58213612452024e-10    3.36490543474358e-09    1.43855591966936e-08
289.999999999809    4.42566434247142e-09    1.35348280165887e-09    3.69821768732739e-09    1.42270848684484e-10    9.64353144859884e-10    3.702055285614e-09    1.42860441106161e-08
290.499999999808    1.6067964614394e-09    3.81836669925564e-09    3.6546262482416e-09    1.56604740137651e-10    1.32647891874172e-09    3.63870405023033e-09    1.42015771180463e-08
290.999999999808    3.10340186455546e-09    3.40973615956114e-09    3.3011137370287e-09    1.70785327363525e-10    9.29890896182385e-10    3.2284341966643e-09    1.41433621813555e-08
291.499999999807    7.13592021628007e-09    1.31802470690478e-09    2.65356175938878e-09    1.90441208898192e-10    2.65118551283422e-10    2.50895155112064e-09    1.40720179938759e-08
291.999999999807    8.53808661446928e-09    1.76611871638559e-09    1.79260982328965e-09    3.07708582845104e-10    6.10845729201061e-11    1.50583237293496e-09    1.39714406828447e-08
292.499999999807    7.76833251738161e-09    3.50574324995437e-09    1.2812357743498e-09    4.26956320231569e-10    1.72356694005707e-11    8.6823307091326e-10    1.38677366022312e-08
292.999999999806    9.39092980435854e-09    1.5899095005586e-09    1.36430233673258e-09    4.06401347118111e-10    2.509399949508e-11    9.81376368528606e-10    1.37580133567915e-08
293.499999999806    7.16314376195633e-09    1.33282084448314e-09    2.46859045991687e-09    2.10158142065341e-10    1.56722483821172e-10    2.30610002627006e-09    1.36375357185129e-08
293.999999999805    3.11832600392473e-09    2.98393789611807e-09    3.32244596323033e-09    1.67509372201095e-10    6.78588461580811e-10    3.2557535068109e-09    1.35265612038659e-08
294.499999999805    1.96808347200985e-09    2.92288060642919e-09    3.68337443274537e-09    1.44035136372527e-10    1.0401145962523e-09    3.68905473451851e-09    1.34475429783277e-08
294.999999999804    4.07826224665036e-09    1.07272761415998e-09    3.59888541416264e-09    1.36661406475913e-10    8.89335300323094e-10    3.60382519185007e-09    1.33796971736221e-08
295.499999999804    3.57975826314689e-09    2.54009369165118e-09    3.1714708983133e-09    1.6793141597784e-10    7.53468352706977e-10    3.09258177206908e-09    1.33053043938653e-08
295.999999999803    4.09036901281327e-09    3.70971873067635e-09    2.46933760642088e-09    2.40655649555917e-10    4.36619864247159e-10    2.29542616774394e-09    1.32421270314575e-08
296.499999999803    7.9768128305242e-09    1.92973064000334e-09    1.59021062922472e-09    3.38779694222295e-10    5.87799999278985e-11    1.27192761264534e-09    1.31662414065478e-08
296.999999999802    1.03417857531713e-08    9.90329968989423e-10    8.52152351286715e-10    5.42398402562024e-10    1.2922370070959e-12    3.30299384717715e-10    1.30582580977343e-08
297.499999999802    7.08909341184999e-09    2.79732410745916e-09    1.50260327862703e-09    3.70009431813238e-10    4.30120143547778e-11    1.14539354567179e-09    1.2947435789776e-08
297.999999999802    5.28738984131244e-09    2.59387979268936e-09    2.34669696889548e-09    2.41911364858959e-10    2.38855280294727e-10    2.1399945859848e-09    1.28487278340358e-08
298.499999999801    4.63763954144134e-09    1.17688504643642e-09    3.18467893773629e-09    1.51772196478664e-10    4.97425963101777e-10    3.10340657749813e-09    1.27518082626926e-08
298.999999999801    2.54617769777361e-09    1.72326418047014e-09    3.66283305513084e-09    1.33120380475012e-10    9.30552210687275e-10    3.66335155983585e-09    1.26592990843727e-08
299.4999999998    1.18247530354756e-09    2.75529316923202e-09    3.70830341131228e-09    1.37059253238717e-10    1.11277664372328e-09    3.69587520557525e-09    1.25917829866291e-08
